2026-08-18 09:40:59 INFO  c.e.c.T.CollaborationToolApplication - Starting CollaborationToolApplication using Java 21.0.8 with PID 8372 (C:\Abraham\Code\Eclectics\Collaboration-Tool\target\classes started by pc in C:\Abraham\Code\Eclectics\Collaboration-Tool)
2026-08-18 09:40:59 INFO  c.e.c.T.CollaborationToolApplication - The following 1 profile is active: "prod"
2026-08-18 09:41:06 INFO  o.s.d.r.c.RepositoryConfigurationDelegate - Multiple Spring Data modules found, entering strict repository configuration mode
2026-08-18 09:41:06 INFO  o.s.d.r.c.RepositoryConfigurationDelegate - Bootstrapping Spring Data JPA repositories in DEFAULT mode.
2026-08-18 09:41:07 INFO  o.s.d.r.c.RepositoryConfigurationDelegate - Finished Spring Data repository scanning in 1413 ms. Found 25 JPA repository interfaces.
2026-08-18 09:41:07 INFO  o.s.d.r.c.RepositoryConfigurationDelegate - Multiple Spring Data modules found, entering strict repository configuration mode
2026-08-18 09:41:07 INFO  o.s.d.r.c.RepositoryConfigurationDelegate - Bootstrapping Spring Data Redis repositories in DEFAULT mode.
2026-08-18 09:41:08 INFO  o.s.d.r.c.RepositoryConfigurationExtensionSupport - Spring Data Redis - Could not safely identify store assignment for repository candidate interface com.eclectics.collaboration.Tool.repository.ActivityLogRepository; If you want this repository to be a Redis repository, consider annotating your entities with one of these annotations: org.springframework.data.redis.core.RedisHash (preferred), or consider extending one of the following types with your repository: org.springframework.data.keyvalue.repository.KeyValueRepository
2026-08-18 09:41:08 INFO  o.s.d.r.c.RepositoryConfigurationExtensionSupport - Spring Data Redis - Could not safely identify store assignment for repository candidate interface com.eclectics.collaboration.Tool.repository.BoardMemberRepository; If you want this repository to be a Redis repository, consider annotating your entities with one of these annotations: org.springframework.data.redis.core.RedisHash (preferred), or consider extending one of the following types with your repository: org.springframework.data.keyvalue.repository.KeyValueRepository
2026-08-18 09:41:08 INFO  o.s.d.r.c.RepositoryConfigurationExtensionSupport - Spring Data Redis - Could not safely identify store assignment for repository candidate interface com.eclectics.collaboration.Tool.repository.BoardsRepository; If you want this repository to be a Redis repository, consider annotating your entities with one of these annotations: org.springframework.data.redis.core.RedisHash (preferred), or consider extending one of the following types with your repository: org.springframework.data.keyvalue.repository.KeyValueRepository
2026-08-18 09:41:08 INFO  o.s.d.r.c.RepositoryConfigurationExtensionSupport - Spring Data Redis - Could not safely identify store assignment for repository candidate interface com.eclectics.collaboration.Tool.repository.CardAssigneeRepository; If you want this repository to be a Redis repository, consider annotating your entities with one of these annotations: org.springframework.data.redis.core.RedisHash (preferred), or consider extending one of the following types with your repository: org.springframework.data.keyvalue.repository.KeyValueRepository
2026-08-18 09:41:08 INFO  o.s.d.r.c.RepositoryConfigurationExtensionSupport - Spring Data Redis - Could not safely identify store assignment for repository candidate interface com.eclectics.collaboration.Tool.repository.CardLabelRepository; If you want this repository to be a Redis repository, consider annotating your entities with one of these annotations: org.springframework.data.redis.core.RedisHash (preferred), or consider extending one of the following types with your repository: org.springframework.data.keyvalue.repository.KeyValueRepository
2026-08-18 09:41:08 INFO  o.s.d.r.c.RepositoryConfigurationExtensionSupport - Spring Data Redis - Could not safely identify store assignment for repository candidate interface com.eclectics.collaboration.Tool.repository.CardRepository; If you want this repository to be a Redis repository, consider annotating your entities with one of these annotations: org.springframework.data.redis.core.RedisHash (preferred), or consider extending one of the following types with your repository: org.springframework.data.keyvalue.repository.KeyValueRepository
2026-08-18 09:41:08 INFO  o.s.d.r.c.RepositoryConfigurationExtensionSupport - Spring Data Redis - Could not safely identify store assignment for repository candidate interface com.eclectics.collaboration.Tool.repository.CommentMentionRepository; If you want this repository to be a Redis repository, consider annotating your entities with one of these annotations: org.springframework.data.redis.core.RedisHash (preferred), or consider extending one of the following types with your repository: org.springframework.data.keyvalue.repository.KeyValueRepository
2026-08-18 09:41:08 INFO  o.s.d.r.c.RepositoryConfigurationExtensionSupport - Spring Data Redis - Could not safely identify store assignment for repository candidate interface com.eclectics.collaboration.Tool.repository.CommentRepository; If you want this repository to be a Redis repository, consider annotating your entities with one of these annotations: org.springframework.data.redis.core.RedisHash (preferred), or consider extending one of the following types with your repository: org.springframework.data.keyvalue.repository.KeyValueRepository
2026-08-18 09:41:08 INFO  o.s.d.r.c.RepositoryConfigurationExtensionSupport - Spring Data Redis - Could not safely identify store assignment for repository candidate interface com.eclectics.collaboration.Tool.repository.DueDateReminderRepository; If you want this repository to be a Redis repository, consider annotating your entities with one of these annotations: org.springframework.data.redis.core.RedisHash (preferred), or consider extending one of the following types with your repository: org.springframework.data.keyvalue.repository.KeyValueRepository
2026-08-18 09:41:08 INFO  o.s.d.r.c.RepositoryConfigurationExtensionSupport - Spring Data Redis - Could not safely identify store assignment for repository candidate interface com.eclectics.collaboration.Tool.repository.FAQRepository; If you want this repository to be a Redis repository, consider annotating your entities with one of these annotations: org.springframework.data.redis.core.RedisHash (preferred), or consider extending one of the following types with your repository: org.springframework.data.keyvalue.repository.KeyValueRepository
2026-08-18 09:41:08 INFO  o.s.d.r.c.RepositoryConfigurationExtensionSupport - Spring Data Redis - Could not safely identify store assignment for repository candidate interface com.eclectics.collaboration.Tool.repository.InvitationRepository; If you want this repository to be a Redis repository, consider annotating your entities with one of these annotations: org.springframework.data.redis.core.RedisHash (preferred), or consider extending one of the following types with your repository: org.springframework.data.keyvalue.repository.KeyValueRepository
2026-08-18 09:41:08 INFO  o.s.d.r.c.RepositoryConfigurationExtensionSupport - Spring Data Redis - Could not safely identify store assignment for repository candidate interface com.eclectics.collaboration.Tool.repository.IssueRepository; If you want this repository to be a Redis repository, consider annotating your entities with one of these annotations: org.springframework.data.redis.core.RedisHash (preferred), or consider extending one of the following types with your repository: org.springframework.data.keyvalue.repository.KeyValueRepository
2026-08-18 09:41:08 INFO  o.s.d.r.c.RepositoryConfigurationExtensionSupport - Spring Data Redis - Could not safely identify store assignment for repository candidate interface com.eclectics.collaboration.Tool.repository.LabelRepository; If you want this repository to be a Redis repository, consider annotating your entities with one of these annotations: org.springframework.data.redis.core.RedisHash (preferred), or consider extending one of the following types with your repository: org.springframework.data.keyvalue.repository.KeyValueRepository
2026-08-18 09:41:08 INFO  o.s.d.r.c.RepositoryConfigurationExtensionSupport - Spring Data Redis - Could not safely identify store assignment for repository candidate interface com.eclectics.collaboration.Tool.repository.ListEntityRepository; If you want this repository to be a Redis repository, consider annotating your entities with one of these annotations: org.springframework.data.redis.core.RedisHash (preferred), or consider extending one of the following types with your repository: org.springframework.data.keyvalue.repository.KeyValueRepository
2026-08-18 09:41:08 INFO  o.s.d.r.c.RepositoryConfigurationExtensionSupport - Spring Data Redis - Could not safely identify store assignment for repository candidate interface com.eclectics.collaboration.Tool.repository.NotificationPreferenceRepository; If you want this repository to be a Redis repository, consider annotating your entities with one of these annotations: org.springframework.data.redis.core.RedisHash (preferred), or consider extending one of the following types with your repository: org.springframework.data.keyvalue.repository.KeyValueRepository
2026-08-18 09:41:08 INFO  o.s.d.r.c.RepositoryConfigurationExtensionSupport - Spring Data Redis - Could not safely identify store assignment for repository candidate interface com.eclectics.collaboration.Tool.repository.NotificationRepository; If you want this repository to be a Redis repository, consider annotating your entities with one of these annotations: org.springframework.data.redis.core.RedisHash (preferred), or consider extending one of the following types with your repository: org.springframework.data.keyvalue.repository.KeyValueRepository
2026-08-18 09:41:08 INFO  o.s.d.r.c.RepositoryConfigurationExtensionSupport - Spring Data Redis - Could not safely identify store assignment for repository candidate interface com.eclectics.collaboration.Tool.repository.RefreshTokenRepository; If you want this repository to be a Redis repository, consider annotating your entities with one of these annotations: org.springframework.data.redis.core.RedisHash (preferred), or consider extending one of the following types with your repository: org.springframework.data.keyvalue.repository.KeyValueRepository
2026-08-18 09:41:08 INFO  o.s.d.r.c.RepositoryConfigurationExtensionSupport - Spring Data Redis - Could not safely identify store assignment for repository candidate interface com.eclectics.collaboration.Tool.repository.StarredBoardRepository; If you want this repository to be a Redis repository, consider annotating your entities with one of these annotations: org.springframework.data.redis.core.RedisHash (preferred), or consider extending one of the following types with your repository: org.springframework.data.keyvalue.repository.KeyValueRepository
2026-08-18 09:41:08 INFO  o.s.d.r.c.RepositoryConfigurationExtensionSupport - Spring Data Redis - Could not safely identify store assignment for repository candidate interface com.eclectics.collaboration.Tool.repository.StarredWorkspaceRepository; If you want this repository to be a Redis repository, consider annotating your entities with one of these annotations: org.springframework.data.redis.core.RedisHash (preferred), or consider extending one of the following types with your repository: org.springframework.data.keyvalue.repository.KeyValueRepository
2026-08-18 09:41:08 INFO  o.s.d.r.c.RepositoryConfigurationExtensionSupport - Spring Data Redis - Could not safely identify store assignment for repository candidate interface com.eclectics.collaboration.Tool.repository.SystemConfigRepository; If you want this repository to be a Redis repository, consider annotating your entities with one of these annotations: org.springframework.data.redis.core.RedisHash (preferred), or consider extending one of the following types with your repository: org.springframework.data.keyvalue.repository.KeyValueRepository
2026-08-18 09:41:08 INFO  o.s.d.r.c.RepositoryConfigurationExtensionSupport - Spring Data Redis - Could not safely identify store assignment for repository candidate interface com.eclectics.collaboration.Tool.repository.TalkRepository; If you want this repository to be a Redis repository, consider annotating your entities with one of these annotations: org.springframework.data.redis.core.RedisHash (preferred), or consider extending one of the following types with your repository: org.springframework.data.keyvalue.repository.KeyValueRepository
2026-08-18 09:41:08 INFO  o.s.d.r.c.RepositoryConfigurationExtensionSupport - Spring Data Redis - Could not safely identify store assignment for repository candidate interface com.eclectics.collaboration.Tool.repository.UserRecentBoardRepository; If you want this repository to be a Redis repository, consider annotating your entities with one of these annotations: org.springframework.data.redis.core.RedisHash (preferred), or consider extending one of the following types with your repository: org.springframework.data.keyvalue.repository.KeyValueRepository
2026-08-18 09:41:08 INFO  o.s.d.r.c.RepositoryConfigurationExtensionSupport - Spring Data Redis - Could not safely identify store assignment for repository candidate interface com.eclectics.collaboration.Tool.repository.UserRespository; If you want this repository to be a Redis repository, consider annotating your entities with one of these annotations: org.springframework.data.redis.core.RedisHash (preferred), or consider extending one of the following types with your repository: org.springframework.data.keyvalue.repository.KeyValueRepository
2026-08-18 09:41:08 INFO  o.s.d.r.c.RepositoryConfigurationExtensionSupport - Spring Data Redis - Could not safely identify store assignment for repository candidate interface com.eclectics.collaboration.Tool.repository.WorkSpaceMemberRepository; If you want this repository to be a Redis repository, consider annotating your entities with one of these annotations: org.springframework.data.redis.core.RedisHash (preferred), or consider extending one of the following types with your repository: org.springframework.data.keyvalue.repository.KeyValueRepository
2026-08-18 09:41:08 INFO  o.s.d.r.c.RepositoryConfigurationExtensionSupport - Spring Data Redis - Could not safely identify store assignment for repository candidate interface com.eclectics.collaboration.Tool.repository.WorkSpaceReposiroty; If you want this repository to be a Redis repository, consider annotating your entities with one of these annotations: org.springframework.data.redis.core.RedisHash (preferred), or consider extending one of the following types with your repository: org.springframework.data.keyvalue.repository.KeyValueRepository
2026-08-18 09:41:08 INFO  o.s.d.r.c.RepositoryConfigurationDelegate - Finished Spring Data repository scanning in 109 ms. Found 0 Redis repository interfaces.
2026-08-18 09:41:12 INFO  o.s.boot.tomcat.TomcatWebServer - Tomcat initialized with port 8084 (http)
2026-08-18 09:41:12 INFO  o.a.coyote.http11.Http11NioProtocol - Initializing ProtocolHandler ["http-nio-0.0.0.0-8084"]
2026-08-18 09:41:12 INFO  o.a.catalina.core.StandardService - Starting service [Tomcat]
2026-08-18 09:41:12 INFO  o.a.catalina.core.StandardEngine - Starting Servlet engine: [Apache Tomcat/11.0.15]
2026-08-18 09:41:12 INFO  o.s.b.w.c.s.WebApplicationContextInitializer - Root WebApplicationContext: initialization completed in 13018 ms
2026-08-18 09:41:13 INFO  com.zaxxer.hikari.HikariDataSource - HikariPool-1 - Starting...
2026-08-18 09:41:14 INFO  com.zaxxer.hikari.pool.HikariPool - HikariPool-1 - Added connection org.postgresql.jdbc.PgConnection@26679788
2026-08-18 09:41:14 INFO  com.zaxxer.hikari.HikariDataSource - HikariPool-1 - Start completed.
2026-08-18 09:41:14 INFO  org.hibernate.orm.jpa - HHH008540: Processing PersistenceUnitInfo [name: default]
2026-08-18 09:41:15 INFO  org.hibernate.orm.core - HHH000001: Hibernate ORM core version 7.2.1.Final
2026-08-18 09:41:18 INFO  o.s.o.j.p.SpringPersistenceUnitInfo - No LoadTimeWeaver setup: ignoring JPA class transformer
2026-08-18 09:41:19 INFO  o.hibernate.orm.connections.pooling - HHH10001005: Database info:
	Database JDBC URL [jdbc:postgresql://localhost:5432/collaborationTool]
	Database driver: PostgreSQL JDBC Driver
	Database dialect: PostgreSQLDialect
	Database version: 17.6
	Default catalog/schema: collaborationTool/public
	Autocommit mode: undefined/unknown
	Isolation level: READ_COMMITTED [default READ_COMMITTED]
	JDBC fetch size: none
	Pool: DataSourceConnectionProvider
	Minimum pool size: undefined/unknown
	Maximum pool size: undefined/unknown
2026-08-18 09:41:27 INFO  org.hibernate.orm.core - HHH000489: No JTA platform available (set 'hibernate.transaction.jta.platform' to enable JTA platform integration)
2026-08-18 09:41:28 INFO  o.s.o.j.LocalContainerEntityManagerFactoryBean - Initialized JPA EntityManagerFactory for persistence unit 'default'
2026-08-18 09:41:29 INFO  o.s.d.j.r.q.QueryEnhancerFactories - Hibernate is in classpath; If applicable, HQL parser will be used.
2026-08-18 09:41:47 WARN  o.s.b.j.a.JpaBaseConfiguration$JpaWebConfiguration - spring.jpa.open-in-view is enabled by default. Therefore, database queries may be performed during view rendering. Explicitly configure spring.jpa.open-in-view to disable this warning
2026-08-18 09:41:48 INFO  o.s.v.b.OptionalValidatorFactoryBean - Failed to set up a Bean Validation provider: jakarta.validation.NoProviderFoundException: Unable to create a Configuration, because no Jakarta Validation provider could be found. Add a provider like Hibernate Validator (RI) to your classpath.
2026-08-18 09:41:55 INFO  o.s.m.s.b.SimpleBrokerMessageHandler - Starting...
2026-08-18 09:41:55 INFO  o.s.m.s.b.SimpleBrokerMessageHandler - BrokerAvailabilityEvent[available=true, SimpleBrokerMessageHandler [org.springframework.messaging.simp.broker.DefaultSubscriptionRegistry@72bb0967]]
2026-08-18 09:41:55 INFO  o.s.m.s.b.SimpleBrokerMessageHandler - Started.
2026-08-18 09:41:55 INFO  o.a.coyote.http11.Http11NioProtocol - Starting ProtocolHandler ["http-nio-0.0.0.0-8084"]
2026-08-18 09:41:55 INFO  o.s.boot.tomcat.TomcatWebServer - Tomcat started on port 8084 (http) with context path '/'
2026-08-18 09:41:56 INFO  c.e.c.T.CollaborationToolApplication - Started CollaborationToolApplication in 60.658 seconds (process running for 67.829)
2026-08-18 09:41:57 INFO  c.e.c.Tool.configuration.AdminSeeder - >>> Admin already exists, skipping: nthengeabraham952@gmail.com
2026-08-18 09:41:57 INFO  c.e.c.Tool.configuration.AdminSeeder - >>> Admin already exists, skipping: chepkemoisheilah794@gmail.com
2026-08-18 09:42:55 INFO  o.s.w.s.c.WebSocketMessageBrokerStats - WebSocketSession[0 current WS(0)-HttpStream(0)-HttpPoll(0), 0 total, 0 closed abnormally (0 connect failure, 0 send limit, 0 transport error)], stompSubProtocol[processed CONNECT(0)-CONNECTED(0)-DISCONNECT(0)], stompBrokerRelay[null], inboundChannel[pool size = 0, active threads = 0, queued tasks = 0, completed tasks = 0], outboundChannel[pool size = 0, active threads = 0, queued tasks = 0, completed tasks = 0], sockJsScheduler[pool size = 4, active threads = 1, queued tasks = 3, completed tasks = 3]
2026-08-18 09:47:29 INFO  o.s.boot.tomcat.GracefulShutdown - Commencing graceful shutdown. Waiting for active requests to complete
2026-08-18 09:47:29 INFO  o.s.boot.tomcat.GracefulShutdown - Graceful shutdown complete
2026-08-18 09:47:29 INFO  o.s.m.s.b.SimpleBrokerMessageHandler - Stopping...
2026-08-18 09:47:29 INFO  o.s.m.s.b.SimpleBrokerMessageHandler - BrokerAvailabilityEvent[available=false, SimpleBrokerMessageHandler [org.springframework.messaging.simp.broker.DefaultSubscriptionRegistry@72bb0967]]
2026-08-18 09:47:29 INFO  o.s.m.s.b.SimpleBrokerMessageHandler - Stopped.
2026-08-18 09:47:30 INFO  o.s.o.j.LocalContainerEntityManagerFactoryBean - Closing JPA EntityManagerFactory for persistence unit 'default'
2026-08-18 09:47:30 INFO  com.zaxxer.hikari.HikariDataSource - HikariPool-1 - Shutdown initiated...
2026-08-18 09:47:30 INFO  com.zaxxer.hikari.HikariDataSource - HikariPool-1 - Shutdown completed.
2026-08-18 09:47:53 INFO  c.e.c.T.CollaborationToolApplication - Starting CollaborationToolApplication using Java 21.0.8 with PID 23184 (C:\Abraham\Code\Eclectics\Collaboration-Tool\target\classes started by pc in C:\Abraham\Code\Eclectics\Collaboration-Tool)
2026-08-18 09:47:53 INFO  c.e.c.T.CollaborationToolApplication - The following 1 profile is active: "prod"
2026-08-18 09:47:58 INFO  o.s.d.r.c.RepositoryConfigurationDelegate - Multiple Spring Data modules found, entering strict repository configuration mode
2026-08-18 09:47:58 INFO  o.s.d.r.c.RepositoryConfigurationDelegate - Bootstrapping Spring Data JPA repositories in DEFAULT mode.
2026-08-18 09:47:59 INFO  o.s.d.r.c.RepositoryConfigurationDelegate - Finished Spring Data repository scanning in 809 ms. Found 25 JPA repository interfaces.
2026-08-18 09:47:59 INFO  o.s.d.r.c.RepositoryConfigurationDelegate - Multiple Spring Data modules found, entering strict repository configuration mode
2026-08-18 09:47:59 INFO  o.s.d.r.c.RepositoryConfigurationDelegate - Bootstrapping Spring Data Redis repositories in DEFAULT mode.
2026-08-18 09:47:59 WARN  o.s.b.w.s.s.c.AnnotationConfigServletWebServerApplicationContext - Exception encountered during context initialization - cancelling refresh attempt: org.springframework.beans.factory.support.BeanDefinitionOverrideException: Invalid bean definition with name 'commentRepository' defined in com.eclectics.collaboration.Tool.repository.CommentRepository defined in @EnableRedisRepositories declared on DataRedisRepositoriesRegistrar.EnableRedisRepositoriesConfiguration: Cannot register bean definition [Root bean: class=org.springframework.data.redis.repository.support.RedisRepositoryFactoryBean; scope=; abstract=false; lazyInit=false; autowireMode=0; dependencyCheck=0; autowireCandidate=true; primary=false; fallback=false; factoryBeanName=null; factoryMethodName=null; initMethodNames=null; destroyMethodNames=null; defined in com.eclectics.collaboration.Tool.repository.CommentRepository defined in @EnableRedisRepositories declared on DataRedisRepositoriesRegistrar.EnableRedisRepositoriesConfiguration] for bean 'commentRepository' since there is already [Root bean: class=org.springframework.data.jpa.repository.support.JpaRepositoryFactoryBean; scope=; abstract=false; lazyInit=false; autowireMode=0; dependencyCheck=0; autowireCandidate=true; primary=false; fallback=false; factoryBeanName=null; factoryMethodName=null; initMethodNames=null; destroyMethodNames=null; defined in com.eclectics.collaboration.Tool.repository.CommentRepository defined in @EnableJpaRepositories declared on DataJpaRepositoriesRegistrar.EnableJpaRepositoriesConfiguration] bound.
2026-08-18 09:47:59 INFO  o.s.b.a.l.ConditionEvaluationReportLogger - 

Error starting ApplicationContext. To display the condition evaluation report re-run your application with 'debug' enabled.
2026-08-18 09:47:59 ERROR o.s.b.d.LoggingFailureAnalysisReporter - 

***************************
APPLICATION FAILED TO START
***************************

Description:

The bean 'commentRepository', defined in com.eclectics.collaboration.Tool.repository.CommentRepository defined in @EnableRedisRepositories declared on DataRedisRepositoriesRegistrar.EnableRedisRepositoriesConfiguration, could not be registered. A bean with that name has already been defined in com.eclectics.collaboration.Tool.repository.CommentRepository defined in @EnableJpaRepositories declared on DataJpaRepositoriesRegistrar.EnableJpaRepositoriesConfiguration and overriding is disabled.

Action:

Consider renaming one of the beans or enabling overriding by setting spring.main.allow-bean-definition-overriding=true

2026-08-18 09:49:03 INFO  c.e.c.T.CollaborationToolApplication - Starting CollaborationToolApplication using Java 21.0.8 with PID 20704 (C:\Abraham\Code\Eclectics\Collaboration-Tool\target\classes started by pc in C:\Abraham\Code\Eclectics\Collaboration-Tool)
2026-08-18 09:49:03 INFO  c.e.c.T.CollaborationToolApplication - The following 1 profile is active: "prod"
2026-08-18 09:49:07 INFO  o.s.d.r.c.RepositoryConfigurationDelegate - Multiple Spring Data modules found, entering strict repository configuration mode
2026-08-18 09:49:07 INFO  o.s.d.r.c.RepositoryConfigurationDelegate - Bootstrapping Spring Data JPA repositories in DEFAULT mode.
2026-08-18 09:49:08 INFO  o.s.d.r.c.RepositoryConfigurationDelegate - Finished Spring Data repository scanning in 735 ms. Found 25 JPA repository interfaces.
2026-08-18 09:49:08 INFO  o.s.d.r.c.RepositoryConfigurationDelegate - Multiple Spring Data modules found, entering strict repository configuration mode
2026-08-18 09:49:08 INFO  o.s.d.r.c.RepositoryConfigurationDelegate - Bootstrapping Spring Data Redis repositories in DEFAULT mode.
2026-08-18 09:49:08 INFO  o.s.d.r.c.RepositoryConfigurationExtensionSupport - Spring Data Redis - Could not safely identify store assignment for repository candidate interface com.eclectics.collaboration.Tool.repository.CommentRepository; If you want this repository to be a Redis repository, consider annotating your entities with one of these annotations: org.springframework.data.redis.core.RedisHash (preferred), or consider extending one of the following types with your repository: org.springframework.data.keyvalue.repository.KeyValueRepository
2026-08-18 09:49:08 WARN  o.s.b.w.s.s.c.AnnotationConfigServletWebServerApplicationContext - Exception encountered during context initialization - cancelling refresh attempt: org.springframework.beans.factory.support.BeanDefinitionOverrideException: Invalid bean definition with name 'labelRepository' defined in com.eclectics.collaboration.Tool.repository.LabelRepository defined in @EnableRedisRepositories declared on DataRedisRepositoriesRegistrar.EnableRedisRepositoriesConfiguration: Cannot register bean definition [Root bean: class=org.springframework.data.redis.repository.support.RedisRepositoryFactoryBean; scope=; abstract=false; lazyInit=false; autowireMode=0; dependencyCheck=0; autowireCandidate=true; primary=false; fallback=false; factoryBeanName=null; factoryMethodName=null; initMethodNames=null; destroyMethodNames=null; defined in com.eclectics.collaboration.Tool.repository.LabelRepository defined in @EnableRedisRepositories declared on DataRedisRepositoriesRegistrar.EnableRedisRepositoriesConfiguration] for bean 'labelRepository' since there is already [Root bean: class=org.springframework.data.jpa.repository.support.JpaRepositoryFactoryBean; scope=; abstract=false; lazyInit=false; autowireMode=0; dependencyCheck=0; autowireCandidate=true; primary=false; fallback=false; factoryBeanName=null; factoryMethodName=null; initMethodNames=null; destroyMethodNames=null; defined in com.eclectics.collaboration.Tool.repository.LabelRepository defined in @EnableJpaRepositories declared on DataJpaRepositoriesRegistrar.EnableJpaRepositoriesConfiguration] bound.
2026-08-18 09:49:08 INFO  o.s.b.a.l.ConditionEvaluationReportLogger - 

Error starting ApplicationContext. To display the condition evaluation report re-run your application with 'debug' enabled.
2026-08-18 09:49:09 ERROR o.s.b.d.LoggingFailureAnalysisReporter - 

***************************
APPLICATION FAILED TO START
***************************

Description:

The bean 'labelRepository', defined in com.eclectics.collaboration.Tool.repository.LabelRepository defined in @EnableRedisRepositories declared on DataRedisRepositoriesRegistrar.EnableRedisRepositoriesConfiguration, could not be registered. A bean with that name has already been defined in com.eclectics.collaboration.Tool.repository.LabelRepository defined in @EnableJpaRepositories declared on DataJpaRepositoriesRegistrar.EnableJpaRepositoriesConfiguration and overriding is disabled.

Action:

Consider renaming one of the beans or enabling overriding by setting spring.main.allow-bean-definition-overriding=true

2026-08-18 09:50:43 INFO  c.e.c.T.CollaborationToolApplication - Starting CollaborationToolApplication using Java 21.0.8 with PID 24224 (C:\Abraham\Code\Eclectics\Collaboration-Tool\target\classes started by pc in C:\Abraham\Code\Eclectics\Collaboration-Tool)
2026-08-18 09:50:43 INFO  c.e.c.T.CollaborationToolApplication - The following 1 profile is active: "prod"
2026-08-18 09:50:48 INFO  o.s.d.r.c.RepositoryConfigurationDelegate - Multiple Spring Data modules found, entering strict repository configuration mode
2026-08-18 09:50:48 INFO  o.s.d.r.c.RepositoryConfigurationDelegate - Bootstrapping Spring Data JPA repositories in DEFAULT mode.
2026-08-18 09:50:48 INFO  o.s.d.r.c.RepositoryConfigurationDelegate - Finished Spring Data repository scanning in 659 ms. Found 25 JPA repository interfaces.
2026-08-18 09:50:49 INFO  o.s.d.r.c.RepositoryConfigurationDelegate - Multiple Spring Data modules found, entering strict repository configuration mode
2026-08-18 09:50:49 INFO  o.s.d.r.c.RepositoryConfigurationDelegate - Bootstrapping Spring Data Redis repositories in DEFAULT mode.
2026-08-18 09:50:49 INFO  o.s.d.r.c.RepositoryConfigurationExtensionSupport - Spring Data Redis - Could not safely identify store assignment for repository candidate interface com.eclectics.collaboration.Tool.repository.ActivityLogRepository; If you want this repository to be a Redis repository, consider annotating your entities with one of these annotations: org.springframework.data.redis.core.RedisHash (preferred), or consider extending one of the following types with your repository: org.springframework.data.keyvalue.repository.KeyValueRepository
2026-08-18 09:50:49 INFO  o.s.d.r.c.RepositoryConfigurationExtensionSupport - Spring Data Redis - Could not safely identify store assignment for repository candidate interface com.eclectics.collaboration.Tool.repository.BoardMemberRepository; If you want this repository to be a Redis repository, consider annotating your entities with one of these annotations: org.springframework.data.redis.core.RedisHash (preferred), or consider extending one of the following types with your repository: org.springframework.data.keyvalue.repository.KeyValueRepository
2026-08-18 09:50:49 INFO  o.s.d.r.c.RepositoryConfigurationExtensionSupport - Spring Data Redis - Could not safely identify store assignment for repository candidate interface com.eclectics.collaboration.Tool.repository.BoardsRepository; If you want this repository to be a Redis repository, consider annotating your entities with one of these annotations: org.springframework.data.redis.core.RedisHash (preferred), or consider extending one of the following types with your repository: org.springframework.data.keyvalue.repository.KeyValueRepository
2026-08-18 09:50:49 INFO  o.s.d.r.c.RepositoryConfigurationExtensionSupport - Spring Data Redis - Could not safely identify store assignment for repository candidate interface com.eclectics.collaboration.Tool.repository.CardAssigneeRepository; If you want this repository to be a Redis repository, consider annotating your entities with one of these annotations: org.springframework.data.redis.core.RedisHash (preferred), or consider extending one of the following types with your repository: org.springframework.data.keyvalue.repository.KeyValueRepository
2026-08-18 09:50:49 INFO  o.s.d.r.c.RepositoryConfigurationExtensionSupport - Spring Data Redis - Could not safely identify store assignment for repository candidate interface com.eclectics.collaboration.Tool.repository.CardLabelRepository; If you want this repository to be a Redis repository, consider annotating your entities with one of these annotations: org.springframework.data.redis.core.RedisHash (preferred), or consider extending one of the following types with your repository: org.springframework.data.keyvalue.repository.KeyValueRepository
2026-08-18 09:50:49 INFO  o.s.d.r.c.RepositoryConfigurationExtensionSupport - Spring Data Redis - Could not safely identify store assignment for repository candidate interface com.eclectics.collaboration.Tool.repository.CardRepository; If you want this repository to be a Redis repository, consider annotating your entities with one of these annotations: org.springframework.data.redis.core.RedisHash (preferred), or consider extending one of the following types with your repository: org.springframework.data.keyvalue.repository.KeyValueRepository
2026-08-18 09:50:49 INFO  o.s.d.r.c.RepositoryConfigurationExtensionSupport - Spring Data Redis - Could not safely identify store assignment for repository candidate interface com.eclectics.collaboration.Tool.repository.CommentMentionRepository; If you want this repository to be a Redis repository, consider annotating your entities with one of these annotations: org.springframework.data.redis.core.RedisHash (preferred), or consider extending one of the following types with your repository: org.springframework.data.keyvalue.repository.KeyValueRepository
2026-08-18 09:50:49 INFO  o.s.d.r.c.RepositoryConfigurationExtensionSupport - Spring Data Redis - Could not safely identify store assignment for repository candidate interface com.eclectics.collaboration.Tool.repository.CommentRepository; If you want this repository to be a Redis repository, consider annotating your entities with one of these annotations: org.springframework.data.redis.core.RedisHash (preferred), or consider extending one of the following types with your repository: org.springframework.data.keyvalue.repository.KeyValueRepository
2026-08-18 09:50:49 INFO  o.s.d.r.c.RepositoryConfigurationExtensionSupport - Spring Data Redis - Could not safely identify store assignment for repository candidate interface com.eclectics.collaboration.Tool.repository.DueDateReminderRepository; If you want this repository to be a Redis repository, consider annotating your entities with one of these annotations: org.springframework.data.redis.core.RedisHash (preferred), or consider extending one of the following types with your repository: org.springframework.data.keyvalue.repository.KeyValueRepository
2026-08-18 09:50:49 INFO  o.s.d.r.c.RepositoryConfigurationExtensionSupport - Spring Data Redis - Could not safely identify store assignment for repository candidate interface com.eclectics.collaboration.Tool.repository.FAQRepository; If you want this repository to be a Redis repository, consider annotating your entities with one of these annotations: org.springframework.data.redis.core.RedisHash (preferred), or consider extending one of the following types with your repository: org.springframework.data.keyvalue.repository.KeyValueRepository
2026-08-18 09:50:49 INFO  o.s.d.r.c.RepositoryConfigurationExtensionSupport - Spring Data Redis - Could not safely identify store assignment for repository candidate interface com.eclectics.collaboration.Tool.repository.InvitationRepository; If you want this repository to be a Redis repository, consider annotating your entities with one of these annotations: org.springframework.data.redis.core.RedisHash (preferred), or consider extending one of the following types with your repository: org.springframework.data.keyvalue.repository.KeyValueRepository
2026-08-18 09:50:49 INFO  o.s.d.r.c.RepositoryConfigurationExtensionSupport - Spring Data Redis - Could not safely identify store assignment for repository candidate interface com.eclectics.collaboration.Tool.repository.IssueRepository; If you want this repository to be a Redis repository, consider annotating your entities with one of these annotations: org.springframework.data.redis.core.RedisHash (preferred), or consider extending one of the following types with your repository: org.springframework.data.keyvalue.repository.KeyValueRepository
2026-08-18 09:50:49 INFO  o.s.d.r.c.RepositoryConfigurationExtensionSupport - Spring Data Redis - Could not safely identify store assignment for repository candidate interface com.eclectics.collaboration.Tool.repository.LabelRepository; If you want this repository to be a Redis repository, consider annotating your entities with one of these annotations: org.springframework.data.redis.core.RedisHash (preferred), or consider extending one of the following types with your repository: org.springframework.data.keyvalue.repository.KeyValueRepository
2026-08-18 09:50:49 INFO  o.s.d.r.c.RepositoryConfigurationExtensionSupport - Spring Data Redis - Could not safely identify store assignment for repository candidate interface com.eclectics.collaboration.Tool.repository.ListEntityRepository; If you want this repository to be a Redis repository, consider annotating your entities with one of these annotations: org.springframework.data.redis.core.RedisHash (preferred), or consider extending one of the following types with your repository: org.springframework.data.keyvalue.repository.KeyValueRepository
2026-08-18 09:50:49 INFO  o.s.d.r.c.RepositoryConfigurationExtensionSupport - Spring Data Redis - Could not safely identify store assignment for repository candidate interface com.eclectics.collaboration.Tool.repository.NotificationPreferenceRepository; If you want this repository to be a Redis repository, consider annotating your entities with one of these annotations: org.springframework.data.redis.core.RedisHash (preferred), or consider extending one of the following types with your repository: org.springframework.data.keyvalue.repository.KeyValueRepository
2026-08-18 09:50:49 INFO  o.s.d.r.c.RepositoryConfigurationExtensionSupport - Spring Data Redis - Could not safely identify store assignment for repository candidate interface com.eclectics.collaboration.Tool.repository.NotificationRepository; If you want this repository to be a Redis repository, consider annotating your entities with one of these annotations: org.springframework.data.redis.core.RedisHash (preferred), or consider extending one of the following types with your repository: org.springframework.data.keyvalue.repository.KeyValueRepository
2026-08-18 09:50:49 INFO  o.s.d.r.c.RepositoryConfigurationExtensionSupport - Spring Data Redis - Could not safely identify store assignment for repository candidate interface com.eclectics.collaboration.Tool.repository.RefreshTokenRepository; If you want this repository to be a Redis repository, consider annotating your entities with one of these annotations: org.springframework.data.redis.core.RedisHash (preferred), or consider extending one of the following types with your repository: org.springframework.data.keyvalue.repository.KeyValueRepository
2026-08-18 09:50:49 INFO  o.s.d.r.c.RepositoryConfigurationExtensionSupport - Spring Data Redis - Could not safely identify store assignment for repository candidate interface com.eclectics.collaboration.Tool.repository.StarredBoardRepository; If you want this repository to be a Redis repository, consider annotating your entities with one of these annotations: org.springframework.data.redis.core.RedisHash (preferred), or consider extending one of the following types with your repository: org.springframework.data.keyvalue.repository.KeyValueRepository
2026-08-18 09:50:49 INFO  o.s.d.r.c.RepositoryConfigurationExtensionSupport - Spring Data Redis - Could not safely identify store assignment for repository candidate interface com.eclectics.collaboration.Tool.repository.StarredWorkspaceRepository; If you want this repository to be a Redis repository, consider annotating your entities with one of these annotations: org.springframework.data.redis.core.RedisHash (preferred), or consider extending one of the following types with your repository: org.springframework.data.keyvalue.repository.KeyValueRepository
2026-08-18 09:50:49 INFO  o.s.d.r.c.RepositoryConfigurationExtensionSupport - Spring Data Redis - Could not safely identify store assignment for repository candidate interface com.eclectics.collaboration.Tool.repository.SystemConfigRepository; If you want this repository to be a Redis repository, consider annotating your entities with one of these annotations: org.springframework.data.redis.core.RedisHash (preferred), or consider extending one of the following types with your repository: org.springframework.data.keyvalue.repository.KeyValueRepository
2026-08-18 09:50:49 INFO  o.s.d.r.c.RepositoryConfigurationExtensionSupport - Spring Data Redis - Could not safely identify store assignment for repository candidate interface com.eclectics.collaboration.Tool.repository.TalkRepository; If you want this repository to be a Redis repository, consider annotating your entities with one of these annotations: org.springframework.data.redis.core.RedisHash (preferred), or consider extending one of the following types with your repository: org.springframework.data.keyvalue.repository.KeyValueRepository
2026-08-18 09:50:49 INFO  o.s.d.r.c.RepositoryConfigurationExtensionSupport - Spring Data Redis - Could not safely identify store assignment for repository candidate interface com.eclectics.collaboration.Tool.repository.UserRecentBoardRepository; If you want this repository to be a Redis repository, consider annotating your entities with one of these annotations: org.springframework.data.redis.core.RedisHash (preferred), or consider extending one of the following types with your repository: org.springframework.data.keyvalue.repository.KeyValueRepository
2026-08-18 09:50:49 INFO  o.s.d.r.c.RepositoryConfigurationExtensionSupport - Spring Data Redis - Could not safely identify store assignment for repository candidate interface com.eclectics.collaboration.Tool.repository.UserRespository; If you want this repository to be a Redis repository, consider annotating your entities with one of these annotations: org.springframework.data.redis.core.RedisHash (preferred), or consider extending one of the following types with your repository: org.springframework.data.keyvalue.repository.KeyValueRepository
2026-08-18 09:50:49 INFO  o.s.d.r.c.RepositoryConfigurationExtensionSupport - Spring Data Redis - Could not safely identify store assignment for repository candidate interface com.eclectics.collaboration.Tool.repository.WorkSpaceMemberRepository; If you want this repository to be a Redis repository, consider annotating your entities with one of these annotations: org.springframework.data.redis.core.RedisHash (preferred), or consider extending one of the following types with your repository: org.springframework.data.keyvalue.repository.KeyValueRepository
2026-08-18 09:50:49 INFO  o.s.d.r.c.RepositoryConfigurationExtensionSupport - Spring Data Redis - Could not safely identify store assignment for repository candidate interface com.eclectics.collaboration.Tool.repository.WorkSpaceReposiroty; If you want this repository to be a Redis repository, consider annotating your entities with one of these annotations: org.springframework.data.redis.core.RedisHash (preferred), or consider extending one of the following types with your repository: org.springframework.data.keyvalue.repository.KeyValueRepository
2026-08-18 09:50:49 INFO  o.s.d.r.c.RepositoryConfigurationDelegate - Finished Spring Data repository scanning in 82 ms. Found 0 Redis repository interfaces.
2026-08-18 09:50:51 INFO  o.s.boot.tomcat.TomcatWebServer - Tomcat initialized with port 8084 (http)
2026-08-18 09:50:51 INFO  o.a.coyote.http11.Http11NioProtocol - Initializing ProtocolHandler ["http-nio-0.0.0.0-8084"]
2026-08-18 09:50:51 INFO  o.a.catalina.core.StandardService - Starting service [Tomcat]
2026-08-18 09:50:51 INFO  o.a.catalina.core.StandardEngine - Starting Servlet engine: [Apache Tomcat/11.0.15]
2026-08-18 09:50:51 INFO  o.s.b.w.c.s.WebApplicationContextInitializer - Root WebApplicationContext: initialization completed in 7726 ms
2026-08-18 09:50:52 INFO  com.zaxxer.hikari.HikariDataSource - HikariPool-1 - Starting...
2026-08-18 09:50:52 INFO  com.zaxxer.hikari.pool.HikariPool - HikariPool-1 - Added connection org.postgresql.jdbc.PgConnection@35d114f4
2026-08-18 09:50:52 INFO  com.zaxxer.hikari.HikariDataSource - HikariPool-1 - Start completed.
2026-08-18 09:50:53 INFO  org.hibernate.orm.jpa - HHH008540: Processing PersistenceUnitInfo [name: default]
2026-08-18 09:50:53 INFO  org.hibernate.orm.core - HHH000001: Hibernate ORM core version 7.2.1.Final
2026-08-18 09:50:55 INFO  o.s.o.j.p.SpringPersistenceUnitInfo - No LoadTimeWeaver setup: ignoring JPA class transformer
2026-08-18 09:50:56 INFO  o.hibernate.orm.connections.pooling - HHH10001005: Database info:
	Database JDBC URL [jdbc:postgresql://localhost:5432/collaborationTool]
	Database driver: PostgreSQL JDBC Driver
	Database dialect: PostgreSQLDialect
	Database version: 17.6
	Default catalog/schema: collaborationTool/public
	Autocommit mode: undefined/unknown
	Isolation level: READ_COMMITTED [default READ_COMMITTED]
	JDBC fetch size: none
	Pool: DataSourceConnectionProvider
	Minimum pool size: undefined/unknown
	Maximum pool size: undefined/unknown
2026-08-18 09:50:59 INFO  org.hibernate.orm.core - HHH000489: No JTA platform available (set 'hibernate.transaction.jta.platform' to enable JTA platform integration)
2026-08-18 09:50:59 INFO  o.s.o.j.LocalContainerEntityManagerFactoryBean - Initialized JPA EntityManagerFactory for persistence unit 'default'
2026-08-18 09:50:59 INFO  o.s.d.j.r.q.QueryEnhancerFactories - Hibernate is in classpath; If applicable, HQL parser will be used.
2026-08-18 09:51:07 WARN  o.s.b.j.a.JpaBaseConfiguration$JpaWebConfiguration - spring.jpa.open-in-view is enabled by default. Therefore, database queries may be performed during view rendering. Explicitly configure spring.jpa.open-in-view to disable this warning
2026-08-18 09:51:08 INFO  o.s.v.b.OptionalValidatorFactoryBean - Failed to set up a Bean Validation provider: jakarta.validation.NoProviderFoundException: Unable to create a Configuration, because no Jakarta Validation provider could be found. Add a provider like Hibernate Validator (RI) to your classpath.
2026-08-18 09:51:10 INFO  o.s.m.s.b.SimpleBrokerMessageHandler - Starting...
2026-08-18 09:51:10 INFO  o.s.m.s.b.SimpleBrokerMessageHandler - BrokerAvailabilityEvent[available=true, SimpleBrokerMessageHandler [org.springframework.messaging.simp.broker.DefaultSubscriptionRegistry@3c7a94c7]]
2026-08-18 09:51:10 INFO  o.s.m.s.b.SimpleBrokerMessageHandler - Started.
2026-08-18 09:51:10 INFO  o.a.coyote.http11.Http11NioProtocol - Starting ProtocolHandler ["http-nio-0.0.0.0-8084"]
2026-08-18 09:51:10 INFO  o.s.boot.tomcat.TomcatWebServer - Tomcat started on port 8084 (http) with context path '/'
2026-08-18 09:51:10 INFO  c.e.c.T.CollaborationToolApplication - Started CollaborationToolApplication in 29.601 seconds (process running for 31.553)
2026-08-18 09:51:10 INFO  c.e.c.Tool.configuration.AdminSeeder - >>> Admin already exists, skipping: nthengeabraham952@gmail.com
2026-08-18 09:51:10 INFO  c.e.c.Tool.configuration.AdminSeeder - >>> Admin already exists, skipping: chepkemoisheilah794@gmail.com
2026-08-18 09:51:46 INFO  o.a.c.c.C.[Tomcat].[localhost].[/] - Initializing Spring DispatcherServlet 'dispatcherServlet'
2026-08-18 09:51:46 INFO  o.s.web.servlet.DispatcherServlet - Initializing Servlet 'dispatcherServlet'
2026-08-18 09:51:46 INFO  o.s.web.servlet.DispatcherServlet - Completed initialization in 4 ms
2026-08-18 09:51:46 INFO  c.e.c.Tool.security.RateLimitFilter - Request from IP: 10.235.148.185 | URI: /issues/active | Tokens remaining: 50
2026-08-18 09:51:47 WARN  c.e.c.Tool.security.JwtFilter - JWT Expired: JWT expired at 2026-08-17T13:43:27Z. Current time: 2026-08-18T06:51:47Z, a difference of 61700040 milliseconds.  Allowed clock skew: 0 milliseconds.
2026-08-18 09:51:47 INFO  c.e.c.Tool.security.RateLimitFilter - Request from IP: 10.235.148.185 | URI: /user/refresh | Tokens remaining: 49
2026-08-18 09:51:48 INFO  c.e.c.Tool.security.RateLimitFilter - Request from IP: 10.235.148.185 | URI: /issues/active | Tokens remaining: 49
2026-08-18 09:51:55 INFO  c.e.c.Tool.security.RateLimitFilter - Request from IP: 10.235.148.185 | URI: /issues/active | Tokens remaining: 50
2026-08-18 09:51:56 ERROR c.e.c.Tool.security.JwtFilter - Authentication failed: Unable to connect to Redis
2026-08-18 09:52:02 INFO  c.e.c.Tool.security.RateLimitFilter - Request from IP: 10.235.148.185 | URI: /user/login | Tokens remaining: 50
2026-08-18 09:52:04 INFO  c.e.c.Tool.security.RateLimitFilter - Request from IP: 10.235.148.185 | URI: /user/scratchpad | Tokens remaining: 50
2026-08-18 09:52:04 INFO  c.e.c.Tool.security.RateLimitFilter - Request from IP: 10.235.148.185 | URI: /workspace/my-workspaces | Tokens remaining: 49
2026-08-18 09:52:04 INFO  c.e.c.Tool.security.RateLimitFilter - Request from IP: 10.235.148.185 | URI: /boards/starred | Tokens remaining: 48
2026-08-18 09:52:04 INFO  c.e.c.Tool.security.RateLimitFilter - Request from IP: 10.235.148.185 | URI: /workspace/starred | Tokens remaining: 47
2026-08-18 09:52:04 INFO  c.e.c.Tool.security.RateLimitFilter - Request from IP: 10.235.148.185 | URI: /user/notifications/unread-count | Tokens remaining: 46
2026-08-18 09:52:04 INFO  c.e.c.Tool.security.RateLimitFilter - Request from IP: 10.235.148.185 | URI: /user/recent-boards | Tokens remaining: 45
2026-08-18 09:52:07 INFO  c.e.c.Tool.security.RateLimitFilter - Request from IP: 10.235.148.185 | URI: /boards/workspace/2 | Tokens remaining: 46
2026-08-18 09:52:08 INFO  c.e.c.Tool.security.RateLimitFilter - Request from IP: 10.235.148.185 | URI: /boards/4/lists | Tokens remaining: 46
2026-08-18 09:52:10 INFO  o.s.w.s.c.WebSocketMessageBrokerStats - WebSocketSession[0 current WS(0)-HttpStream(0)-HttpPoll(0), 0 total, 0 closed abnormally (0 connect failure, 0 send limit, 0 transport error)], stompSubProtocol[processed CONNECT(0)-CONNECTED(0)-DISCONNECT(0)], stompBrokerRelay[null], inboundChannel[pool size = 0, active threads = 0, queued tasks = 0, completed tasks = 0], outboundChannel[pool size = 0, active threads = 0, queued tasks = 0, completed tasks = 0], sockJsScheduler[pool size = 4, active threads = 1, queued tasks = 3, completed tasks = 3]
2026-08-18 09:52:24 INFO  c.e.c.Tool.security.RateLimitFilter - Request from IP: 10.235.148.185 | URI: /user/recent-boards/5 | Tokens remaining: 50
2026-08-18 09:52:24 INFO  c.e.c.Tool.security.RateLimitFilter - Request from IP: 10.235.148.185 | URI: /boards/5/lists | Tokens remaining: 49
2026-08-18 09:52:24 INFO  c.e.c.Tool.security.RateLimitFilter - Request from IP: 10.235.148.185 | URI: /cards/lists/7/cards | Tokens remaining: 48
2026-08-18 09:52:24 INFO  c.e.c.Tool.security.RateLimitFilter - Request from IP: 10.235.148.185 | URI: /cards/lists/8/cards | Tokens remaining: 47
2026-08-18 09:52:24 INFO  c.e.c.Tool.security.RateLimitFilter - Request from IP: 10.235.148.185 | URI: /user/recent-boards | Tokens remaining: 46
2026-08-18 09:53:02 INFO  c.e.c.Tool.security.RateLimitFilter - Request from IP: 10.235.148.185 | URI: /workspace/2 | Tokens remaining: 50
2026-08-18 09:53:02 WARN  c.e.c.T.e.CollaborationExceptionHandler - Forbidden action: You do not have permission to edit this workspace
2026-08-18 09:53:35 INFO  c.e.c.Tool.security.RateLimitFilter - Request from IP: 10.235.148.185 | URI: /workspace/2 | Tokens remaining: 50
2026-08-18 09:53:36 WARN  c.e.c.T.e.CollaborationExceptionHandler - Forbidden action: You do not have permission to edit this workspace
2026-08-18 10:07:33 INFO  o.s.boot.tomcat.GracefulShutdown - Commencing graceful shutdown. Waiting for active requests to complete
2026-08-18 10:07:33 INFO  o.s.boot.tomcat.GracefulShutdown - Graceful shutdown complete
2026-08-18 10:07:33 INFO  o.s.m.s.b.SimpleBrokerMessageHandler - Stopping...
2026-08-18 10:07:33 INFO  o.s.m.s.b.SimpleBrokerMessageHandler - BrokerAvailabilityEvent[available=false, SimpleBrokerMessageHandler [org.springframework.messaging.simp.broker.DefaultSubscriptionRegistry@3c7a94c7]]
2026-08-18 10:07:33 INFO  o.s.m.s.b.SimpleBrokerMessageHandler - Stopped.
2026-08-18 10:07:33 INFO  o.s.o.j.LocalContainerEntityManagerFactoryBean - Closing JPA EntityManagerFactory for persistence unit 'default'
2026-08-18 10:07:33 INFO  com.zaxxer.hikari.HikariDataSource - HikariPool-1 - Shutdown initiated...
2026-08-18 10:07:33 INFO  com.zaxxer.hikari.HikariDataSource - HikariPool-1 - Shutdown completed.
2026-08-18 10:07:48 INFO  c.e.c.T.CollaborationToolApplication - Starting CollaborationToolApplication using Java 21.0.8 with PID 1272 (C:\Abraham\Code\Eclectics\Collaboration-Tool\target\classes started by pc in C:\Abraham\Code\Eclectics\Collaboration-Tool)
2026-08-18 10:07:48 INFO  c.e.c.T.CollaborationToolApplication - The following 1 profile is active: "prod"
2026-08-18 10:07:53 INFO  o.s.d.r.c.RepositoryConfigurationDelegate - Multiple Spring Data modules found, entering strict repository configuration mode
2026-08-18 10:07:53 INFO  o.s.d.r.c.RepositoryConfigurationDelegate - Bootstrapping Spring Data JPA repositories in DEFAULT mode.
2026-08-18 10:07:54 INFO  o.s.d.r.c.RepositoryConfigurationDelegate - Finished Spring Data repository scanning in 1038 ms. Found 25 JPA repository interfaces.
2026-08-18 10:07:54 INFO  o.s.d.r.c.RepositoryConfigurationDelegate - Multiple Spring Data modules found, entering strict repository configuration mode
2026-08-18 10:07:54 INFO  o.s.d.r.c.RepositoryConfigurationDelegate - Bootstrapping Spring Data Redis repositories in DEFAULT mode.
2026-08-18 10:07:54 INFO  o.s.d.r.c.RepositoryConfigurationExtensionSupport - Spring Data Redis - Could not safely identify store assignment for repository candidate interface com.eclectics.collaboration.Tool.repository.ActivityLogRepository; If you want this repository to be a Redis repository, consider annotating your entities with one of these annotations: org.springframework.data.redis.core.RedisHash (preferred), or consider extending one of the following types with your repository: org.springframework.data.keyvalue.repository.KeyValueRepository
2026-08-18 10:07:54 INFO  o.s.d.r.c.RepositoryConfigurationExtensionSupport - Spring Data Redis - Could not safely identify store assignment for repository candidate interface com.eclectics.collaboration.Tool.repository.BoardMemberRepository; If you want this repository to be a Redis repository, consider annotating your entities with one of these annotations: org.springframework.data.redis.core.RedisHash (preferred), or consider extending one of the following types with your repository: org.springframework.data.keyvalue.repository.KeyValueRepository
2026-08-18 10:07:54 INFO  o.s.d.r.c.RepositoryConfigurationExtensionSupport - Spring Data Redis - Could not safely identify store assignment for repository candidate interface com.eclectics.collaboration.Tool.repository.BoardsRepository; If you want this repository to be a Redis repository, consider annotating your entities with one of these annotations: org.springframework.data.redis.core.RedisHash (preferred), or consider extending one of the following types with your repository: org.springframework.data.keyvalue.repository.KeyValueRepository
2026-08-18 10:07:54 INFO  o.s.d.r.c.RepositoryConfigurationExtensionSupport - Spring Data Redis - Could not safely identify store assignment for repository candidate interface com.eclectics.collaboration.Tool.repository.CardAssigneeRepository; If you want this repository to be a Redis repository, consider annotating your entities with one of these annotations: org.springframework.data.redis.core.RedisHash (preferred), or consider extending one of the following types with your repository: org.springframework.data.keyvalue.repository.KeyValueRepository
2026-08-18 10:07:54 INFO  o.s.d.r.c.RepositoryConfigurationExtensionSupport - Spring Data Redis - Could not safely identify store assignment for repository candidate interface com.eclectics.collaboration.Tool.repository.CardLabelRepository; If you want this repository to be a Redis repository, consider annotating your entities with one of these annotations: org.springframework.data.redis.core.RedisHash (preferred), or consider extending one of the following types with your repository: org.springframework.data.keyvalue.repository.KeyValueRepository
2026-08-18 10:07:54 INFO  o.s.d.r.c.RepositoryConfigurationExtensionSupport - Spring Data Redis - Could not safely identify store assignment for repository candidate interface com.eclectics.collaboration.Tool.repository.CardRepository; If you want this repository to be a Redis repository, consider annotating your entities with one of these annotations: org.springframework.data.redis.core.RedisHash (preferred), or consider extending one of the following types with your repository: org.springframework.data.keyvalue.repository.KeyValueRepository
2026-08-18 10:07:54 INFO  o.s.d.r.c.RepositoryConfigurationExtensionSupport - Spring Data Redis - Could not safely identify store assignment for repository candidate interface com.eclectics.collaboration.Tool.repository.CommentMentionRepository; If you want this repository to be a Redis repository, consider annotating your entities with one of these annotations: org.springframework.data.redis.core.RedisHash (preferred), or consider extending one of the following types with your repository: org.springframework.data.keyvalue.repository.KeyValueRepository
2026-08-18 10:07:54 INFO  o.s.d.r.c.RepositoryConfigurationExtensionSupport - Spring Data Redis - Could not safely identify store assignment for repository candidate interface com.eclectics.collaboration.Tool.repository.CommentRepository; If you want this repository to be a Redis repository, consider annotating your entities with one of these annotations: org.springframework.data.redis.core.RedisHash (preferred), or consider extending one of the following types with your repository: org.springframework.data.keyvalue.repository.KeyValueRepository
2026-08-18 10:07:54 INFO  o.s.d.r.c.RepositoryConfigurationExtensionSupport - Spring Data Redis - Could not safely identify store assignment for repository candidate interface com.eclectics.collaboration.Tool.repository.DueDateReminderRepository; If you want this repository to be a Redis repository, consider annotating your entities with one of these annotations: org.springframework.data.redis.core.RedisHash (preferred), or consider extending one of the following types with your repository: org.springframework.data.keyvalue.repository.KeyValueRepository
2026-08-18 10:07:54 INFO  o.s.d.r.c.RepositoryConfigurationExtensionSupport - Spring Data Redis - Could not safely identify store assignment for repository candidate interface com.eclectics.collaboration.Tool.repository.FAQRepository; If you want this repository to be a Redis repository, consider annotating your entities with one of these annotations: org.springframework.data.redis.core.RedisHash (preferred), or consider extending one of the following types with your repository: org.springframework.data.keyvalue.repository.KeyValueRepository
2026-08-18 10:07:54 INFO  o.s.d.r.c.RepositoryConfigurationExtensionSupport - Spring Data Redis - Could not safely identify store assignment for repository candidate interface com.eclectics.collaboration.Tool.repository.InvitationRepository; If you want this repository to be a Redis repository, consider annotating your entities with one of these annotations: org.springframework.data.redis.core.RedisHash (preferred), or consider extending one of the following types with your repository: org.springframework.data.keyvalue.repository.KeyValueRepository
2026-08-18 10:07:54 INFO  o.s.d.r.c.RepositoryConfigurationExtensionSupport - Spring Data Redis - Could not safely identify store assignment for repository candidate interface com.eclectics.collaboration.Tool.repository.IssueRepository; If you want this repository to be a Redis repository, consider annotating your entities with one of these annotations: org.springframework.data.redis.core.RedisHash (preferred), or consider extending one of the following types with your repository: org.springframework.data.keyvalue.repository.KeyValueRepository
2026-08-18 10:07:54 INFO  o.s.d.r.c.RepositoryConfigurationExtensionSupport - Spring Data Redis - Could not safely identify store assignment for repository candidate interface com.eclectics.collaboration.Tool.repository.LabelRepository; If you want this repository to be a Redis repository, consider annotating your entities with one of these annotations: org.springframework.data.redis.core.RedisHash (preferred), or consider extending one of the following types with your repository: org.springframework.data.keyvalue.repository.KeyValueRepository
2026-08-18 10:07:54 INFO  o.s.d.r.c.RepositoryConfigurationExtensionSupport - Spring Data Redis - Could not safely identify store assignment for repository candidate interface com.eclectics.collaboration.Tool.repository.ListEntityRepository; If you want this repository to be a Redis repository, consider annotating your entities with one of these annotations: org.springframework.data.redis.core.RedisHash (preferred), or consider extending one of the following types with your repository: org.springframework.data.keyvalue.repository.KeyValueRepository
2026-08-18 10:07:54 INFO  o.s.d.r.c.RepositoryConfigurationExtensionSupport - Spring Data Redis - Could not safely identify store assignment for repository candidate interface com.eclectics.collaboration.Tool.repository.NotificationPreferenceRepository; If you want this repository to be a Redis repository, consider annotating your entities with one of these annotations: org.springframework.data.redis.core.RedisHash (preferred), or consider extending one of the following types with your repository: org.springframework.data.keyvalue.repository.KeyValueRepository
2026-08-18 10:07:54 INFO  o.s.d.r.c.RepositoryConfigurationExtensionSupport - Spring Data Redis - Could not safely identify store assignment for repository candidate interface com.eclectics.collaboration.Tool.repository.NotificationRepository; If you want this repository to be a Redis repository, consider annotating your entities with one of these annotations: org.springframework.data.redis.core.RedisHash (preferred), or consider extending one of the following types with your repository: org.springframework.data.keyvalue.repository.KeyValueRepository
2026-08-18 10:07:54 INFO  o.s.d.r.c.RepositoryConfigurationExtensionSupport - Spring Data Redis - Could not safely identify store assignment for repository candidate interface com.eclectics.collaboration.Tool.repository.RefreshTokenRepository; If you want this repository to be a Redis repository, consider annotating your entities with one of these annotations: org.springframework.data.redis.core.RedisHash (preferred), or consider extending one of the following types with your repository: org.springframework.data.keyvalue.repository.KeyValueRepository
2026-08-18 10:07:54 INFO  o.s.d.r.c.RepositoryConfigurationExtensionSupport - Spring Data Redis - Could not safely identify store assignment for repository candidate interface com.eclectics.collaboration.Tool.repository.StarredBoardRepository; If you want this repository to be a Redis repository, consider annotating your entities with one of these annotations: org.springframework.data.redis.core.RedisHash (preferred), or consider extending one of the following types with your repository: org.springframework.data.keyvalue.repository.KeyValueRepository
2026-08-18 10:07:54 INFO  o.s.d.r.c.RepositoryConfigurationExtensionSupport - Spring Data Redis - Could not safely identify store assignment for repository candidate interface com.eclectics.collaboration.Tool.repository.StarredWorkspaceRepository; If you want this repository to be a Redis repository, consider annotating your entities with one of these annotations: org.springframework.data.redis.core.RedisHash (preferred), or consider extending one of the following types with your repository: org.springframework.data.keyvalue.repository.KeyValueRepository
2026-08-18 10:07:54 INFO  o.s.d.r.c.RepositoryConfigurationExtensionSupport - Spring Data Redis - Could not safely identify store assignment for repository candidate interface com.eclectics.collaboration.Tool.repository.SystemConfigRepository; If you want this repository to be a Redis repository, consider annotating your entities with one of these annotations: org.springframework.data.redis.core.RedisHash (preferred), or consider extending one of the following types with your repository: org.springframework.data.keyvalue.repository.KeyValueRepository
2026-08-18 10:07:54 INFO  o.s.d.r.c.RepositoryConfigurationExtensionSupport - Spring Data Redis - Could not safely identify store assignment for repository candidate interface com.eclectics.collaboration.Tool.repository.TalkRepository; If you want this repository to be a Redis repository, consider annotating your entities with one of these annotations: org.springframework.data.redis.core.RedisHash (preferred), or consider extending one of the following types with your repository: org.springframework.data.keyvalue.repository.KeyValueRepository
2026-08-18 10:07:54 INFO  o.s.d.r.c.RepositoryConfigurationExtensionSupport - Spring Data Redis - Could not safely identify store assignment for repository candidate interface com.eclectics.collaboration.Tool.repository.UserRecentBoardRepository; If you want this repository to be a Redis repository, consider annotating your entities with one of these annotations: org.springframework.data.redis.core.RedisHash (preferred), or consider extending one of the following types with your repository: org.springframework.data.keyvalue.repository.KeyValueRepository
2026-08-18 10:07:54 INFO  o.s.d.r.c.RepositoryConfigurationExtensionSupport - Spring Data Redis - Could not safely identify store assignment for repository candidate interface com.eclectics.collaboration.Tool.repository.UserRespository; If you want this repository to be a Redis repository, consider annotating your entities with one of these annotations: org.springframework.data.redis.core.RedisHash (preferred), or consider extending one of the following types with your repository: org.springframework.data.keyvalue.repository.KeyValueRepository
2026-08-18 10:07:54 INFO  o.s.d.r.c.RepositoryConfigurationExtensionSupport - Spring Data Redis - Could not safely identify store assignment for repository candidate interface com.eclectics.collaboration.Tool.repository.WorkSpaceMemberRepository; If you want this repository to be a Redis repository, consider annotating your entities with one of these annotations: org.springframework.data.redis.core.RedisHash (preferred), or consider extending one of the following types with your repository: org.springframework.data.keyvalue.repository.KeyValueRepository
2026-08-18 10:07:54 INFO  o.s.d.r.c.RepositoryConfigurationExtensionSupport - Spring Data Redis - Could not safely identify store assignment for repository candidate interface com.eclectics.collaboration.Tool.repository.WorkSpaceReposiroty; If you want this repository to be a Redis repository, consider annotating your entities with one of these annotations: org.springframework.data.redis.core.RedisHash (preferred), or consider extending one of the following types with your repository: org.springframework.data.keyvalue.repository.KeyValueRepository
2026-08-18 10:07:54 INFO  o.s.d.r.c.RepositoryConfigurationDelegate - Finished Spring Data repository scanning in 121 ms. Found 0 Redis repository interfaces.
2026-08-18 10:07:58 INFO  o.s.boot.tomcat.TomcatWebServer - Tomcat initialized with port 8084 (http)
2026-08-18 10:07:58 INFO  o.a.coyote.http11.Http11NioProtocol - Initializing ProtocolHandler ["http-nio-0.0.0.0-8084"]
2026-08-18 10:07:58 INFO  o.a.catalina.core.StandardService - Starting service [Tomcat]
2026-08-18 10:07:58 INFO  o.a.catalina.core.StandardEngine - Starting Servlet engine: [Apache Tomcat/11.0.15]
2026-08-18 10:07:58 INFO  o.s.b.w.c.s.WebApplicationContextInitializer - Root WebApplicationContext: initialization completed in 10234 ms
2026-08-18 10:07:59 INFO  com.zaxxer.hikari.HikariDataSource - HikariPool-1 - Starting...
2026-08-18 10:08:00 INFO  com.zaxxer.hikari.pool.HikariPool - HikariPool-1 - Added connection org.postgresql.jdbc.PgConnection@4f2544b0
2026-08-18 10:08:00 INFO  com.zaxxer.hikari.HikariDataSource - HikariPool-1 - Start completed.
2026-08-18 10:08:01 INFO  org.hibernate.orm.jpa - HHH008540: Processing PersistenceUnitInfo [name: default]
2026-08-18 10:08:01 INFO  org.hibernate.orm.core - HHH000001: Hibernate ORM core version 7.2.1.Final
2026-08-18 10:08:04 INFO  o.s.o.j.p.SpringPersistenceUnitInfo - No LoadTimeWeaver setup: ignoring JPA class transformer
2026-08-18 10:08:04 INFO  o.hibernate.orm.connections.pooling - HHH10001005: Database info:
	Database JDBC URL [jdbc:postgresql://localhost:5432/collaborationTool]
	Database driver: PostgreSQL JDBC Driver
	Database dialect: PostgreSQLDialect
	Database version: 17.6
	Default catalog/schema: collaborationTool/public
	Autocommit mode: undefined/unknown
	Isolation level: READ_COMMITTED [default READ_COMMITTED]
	JDBC fetch size: none
	Pool: DataSourceConnectionProvider
	Minimum pool size: undefined/unknown
	Maximum pool size: undefined/unknown
2026-08-18 10:08:09 INFO  org.hibernate.orm.core - HHH000489: No JTA platform available (set 'hibernate.transaction.jta.platform' to enable JTA platform integration)
2026-08-18 10:08:09 INFO  o.s.o.j.LocalContainerEntityManagerFactoryBean - Initialized JPA EntityManagerFactory for persistence unit 'default'
2026-08-18 10:08:09 INFO  o.s.d.j.r.q.QueryEnhancerFactories - Hibernate is in classpath; If applicable, HQL parser will be used.
2026-08-18 10:08:23 WARN  o.s.b.j.a.JpaBaseConfiguration$JpaWebConfiguration - spring.jpa.open-in-view is enabled by default. Therefore, database queries may be performed during view rendering. Explicitly configure spring.jpa.open-in-view to disable this warning
2026-08-18 10:08:25 INFO  o.s.v.b.OptionalValidatorFactoryBean - Failed to set up a Bean Validation provider: jakarta.validation.NoProviderFoundException: Unable to create a Configuration, because no Jakarta Validation provider could be found. Add a provider like Hibernate Validator (RI) to your classpath.
2026-08-18 10:08:29 INFO  o.s.m.s.b.SimpleBrokerMessageHandler - Starting...
2026-08-18 10:08:29 INFO  o.s.m.s.b.SimpleBrokerMessageHandler - BrokerAvailabilityEvent[available=true, SimpleBrokerMessageHandler [org.springframework.messaging.simp.broker.DefaultSubscriptionRegistry@218c25b9]]
2026-08-18 10:08:29 INFO  o.s.m.s.b.SimpleBrokerMessageHandler - Started.
2026-08-18 10:08:29 INFO  o.a.coyote.http11.Http11NioProtocol - Starting ProtocolHandler ["http-nio-0.0.0.0-8084"]
2026-08-18 10:08:29 INFO  o.s.boot.tomcat.TomcatWebServer - Tomcat started on port 8084 (http) with context path '/'
2026-08-18 10:08:29 INFO  c.e.c.T.CollaborationToolApplication - Started CollaborationToolApplication in 43.661 seconds (process running for 45.903)
2026-08-18 10:08:30 INFO  c.e.c.Tool.configuration.AdminSeeder - >>> Admin already exists, skipping: nthengeabraham952@gmail.com
2026-08-18 10:08:30 INFO  c.e.c.Tool.configuration.AdminSeeder - >>> Admin already exists, skipping: chepkemoisheilah794@gmail.com
2026-08-18 10:09:29 INFO  o.s.w.s.c.WebSocketMessageBrokerStats - WebSocketSession[0 current WS(0)-HttpStream(0)-HttpPoll(0), 0 total, 0 closed abnormally (0 connect failure, 0 send limit, 0 transport error)], stompSubProtocol[processed CONNECT(0)-CONNECTED(0)-DISCONNECT(0)], stompBrokerRelay[null], inboundChannel[pool size = 0, active threads = 0, queued tasks = 0, completed tasks = 0], outboundChannel[pool size = 0, active threads = 0, queued tasks = 0, completed tasks = 0], sockJsScheduler[pool size = 4, active threads = 1, queued tasks = 3, completed tasks = 3]
2026-08-18 10:19:07 INFO  o.s.boot.tomcat.GracefulShutdown - Commencing graceful shutdown. Waiting for active requests to complete
2026-08-18 10:19:07 INFO  o.s.boot.tomcat.GracefulShutdown - Graceful shutdown complete
2026-08-18 10:19:07 INFO  o.s.m.s.b.SimpleBrokerMessageHandler - Stopping...
2026-08-18 10:19:07 INFO  o.s.m.s.b.SimpleBrokerMessageHandler - BrokerAvailabilityEvent[available=false, SimpleBrokerMessageHandler [org.springframework.messaging.simp.broker.DefaultSubscriptionRegistry@218c25b9]]
2026-08-18 10:19:07 INFO  o.s.m.s.b.SimpleBrokerMessageHandler - Stopped.
2026-08-18 10:19:07 INFO  o.s.o.j.LocalContainerEntityManagerFactoryBean - Closing JPA EntityManagerFactory for persistence unit 'default'
2026-08-18 10:19:07 INFO  com.zaxxer.hikari.HikariDataSource - HikariPool-1 - Shutdown initiated...
2026-08-18 10:19:08 INFO  com.zaxxer.hikari.HikariDataSource - HikariPool-1 - Shutdown completed.
2026-08-18 10:19:25 INFO  c.e.c.T.CollaborationToolApplication - Starting CollaborationToolApplication using Java 21.0.8 with PID 10816 (C:\Abraham\Code\Eclectics\Collaboration-Tool\target\classes started by pc in C:\Abraham\Code\Eclectics\Collaboration-Tool)
2026-08-18 10:19:25 INFO  c.e.c.T.CollaborationToolApplication - The following 1 profile is active: "prod"
2026-08-18 10:19:30 INFO  o.s.d.r.c.RepositoryConfigurationDelegate - Multiple Spring Data modules found, entering strict repository configuration mode
2026-08-18 10:19:30 INFO  o.s.d.r.c.RepositoryConfigurationDelegate - Bootstrapping Spring Data JPA repositories in DEFAULT mode.
2026-08-18 10:19:31 INFO  o.s.d.r.c.RepositoryConfigurationDelegate - Finished Spring Data repository scanning in 748 ms. Found 25 JPA repository interfaces.
2026-08-18 10:19:31 INFO  o.s.d.r.c.RepositoryConfigurationDelegate - Multiple Spring Data modules found, entering strict repository configuration mode
2026-08-18 10:19:31 INFO  o.s.d.r.c.RepositoryConfigurationDelegate - Bootstrapping Spring Data Redis repositories in DEFAULT mode.
2026-08-18 10:19:31 INFO  o.s.d.r.c.RepositoryConfigurationExtensionSupport - Spring Data Redis - Could not safely identify store assignment for repository candidate interface com.eclectics.collaboration.Tool.repository.ActivityLogRepository; If you want this repository to be a Redis repository, consider annotating your entities with one of these annotations: org.springframework.data.redis.core.RedisHash (preferred), or consider extending one of the following types with your repository: org.springframework.data.keyvalue.repository.KeyValueRepository
2026-08-18 10:19:31 INFO  o.s.d.r.c.RepositoryConfigurationExtensionSupport - Spring Data Redis - Could not safely identify store assignment for repository candidate interface com.eclectics.collaboration.Tool.repository.BoardMemberRepository; If you want this repository to be a Redis repository, consider annotating your entities with one of these annotations: org.springframework.data.redis.core.RedisHash (preferred), or consider extending one of the following types with your repository: org.springframework.data.keyvalue.repository.KeyValueRepository
2026-08-18 10:19:31 INFO  o.s.d.r.c.RepositoryConfigurationExtensionSupport - Spring Data Redis - Could not safely identify store assignment for repository candidate interface com.eclectics.collaboration.Tool.repository.BoardsRepository; If you want this repository to be a Redis repository, consider annotating your entities with one of these annotations: org.springframework.data.redis.core.RedisHash (preferred), or consider extending one of the following types with your repository: org.springframework.data.keyvalue.repository.KeyValueRepository
2026-08-18 10:19:31 INFO  o.s.d.r.c.RepositoryConfigurationExtensionSupport - Spring Data Redis - Could not safely identify store assignment for repository candidate interface com.eclectics.collaboration.Tool.repository.CardAssigneeRepository; If you want this repository to be a Redis repository, consider annotating your entities with one of these annotations: org.springframework.data.redis.core.RedisHash (preferred), or consider extending one of the following types with your repository: org.springframework.data.keyvalue.repository.KeyValueRepository
2026-08-18 10:19:31 INFO  o.s.d.r.c.RepositoryConfigurationExtensionSupport - Spring Data Redis - Could not safely identify store assignment for repository candidate interface com.eclectics.collaboration.Tool.repository.CardLabelRepository; If you want this repository to be a Redis repository, consider annotating your entities with one of these annotations: org.springframework.data.redis.core.RedisHash (preferred), or consider extending one of the following types with your repository: org.springframework.data.keyvalue.repository.KeyValueRepository
2026-08-18 10:19:31 INFO  o.s.d.r.c.RepositoryConfigurationExtensionSupport - Spring Data Redis - Could not safely identify store assignment for repository candidate interface com.eclectics.collaboration.Tool.repository.CardRepository; If you want this repository to be a Redis repository, consider annotating your entities with one of these annotations: org.springframework.data.redis.core.RedisHash (preferred), or consider extending one of the following types with your repository: org.springframework.data.keyvalue.repository.KeyValueRepository
2026-08-18 10:19:31 INFO  o.s.d.r.c.RepositoryConfigurationExtensionSupport - Spring Data Redis - Could not safely identify store assignment for repository candidate interface com.eclectics.collaboration.Tool.repository.CommentMentionRepository; If you want this repository to be a Redis repository, consider annotating your entities with one of these annotations: org.springframework.data.redis.core.RedisHash (preferred), or consider extending one of the following types with your repository: org.springframework.data.keyvalue.repository.KeyValueRepository
2026-08-18 10:19:31 INFO  o.s.d.r.c.RepositoryConfigurationExtensionSupport - Spring Data Redis - Could not safely identify store assignment for repository candidate interface com.eclectics.collaboration.Tool.repository.CommentRepository; If you want this repository to be a Redis repository, consider annotating your entities with one of these annotations: org.springframework.data.redis.core.RedisHash (preferred), or consider extending one of the following types with your repository: org.springframework.data.keyvalue.repository.KeyValueRepository
2026-08-18 10:19:31 INFO  o.s.d.r.c.RepositoryConfigurationExtensionSupport - Spring Data Redis - Could not safely identify store assignment for repository candidate interface com.eclectics.collaboration.Tool.repository.DueDateReminderRepository; If you want this repository to be a Redis repository, consider annotating your entities with one of these annotations: org.springframework.data.redis.core.RedisHash (preferred), or consider extending one of the following types with your repository: org.springframework.data.keyvalue.repository.KeyValueRepository
2026-08-18 10:19:31 INFO  o.s.d.r.c.RepositoryConfigurationExtensionSupport - Spring Data Redis - Could not safely identify store assignment for repository candidate interface com.eclectics.collaboration.Tool.repository.FAQRepository; If you want this repository to be a Redis repository, consider annotating your entities with one of these annotations: org.springframework.data.redis.core.RedisHash (preferred), or consider extending one of the following types with your repository: org.springframework.data.keyvalue.repository.KeyValueRepository
2026-08-18 10:19:31 INFO  o.s.d.r.c.RepositoryConfigurationExtensionSupport - Spring Data Redis - Could not safely identify store assignment for repository candidate interface com.eclectics.collaboration.Tool.repository.InvitationRepository; If you want this repository to be a Redis repository, consider annotating your entities with one of these annotations: org.springframework.data.redis.core.RedisHash (preferred), or consider extending one of the following types with your repository: org.springframework.data.keyvalue.repository.KeyValueRepository
2026-08-18 10:19:31 INFO  o.s.d.r.c.RepositoryConfigurationExtensionSupport - Spring Data Redis - Could not safely identify store assignment for repository candidate interface com.eclectics.collaboration.Tool.repository.IssueRepository; If you want this repository to be a Redis repository, consider annotating your entities with one of these annotations: org.springframework.data.redis.core.RedisHash (preferred), or consider extending one of the following types with your repository: org.springframework.data.keyvalue.repository.KeyValueRepository
2026-08-18 10:19:31 INFO  o.s.d.r.c.RepositoryConfigurationExtensionSupport - Spring Data Redis - Could not safely identify store assignment for repository candidate interface com.eclectics.collaboration.Tool.repository.LabelRepository; If you want this repository to be a Redis repository, consider annotating your entities with one of these annotations: org.springframework.data.redis.core.RedisHash (preferred), or consider extending one of the following types with your repository: org.springframework.data.keyvalue.repository.KeyValueRepository
2026-08-18 10:19:31 INFO  o.s.d.r.c.RepositoryConfigurationExtensionSupport - Spring Data Redis - Could not safely identify store assignment for repository candidate interface com.eclectics.collaboration.Tool.repository.ListEntityRepository; If you want this repository to be a Redis repository, consider annotating your entities with one of these annotations: org.springframework.data.redis.core.RedisHash (preferred), or consider extending one of the following types with your repository: org.springframework.data.keyvalue.repository.KeyValueRepository
2026-08-18 10:19:31 INFO  o.s.d.r.c.RepositoryConfigurationExtensionSupport - Spring Data Redis - Could not safely identify store assignment for repository candidate interface com.eclectics.collaboration.Tool.repository.NotificationPreferenceRepository; If you want this repository to be a Redis repository, consider annotating your entities with one of these annotations: org.springframework.data.redis.core.RedisHash (preferred), or consider extending one of the following types with your repository: org.springframework.data.keyvalue.repository.KeyValueRepository
2026-08-18 10:19:31 INFO  o.s.d.r.c.RepositoryConfigurationExtensionSupport - Spring Data Redis - Could not safely identify store assignment for repository candidate interface com.eclectics.collaboration.Tool.repository.NotificationRepository; If you want this repository to be a Redis repository, consider annotating your entities with one of these annotations: org.springframework.data.redis.core.RedisHash (preferred), or consider extending one of the following types with your repository: org.springframework.data.keyvalue.repository.KeyValueRepository
2026-08-18 10:19:31 INFO  o.s.d.r.c.RepositoryConfigurationExtensionSupport - Spring Data Redis - Could not safely identify store assignment for repository candidate interface com.eclectics.collaboration.Tool.repository.RefreshTokenRepository; If you want this repository to be a Redis repository, consider annotating your entities with one of these annotations: org.springframework.data.redis.core.RedisHash (preferred), or consider extending one of the following types with your repository: org.springframework.data.keyvalue.repository.KeyValueRepository
2026-08-18 10:19:31 INFO  o.s.d.r.c.RepositoryConfigurationExtensionSupport - Spring Data Redis - Could not safely identify store assignment for repository candidate interface com.eclectics.collaboration.Tool.repository.StarredBoardRepository; If you want this repository to be a Redis repository, consider annotating your entities with one of these annotations: org.springframework.data.redis.core.RedisHash (preferred), or consider extending one of the following types with your repository: org.springframework.data.keyvalue.repository.KeyValueRepository
2026-08-18 10:19:31 INFO  o.s.d.r.c.RepositoryConfigurationExtensionSupport - Spring Data Redis - Could not safely identify store assignment for repository candidate interface com.eclectics.collaboration.Tool.repository.StarredWorkspaceRepository; If you want this repository to be a Redis repository, consider annotating your entities with one of these annotations: org.springframework.data.redis.core.RedisHash (preferred), or consider extending one of the following types with your repository: org.springframework.data.keyvalue.repository.KeyValueRepository
2026-08-18 10:19:31 INFO  o.s.d.r.c.RepositoryConfigurationExtensionSupport - Spring Data Redis - Could not safely identify store assignment for repository candidate interface com.eclectics.collaboration.Tool.repository.SystemConfigRepository; If you want this repository to be a Redis repository, consider annotating your entities with one of these annotations: org.springframework.data.redis.core.RedisHash (preferred), or consider extending one of the following types with your repository: org.springframework.data.keyvalue.repository.KeyValueRepository
2026-08-18 10:19:31 INFO  o.s.d.r.c.RepositoryConfigurationExtensionSupport - Spring Data Redis - Could not safely identify store assignment for repository candidate interface com.eclectics.collaboration.Tool.repository.TalkRepository; If you want this repository to be a Redis repository, consider annotating your entities with one of these annotations: org.springframework.data.redis.core.RedisHash (preferred), or consider extending one of the following types with your repository: org.springframework.data.keyvalue.repository.KeyValueRepository
2026-08-18 10:19:31 INFO  o.s.d.r.c.RepositoryConfigurationExtensionSupport - Spring Data Redis - Could not safely identify store assignment for repository candidate interface com.eclectics.collaboration.Tool.repository.UserRecentBoardRepository; If you want this repository to be a Redis repository, consider annotating your entities with one of these annotations: org.springframework.data.redis.core.RedisHash (preferred), or consider extending one of the following types with your repository: org.springframework.data.keyvalue.repository.KeyValueRepository
2026-08-18 10:19:31 INFO  o.s.d.r.c.RepositoryConfigurationExtensionSupport - Spring Data Redis - Could not safely identify store assignment for repository candidate interface com.eclectics.collaboration.Tool.repository.UserRespository; If you want this repository to be a Redis repository, consider annotating your entities with one of these annotations: org.springframework.data.redis.core.RedisHash (preferred), or consider extending one of the following types with your repository: org.springframework.data.keyvalue.repository.KeyValueRepository
2026-08-18 10:19:31 INFO  o.s.d.r.c.RepositoryConfigurationExtensionSupport - Spring Data Redis - Could not safely identify store assignment for repository candidate interface com.eclectics.collaboration.Tool.repository.WorkSpaceMemberRepository; If you want this repository to be a Redis repository, consider annotating your entities with one of these annotations: org.springframework.data.redis.core.RedisHash (preferred), or consider extending one of the following types with your repository: org.springframework.data.keyvalue.repository.KeyValueRepository
2026-08-18 10:19:31 INFO  o.s.d.r.c.RepositoryConfigurationExtensionSupport - Spring Data Redis - Could not safely identify store assignment for repository candidate interface com.eclectics.collaboration.Tool.repository.WorkSpaceReposiroty; If you want this repository to be a Redis repository, consider annotating your entities with one of these annotations: org.springframework.data.redis.core.RedisHash (preferred), or consider extending one of the following types with your repository: org.springframework.data.keyvalue.repository.KeyValueRepository
2026-08-18 10:19:31 INFO  o.s.d.r.c.RepositoryConfigurationDelegate - Finished Spring Data repository scanning in 142 ms. Found 0 Redis repository interfaces.
2026-08-18 10:19:33 INFO  o.s.boot.tomcat.TomcatWebServer - Tomcat initialized with port 8084 (http)
2026-08-18 10:19:34 INFO  o.a.coyote.http11.Http11NioProtocol - Initializing ProtocolHandler ["http-nio-0.0.0.0-8084"]
2026-08-18 10:19:34 INFO  o.a.catalina.core.StandardService - Starting service [Tomcat]
2026-08-18 10:19:34 INFO  o.a.catalina.core.StandardEngine - Starting Servlet engine: [Apache Tomcat/11.0.15]
2026-08-18 10:19:34 INFO  o.s.b.w.c.s.WebApplicationContextInitializer - Root WebApplicationContext: initialization completed in 8636 ms
2026-08-18 10:19:34 INFO  com.zaxxer.hikari.HikariDataSource - HikariPool-1 - Starting...
2026-08-18 10:19:35 INFO  com.zaxxer.hikari.pool.HikariPool - HikariPool-1 - Added connection org.postgresql.jdbc.PgConnection@5cdda548
2026-08-18 10:19:35 INFO  com.zaxxer.hikari.HikariDataSource - HikariPool-1 - Start completed.
2026-08-18 10:19:35 INFO  org.hibernate.orm.jpa - HHH008540: Processing PersistenceUnitInfo [name: default]
2026-08-18 10:19:36 INFO  org.hibernate.orm.core - HHH000001: Hibernate ORM core version 7.2.1.Final
2026-08-18 10:19:38 INFO  o.s.o.j.p.SpringPersistenceUnitInfo - No LoadTimeWeaver setup: ignoring JPA class transformer
2026-08-18 10:19:38 INFO  o.hibernate.orm.connections.pooling - HHH10001005: Database info:
	Database JDBC URL [jdbc:postgresql://localhost:5432/collaborationTool]
	Database driver: PostgreSQL JDBC Driver
	Database dialect: PostgreSQLDialect
	Database version: 17.6
	Default catalog/schema: collaborationTool/public
	Autocommit mode: undefined/unknown
	Isolation level: READ_COMMITTED [default READ_COMMITTED]
	JDBC fetch size: none
	Pool: DataSourceConnectionProvider
	Minimum pool size: undefined/unknown
	Maximum pool size: undefined/unknown
2026-08-18 10:19:42 INFO  org.hibernate.orm.core - HHH000489: No JTA platform available (set 'hibernate.transaction.jta.platform' to enable JTA platform integration)
2026-08-18 10:19:42 INFO  o.s.o.j.LocalContainerEntityManagerFactoryBean - Initialized JPA EntityManagerFactory for persistence unit 'default'
2026-08-18 10:19:42 INFO  o.s.d.j.r.q.QueryEnhancerFactories - Hibernate is in classpath; If applicable, HQL parser will be used.
2026-08-18 10:19:50 WARN  o.s.b.j.a.JpaBaseConfiguration$JpaWebConfiguration - spring.jpa.open-in-view is enabled by default. Therefore, database queries may be performed during view rendering. Explicitly configure spring.jpa.open-in-view to disable this warning
2026-08-18 10:19:51 INFO  o.s.v.b.OptionalValidatorFactoryBean - Failed to set up a Bean Validation provider: jakarta.validation.NoProviderFoundException: Unable to create a Configuration, because no Jakarta Validation provider could be found. Add a provider like Hibernate Validator (RI) to your classpath.
2026-08-18 10:19:53 INFO  o.s.m.s.b.SimpleBrokerMessageHandler - Starting...
2026-08-18 10:19:53 INFO  o.s.m.s.b.SimpleBrokerMessageHandler - BrokerAvailabilityEvent[available=true, SimpleBrokerMessageHandler [org.springframework.messaging.simp.broker.DefaultSubscriptionRegistry@15c64ca8]]
2026-08-18 10:19:53 INFO  o.s.m.s.b.SimpleBrokerMessageHandler - Started.
2026-08-18 10:19:53 INFO  o.a.coyote.http11.Http11NioProtocol - Starting ProtocolHandler ["http-nio-0.0.0.0-8084"]
2026-08-18 10:19:53 INFO  o.s.boot.tomcat.TomcatWebServer - Tomcat started on port 8084 (http) with context path '/'
2026-08-18 10:19:53 INFO  c.e.c.T.CollaborationToolApplication - Started CollaborationToolApplication in 31.097 seconds (process running for 34.334)
2026-08-18 10:19:54 INFO  c.e.c.Tool.configuration.AdminSeeder - >>> Admin already exists, skipping: nthengeabraham952@gmail.com
2026-08-18 10:19:54 INFO  c.e.c.Tool.configuration.AdminSeeder - >>> Admin already exists, skipping: chepkemoisheilah794@gmail.com
2026-08-18 10:20:42 INFO  o.a.c.c.C.[Tomcat].[localhost].[/] - Initializing Spring DispatcherServlet 'dispatcherServlet'
2026-08-18 10:20:42 INFO  o.s.web.servlet.DispatcherServlet - Initializing Servlet 'dispatcherServlet'
2026-08-18 10:20:42 INFO  o.s.web.servlet.DispatcherServlet - Completed initialization in 5 ms
2026-08-18 10:20:42 INFO  c.e.c.Tool.security.RateLimitFilter - Request from IP: 10.235.148.185 | URI: /workspace/2/invite | Tokens remaining: 50
2026-08-18 10:20:42 WARN  c.e.c.Tool.security.JwtFilter - JWT Expired: JWT expired at 2026-08-18T07:07:02Z. Current time: 2026-08-18T07:20:42Z, a difference of 820955 milliseconds.  Allowed clock skew: 0 milliseconds.
2026-08-18 10:20:42 INFO  c.e.c.Tool.security.RateLimitFilter - Request from IP: 10.235.148.185 | URI: /user/refresh | Tokens remaining: 49
2026-08-18 10:20:43 INFO  c.e.c.Tool.security.RateLimitFilter - Request from IP: 10.235.148.185 | URI: /workspace/2/invite | Tokens remaining: 48
2026-08-18 10:20:48 INFO  c.e.c.T.s.Impl.EmailServiceImpl - Attempting to send email to: nthengeabraham952@gmail.com
2026-08-18 10:20:51 INFO  c.e.c.T.s.Impl.EmailServiceImpl - Email sent successfully to: nthengeabraham952@gmail.com
2026-08-18 10:20:53 INFO  o.s.w.s.c.WebSocketMessageBrokerStats - WebSocketSession[0 current WS(0)-HttpStream(0)-HttpPoll(0), 0 total, 0 closed abnormally (0 connect failure, 0 send limit, 0 transport error)], stompSubProtocol[processed CONNECT(0)-CONNECTED(0)-DISCONNECT(0)], stompBrokerRelay[null], inboundChannel[pool size = 0, active threads = 0, queued tasks = 0, completed tasks = 0], outboundChannel[pool size = 0, active threads = 0, queued tasks = 0, completed tasks = 0], sockJsScheduler[pool size = 4, active threads = 1, queued tasks = 3, completed tasks = 3]
2026-08-18 10:21:04 INFO  c.e.c.Tool.security.RateLimitFilter - Request from IP: 10.235.148.185 | URI: /issues/active | Tokens remaining: 50
2026-08-18 10:21:14 INFO  c.e.c.Tool.security.RateLimitFilter - Request from IP: 10.235.148.185 | URI: /user/login | Tokens remaining: 50
2026-08-18 10:21:16 INFO  c.e.c.Tool.security.RateLimitFilter - Request from IP: 10.235.148.185 | URI: /workspace/my-workspaces | Tokens remaining: 50
2026-08-18 10:21:16 INFO  c.e.c.Tool.security.RateLimitFilter - Request from IP: 10.235.148.185 | URI: /user/scratchpad | Tokens remaining: 49
2026-08-18 10:21:16 INFO  c.e.c.Tool.security.RateLimitFilter - Request from IP: 10.235.148.185 | URI: /boards/starred | Tokens remaining: 48
2026-08-18 10:21:16 INFO  c.e.c.Tool.security.RateLimitFilter - Request from IP: 10.235.148.185 | URI: /user/recent-boards | Tokens remaining: 47
2026-08-18 10:21:16 INFO  c.e.c.Tool.security.RateLimitFilter - Request from IP: 10.235.148.185 | URI: /workspace/starred | Tokens remaining: 46
2026-08-18 10:21:16 INFO  c.e.c.Tool.security.RateLimitFilter - Request from IP: 10.235.148.185 | URI: /user/notifications/unread-count | Tokens remaining: 47
2026-08-18 10:21:17 INFO  c.e.c.Tool.security.RateLimitFilter - Request from IP: 10.235.148.185 | URI: /boards/workspace/2 | Tokens remaining: 44
2026-08-18 10:21:17 INFO  c.e.c.Tool.security.RateLimitFilter - Request from IP: 10.235.148.185 | URI: /boards/4/lists | Tokens remaining: 44
2026-08-18 10:21:20 INFO  c.e.c.Tool.security.RateLimitFilter - Request from IP: 10.235.148.185 | URI: /workspace/my-invitations | Tokens remaining: 45
2026-08-18 10:21:22 INFO  c.e.c.Tool.security.RateLimitFilter - Request from IP: 10.235.148.185 | URI: /workspace/accept-invite | Tokens remaining: 45
2026-08-18 10:21:22 INFO  c.e.c.Tool.security.RateLimitFilter - Request from IP: 10.235.148.185 | URI: /workspace/my-workspaces | Tokens remaining: 45
2026-08-18 10:21:58 INFO  c.e.c.Tool.security.RateLimitFilter - Request from IP: 10.235.148.185 | URI: /user/recent-boards/5 | Tokens remaining: 50
2026-08-18 10:21:58 INFO  c.e.c.Tool.security.RateLimitFilter - Request from IP: 10.235.148.185 | URI: /boards/5/lists | Tokens remaining: 49
2026-08-18 10:21:59 INFO  c.e.c.Tool.security.RateLimitFilter - Request from IP: 10.235.148.185 | URI: /cards/lists/8/cards | Tokens remaining: 48
2026-08-18 10:21:59 INFO  c.e.c.Tool.security.RateLimitFilter - Request from IP: 10.235.148.185 | URI: /cards/lists/7/cards | Tokens remaining: 48
2026-08-18 10:21:59 INFO  c.e.c.Tool.security.RateLimitFilter - Request from IP: 10.235.148.185 | URI: /user/recent-boards | Tokens remaining: 46
2026-08-18 10:22:05 INFO  c.e.c.Tool.security.RateLimitFilter - Request from IP: 10.235.148.185 | URI: /issues/active | Tokens remaining: 50
2026-08-18 10:22:09 INFO  c.e.c.Tool.security.RateLimitFilter - Request from IP: 10.235.148.185 | URI: /user/login | Tokens remaining: 50
2026-08-18 10:22:10 INFO  c.e.c.Tool.security.RateLimitFilter - Request from IP: 10.235.148.185 | URI: /user/scratchpad | Tokens remaining: 50
2026-08-18 10:22:10 INFO  c.e.c.Tool.security.RateLimitFilter - Request from IP: 10.235.148.185 | URI: /workspace/my-workspaces | Tokens remaining: 50
2026-08-18 10:22:10 INFO  c.e.c.Tool.security.RateLimitFilter - Request from IP: 10.235.148.185 | URI: /user/recent-boards | Tokens remaining: 48
2026-08-18 10:22:10 INFO  c.e.c.Tool.security.RateLimitFilter - Request from IP: 10.235.148.185 | URI: /boards/starred | Tokens remaining: 47
2026-08-18 10:22:10 INFO  c.e.c.Tool.security.RateLimitFilter - Request from IP: 10.235.148.185 | URI: /workspace/starred | Tokens remaining: 46
2026-08-18 10:22:10 INFO  c.e.c.Tool.security.RateLimitFilter - Request from IP: 10.235.148.185 | URI: /user/notifications/unread-count | Tokens remaining: 45
2026-08-18 10:22:11 INFO  c.e.c.Tool.security.RateLimitFilter - Request from IP: 10.235.148.185 | URI: /boards/workspace/2 | Tokens remaining: 44
2026-08-18 10:22:11 INFO  c.e.c.Tool.security.RateLimitFilter - Request from IP: 10.235.148.185 | URI: /boards/4/lists | Tokens remaining: 43
2026-08-18 10:22:17 INFO  c.e.c.Tool.security.RateLimitFilter - Request from IP: 10.235.148.185 | URI: /workspace/2/leave | Tokens remaining: 47
2026-08-18 10:22:29 INFO  c.e.c.Tool.security.RateLimitFilter - Request from IP: 10.235.148.185 | URI: /issues/active | Tokens remaining: 50
2026-08-18 10:22:42 INFO  c.e.c.Tool.security.RateLimitFilter - Request from IP: 10.235.148.185 | URI: /user/login | Tokens remaining: 50
2026-08-18 10:22:43 INFO  c.e.c.Tool.security.RateLimitFilter - Request from IP: 10.235.148.185 | URI: /workspace/my-workspaces | Tokens remaining: 49
2026-08-18 10:22:43 INFO  c.e.c.Tool.security.RateLimitFilter - Request from IP: 10.235.148.185 | URI: /user/scratchpad | Tokens remaining: 48
2026-08-18 10:22:43 INFO  c.e.c.Tool.security.RateLimitFilter - Request from IP: 10.235.148.185 | URI: /workspace/starred | Tokens remaining: 47
2026-08-18 10:22:43 INFO  c.e.c.Tool.security.RateLimitFilter - Request from IP: 10.235.148.185 | URI: /user/notifications/unread-count | Tokens remaining: 46
2026-08-18 10:22:43 INFO  c.e.c.Tool.security.RateLimitFilter - Request from IP: 10.235.148.185 | URI: /boards/starred | Tokens remaining: 45
2026-08-18 10:22:43 INFO  c.e.c.Tool.security.RateLimitFilter - Request from IP: 10.235.148.185 | URI: /user/recent-boards | Tokens remaining: 44
2026-08-18 10:22:43 INFO  c.e.c.Tool.security.RateLimitFilter - Request from IP: 10.235.148.185 | URI: /boards/workspace/2 | Tokens remaining: 44
2026-08-18 10:22:44 INFO  c.e.c.Tool.security.RateLimitFilter - Request from IP: 10.235.148.185 | URI: /boards/4/lists | Tokens remaining: 43
2026-08-18 10:23:07 INFO  c.e.c.Tool.security.RateLimitFilter - Request from IP: 10.235.148.185 | URI: /workspace/2 | Tokens remaining: 50
2026-08-18 10:23:08 WARN  c.e.c.T.e.CollaborationExceptionHandler - Forbidden action: You do not have permission to edit this workspace
2026-08-18 10:25:06 INFO  c.e.c.Tool.security.RateLimitFilter - Request from IP: 10.235.148.185 | URI: /user/scratchpad | Tokens remaining: 50
2026-08-18 10:25:06 INFO  c.e.c.Tool.security.RateLimitFilter - Request from IP: 10.235.148.185 | URI: /user/notifications/unread-count | Tokens remaining: 49
2026-08-18 10:25:06 INFO  c.e.c.Tool.security.RateLimitFilter - Request from IP: 10.235.148.185 | URI: /workspace/starred | Tokens remaining: 48
2026-08-18 10:25:06 INFO  c.e.c.Tool.security.RateLimitFilter - Request from IP: 10.235.148.185 | URI: /workspace/my-workspaces | Tokens remaining: 47
2026-08-18 10:25:06 INFO  c.e.c.Tool.security.RateLimitFilter - Request from IP: 10.235.148.185 | URI: /user/recent-boards | Tokens remaining: 46
2026-08-18 10:25:06 INFO  c.e.c.Tool.security.RateLimitFilter - Request from IP: 10.235.148.185 | URI: /boards/starred | Tokens remaining: 45
2026-08-18 10:25:07 INFO  c.e.c.Tool.security.RateLimitFilter - Request from IP: 10.235.148.185 | URI: /boards/workspace/2 | Tokens remaining: 44
2026-08-18 10:25:08 INFO  c.e.c.Tool.security.RateLimitFilter - Request from IP: 10.235.148.185 | URI: /boards/4/lists | Tokens remaining: 44
2026-08-18 10:25:57 INFO  c.e.c.Tool.security.RateLimitFilter - Request from IP: 10.235.148.185 | URI: /workspace/starred | Tokens remaining: 50
2026-08-18 10:25:57 INFO  c.e.c.Tool.security.RateLimitFilter - Request from IP: 10.235.148.185 | URI: /workspace/my-workspaces | Tokens remaining: 49
2026-08-18 10:25:57 INFO  c.e.c.Tool.security.RateLimitFilter - Request from IP: 10.235.148.185 | URI: /boards/starred | Tokens remaining: 48
2026-08-18 10:25:57 INFO  c.e.c.Tool.security.RateLimitFilter - Request from IP: 10.235.148.185 | URI: /user/notifications/unread-count | Tokens remaining: 47
2026-08-18 10:25:57 INFO  c.e.c.Tool.security.RateLimitFilter - Request from IP: 10.235.148.185 | URI: /user/recent-boards | Tokens remaining: 46
2026-08-18 10:25:57 INFO  c.e.c.Tool.security.RateLimitFilter - Request from IP: 10.235.148.185 | URI: /user/scratchpad | Tokens remaining: 45
2026-08-18 10:25:58 INFO  c.e.c.Tool.security.RateLimitFilter - Request from IP: 10.235.148.185 | URI: /boards/workspace/2 | Tokens remaining: 44
2026-08-18 10:25:58 INFO  c.e.c.Tool.security.RateLimitFilter - Request from IP: 10.235.148.185 | URI: /boards/4/lists | Tokens remaining: 43
2026-08-18 10:26:29 INFO  c.e.c.Tool.security.RateLimitFilter - Request from IP: 10.235.148.185 | URI: /issues/active | Tokens remaining: 50
2026-08-18 10:26:42 INFO  c.e.c.Tool.security.RateLimitFilter - Request from IP: 10.235.148.185 | URI: /user/login | Tokens remaining: 50
2026-08-18 10:26:43 INFO  c.e.c.Tool.security.RateLimitFilter - Request from IP: 10.235.148.185 | URI: /workspace/my-workspaces | Tokens remaining: 49
2026-08-18 10:26:43 INFO  c.e.c.Tool.security.RateLimitFilter - Request from IP: 10.235.148.185 | URI: /user/scratchpad | Tokens remaining: 48
2026-08-18 10:26:43 INFO  c.e.c.Tool.security.RateLimitFilter - Request from IP: 10.235.148.185 | URI: /user/recent-boards | Tokens remaining: 47
2026-08-18 10:26:43 INFO  c.e.c.Tool.security.RateLimitFilter - Request from IP: 10.235.148.185 | URI: /boards/starred | Tokens remaining: 47
2026-08-18 10:26:43 INFO  c.e.c.Tool.security.RateLimitFilter - Request from IP: 10.235.148.185 | URI: /user/notifications/unread-count | Tokens remaining: 45
2026-08-18 10:26:43 INFO  c.e.c.Tool.security.RateLimitFilter - Request from IP: 10.235.148.185 | URI: /workspace/starred | Tokens remaining: 44
2026-08-18 10:26:44 INFO  c.e.c.Tool.security.RateLimitFilter - Request from IP: 10.235.148.185 | URI: /boards/workspace/2 | Tokens remaining: 44
2026-08-18 10:26:44 INFO  c.e.c.Tool.security.RateLimitFilter - Request from IP: 10.235.148.185 | URI: /boards/4/lists | Tokens remaining: 43
2026-08-18 10:28:32 INFO  c.e.c.Tool.security.RateLimitFilter - Request from IP: 10.235.148.185 | URI: /workspace/2 | Tokens remaining: 50
2026-08-18 10:28:32 INFO  c.e.c.Tool.security.RateLimitFilter - Request from IP: 10.235.148.185 | URI: /boards/workspace/2 | Tokens remaining: 50
2026-08-18 10:28:33 INFO  c.e.c.Tool.security.RateLimitFilter - Request from IP: 10.235.148.185 | URI: /boards/4/lists | Tokens remaining: 48
2026-08-18 10:28:33 INFO  c.e.c.Tool.security.RateLimitFilter - Request from IP: 10.235.148.185 | URI: /board/4/members | Tokens remaining: 47
2026-08-18 10:28:54 INFO  c.e.c.Tool.security.RateLimitFilter - Request from IP: 10.235.148.185 | URI: /board/4/members | Tokens remaining: 50
2026-08-18 10:28:55 WARN  c.e.c.T.e.CollaborationExceptionHandler - Forbidden action: Not a board member
2026-08-18 10:29:10 INFO  c.e.c.Tool.security.RateLimitFilter - Request from IP: 10.235.148.185 | URI: /board/4/members | Tokens remaining: 50
2026-08-18 10:29:10 WARN  c.e.c.T.e.CollaborationExceptionHandler - Forbidden action: Not a board member
2026-08-18 10:29:15 INFO  c.e.c.Tool.security.RateLimitFilter - Request from IP: 10.235.148.185 | URI: /boards/5/lists | Tokens remaining: 50
2026-08-18 10:29:15 INFO  c.e.c.Tool.security.RateLimitFilter - Request from IP: 10.235.148.185 | URI: /board/5/members | Tokens remaining: 50
2026-08-18 10:29:16 INFO  c.e.c.Tool.security.RateLimitFilter - Request from IP: 10.235.148.185 | URI: /cards/lists/7/cards | Tokens remaining: 48
2026-08-18 10:29:16 INFO  c.e.c.Tool.security.RateLimitFilter - Request from IP: 10.235.148.185 | URI: /cards/lists/8/cards | Tokens remaining: 48
2026-08-18 10:29:27 INFO  c.e.c.Tool.security.RateLimitFilter - Request from IP: 10.235.148.185 | URI: /board/5/members | Tokens remaining: 50
2026-08-18 10:29:27 WARN  c.e.c.T.e.CollaborationExceptionHandler - Forbidden action: Not a board member
2026-08-18 10:30:49 INFO  c.e.c.Tool.security.RateLimitFilter - Request from IP: 10.235.148.185 | URI: /board/5/members | Tokens remaining: 50
2026-08-18 10:30:50 WARN  c.e.c.T.e.CollaborationExceptionHandler - Forbidden action: Not a board member
2026-08-18 10:32:47 INFO  c.e.c.Tool.security.RateLimitFilter - Request from IP: 10.235.148.185 | URI: /workspace/my-workspaces | Tokens remaining: 50
2026-08-18 10:32:47 INFO  c.e.c.Tool.security.RateLimitFilter - Request from IP: 10.235.148.185 | URI: /user/scratchpad | Tokens remaining: 49
2026-08-18 10:32:47 INFO  c.e.c.Tool.security.RateLimitFilter - Request from IP: 10.235.148.185 | URI: /user/notifications/unread-count | Tokens remaining: 48
2026-08-18 10:32:47 INFO  c.e.c.Tool.security.RateLimitFilter - Request from IP: 10.235.148.185 | URI: /user/recent-boards | Tokens remaining: 47
2026-08-18 10:32:47 INFO  c.e.c.Tool.security.RateLimitFilter - Request from IP: 10.235.148.185 | URI: /workspace/starred | Tokens remaining: 46
2026-08-18 10:32:47 INFO  c.e.c.Tool.security.RateLimitFilter - Request from IP: 10.235.148.185 | URI: /boards/starred | Tokens remaining: 45
2026-08-18 10:32:47 INFO  c.e.c.Tool.security.RateLimitFilter - Request from IP: 10.235.148.185 | URI: /boards/workspace/2 | Tokens remaining: 44
2026-08-18 10:32:48 INFO  c.e.c.Tool.security.RateLimitFilter - Request from IP: 10.235.148.185 | URI: /boards/4/lists | Tokens remaining: 43
2026-08-18 10:40:25 INFO  c.e.c.Tool.security.RateLimitFilter - Request from IP: 10.235.148.185 | URI: /workspace/my-invitations | Tokens remaining: 50
2026-08-18 10:50:53 INFO  o.s.w.s.c.WebSocketMessageBrokerStats - WebSocketSession[0 current WS(0)-HttpStream(0)-HttpPoll(0), 0 total, 0 closed abnormally (0 connect failure, 0 send limit, 0 transport error)], stompSubProtocol[processed CONNECT(0)-CONNECTED(0)-DISCONNECT(0)], stompBrokerRelay[null], inboundChannel[pool size = 0, active threads = 0, queued tasks = 0, completed tasks = 0], outboundChannel[pool size = 0, active threads = 0, queued tasks = 0, completed tasks = 0], sockJsScheduler[pool size = 4, active threads = 1, queued tasks = 3, completed tasks = 64]
2026-08-18 11:20:53 INFO  o.s.w.s.c.WebSocketMessageBrokerStats - WebSocketSession[0 current WS(0)-HttpStream(0)-HttpPoll(0), 0 total, 0 closed abnormally (0 connect failure, 0 send limit, 0 transport error)], stompSubProtocol[processed CONNECT(0)-CONNECTED(0)-DISCONNECT(0)], stompBrokerRelay[null], inboundChannel[pool size = 0, active threads = 0, queued tasks = 0, completed tasks = 0], outboundChannel[pool size = 0, active threads = 0, queued tasks = 0, completed tasks = 0], sockJsScheduler[pool size = 4, active threads = 2, queued tasks = 2, completed tasks = 126]
2026-08-18 11:31:39 INFO  o.s.boot.tomcat.GracefulShutdown - Commencing graceful shutdown. Waiting for active requests to complete
2026-08-18 11:31:39 INFO  o.s.boot.tomcat.GracefulShutdown - Graceful shutdown complete
2026-08-18 11:31:39 INFO  o.s.m.s.b.SimpleBrokerMessageHandler - Stopping...
2026-08-18 11:31:39 INFO  o.s.m.s.b.SimpleBrokerMessageHandler - BrokerAvailabilityEvent[available=false, SimpleBrokerMessageHandler [org.springframework.messaging.simp.broker.DefaultSubscriptionRegistry@15c64ca8]]
2026-08-18 11:31:39 INFO  o.s.m.s.b.SimpleBrokerMessageHandler - Stopped.
2026-08-18 11:31:42 INFO  o.s.o.j.LocalContainerEntityManagerFactoryBean - Closing JPA EntityManagerFactory for persistence unit 'default'
2026-08-18 11:31:42 INFO  com.zaxxer.hikari.HikariDataSource - HikariPool-1 - Shutdown initiated...
2026-08-18 11:31:42 INFO  com.zaxxer.hikari.HikariDataSource - HikariPool-1 - Shutdown completed.
2026-08-18 11:32:10 INFO  c.e.c.T.CollaborationToolApplication - Starting CollaborationToolApplication using Java 21.0.8 with PID 3832 (C:\Abraham\Code\Eclectics\Collaboration-Tool\target\classes started by pc in C:\Abraham\Code\Eclectics\Collaboration-Tool)
2026-08-18 11:32:10 INFO  c.e.c.T.CollaborationToolApplication - The following 1 profile is active: "prod"
2026-08-18 11:32:15 INFO  o.s.d.r.c.RepositoryConfigurationDelegate - Multiple Spring Data modules found, entering strict repository configuration mode
2026-08-18 11:32:15 INFO  o.s.d.r.c.RepositoryConfigurationDelegate - Bootstrapping Spring Data JPA repositories in DEFAULT mode.
2026-08-18 11:32:16 INFO  o.s.d.r.c.RepositoryConfigurationDelegate - Finished Spring Data repository scanning in 739 ms. Found 25 JPA repository interfaces.
2026-08-18 11:32:16 INFO  o.s.d.r.c.RepositoryConfigurationDelegate - Multiple Spring Data modules found, entering strict repository configuration mode
2026-08-18 11:32:16 INFO  o.s.d.r.c.RepositoryConfigurationDelegate - Bootstrapping Spring Data Redis repositories in DEFAULT mode.
2026-08-18 11:32:16 INFO  o.s.d.r.c.RepositoryConfigurationExtensionSupport - Spring Data Redis - Could not safely identify store assignment for repository candidate interface com.eclectics.collaboration.Tool.repository.ActivityLogRepository; If you want this repository to be a Redis repository, consider annotating your entities with one of these annotations: org.springframework.data.redis.core.RedisHash (preferred), or consider extending one of the following types with your repository: org.springframework.data.keyvalue.repository.KeyValueRepository
2026-08-18 11:32:16 INFO  o.s.d.r.c.RepositoryConfigurationExtensionSupport - Spring Data Redis - Could not safely identify store assignment for repository candidate interface com.eclectics.collaboration.Tool.repository.BoardMemberRepository; If you want this repository to be a Redis repository, consider annotating your entities with one of these annotations: org.springframework.data.redis.core.RedisHash (preferred), or consider extending one of the following types with your repository: org.springframework.data.keyvalue.repository.KeyValueRepository
2026-08-18 11:32:16 INFO  o.s.d.r.c.RepositoryConfigurationExtensionSupport - Spring Data Redis - Could not safely identify store assignment for repository candidate interface com.eclectics.collaboration.Tool.repository.BoardsRepository; If you want this repository to be a Redis repository, consider annotating your entities with one of these annotations: org.springframework.data.redis.core.RedisHash (preferred), or consider extending one of the following types with your repository: org.springframework.data.keyvalue.repository.KeyValueRepository
2026-08-18 11:32:16 INFO  o.s.d.r.c.RepositoryConfigurationExtensionSupport - Spring Data Redis - Could not safely identify store assignment for repository candidate interface com.eclectics.collaboration.Tool.repository.CardAssigneeRepository; If you want this repository to be a Redis repository, consider annotating your entities with one of these annotations: org.springframework.data.redis.core.RedisHash (preferred), or consider extending one of the following types with your repository: org.springframework.data.keyvalue.repository.KeyValueRepository
2026-08-18 11:32:16 INFO  o.s.d.r.c.RepositoryConfigurationExtensionSupport - Spring Data Redis - Could not safely identify store assignment for repository candidate interface com.eclectics.collaboration.Tool.repository.CardLabelRepository; If you want this repository to be a Redis repository, consider annotating your entities with one of these annotations: org.springframework.data.redis.core.RedisHash (preferred), or consider extending one of the following types with your repository: org.springframework.data.keyvalue.repository.KeyValueRepository
2026-08-18 11:32:16 INFO  o.s.d.r.c.RepositoryConfigurationExtensionSupport - Spring Data Redis - Could not safely identify store assignment for repository candidate interface com.eclectics.collaboration.Tool.repository.CardRepository; If you want this repository to be a Redis repository, consider annotating your entities with one of these annotations: org.springframework.data.redis.core.RedisHash (preferred), or consider extending one of the following types with your repository: org.springframework.data.keyvalue.repository.KeyValueRepository
2026-08-18 11:32:16 INFO  o.s.d.r.c.RepositoryConfigurationExtensionSupport - Spring Data Redis - Could not safely identify store assignment for repository candidate interface com.eclectics.collaboration.Tool.repository.CommentMentionRepository; If you want this repository to be a Redis repository, consider annotating your entities with one of these annotations: org.springframework.data.redis.core.RedisHash (preferred), or consider extending one of the following types with your repository: org.springframework.data.keyvalue.repository.KeyValueRepository
2026-08-18 11:32:16 INFO  o.s.d.r.c.RepositoryConfigurationExtensionSupport - Spring Data Redis - Could not safely identify store assignment for repository candidate interface com.eclectics.collaboration.Tool.repository.CommentRepository; If you want this repository to be a Redis repository, consider annotating your entities with one of these annotations: org.springframework.data.redis.core.RedisHash (preferred), or consider extending one of the following types with your repository: org.springframework.data.keyvalue.repository.KeyValueRepository
2026-08-18 11:32:16 INFO  o.s.d.r.c.RepositoryConfigurationExtensionSupport - Spring Data Redis - Could not safely identify store assignment for repository candidate interface com.eclectics.collaboration.Tool.repository.DueDateReminderRepository; If you want this repository to be a Redis repository, consider annotating your entities with one of these annotations: org.springframework.data.redis.core.RedisHash (preferred), or consider extending one of the following types with your repository: org.springframework.data.keyvalue.repository.KeyValueRepository
2026-08-18 11:32:16 INFO  o.s.d.r.c.RepositoryConfigurationExtensionSupport - Spring Data Redis - Could not safely identify store assignment for repository candidate interface com.eclectics.collaboration.Tool.repository.FAQRepository; If you want this repository to be a Redis repository, consider annotating your entities with one of these annotations: org.springframework.data.redis.core.RedisHash (preferred), or consider extending one of the following types with your repository: org.springframework.data.keyvalue.repository.KeyValueRepository
2026-08-18 11:32:16 INFO  o.s.d.r.c.RepositoryConfigurationExtensionSupport - Spring Data Redis - Could not safely identify store assignment for repository candidate interface com.eclectics.collaboration.Tool.repository.InvitationRepository; If you want this repository to be a Redis repository, consider annotating your entities with one of these annotations: org.springframework.data.redis.core.RedisHash (preferred), or consider extending one of the following types with your repository: org.springframework.data.keyvalue.repository.KeyValueRepository
2026-08-18 11:32:16 INFO  o.s.d.r.c.RepositoryConfigurationExtensionSupport - Spring Data Redis - Could not safely identify store assignment for repository candidate interface com.eclectics.collaboration.Tool.repository.IssueRepository; If you want this repository to be a Redis repository, consider annotating your entities with one of these annotations: org.springframework.data.redis.core.RedisHash (preferred), or consider extending one of the following types with your repository: org.springframework.data.keyvalue.repository.KeyValueRepository
2026-08-18 11:32:16 INFO  o.s.d.r.c.RepositoryConfigurationExtensionSupport - Spring Data Redis - Could not safely identify store assignment for repository candidate interface com.eclectics.collaboration.Tool.repository.LabelRepository; If you want this repository to be a Redis repository, consider annotating your entities with one of these annotations: org.springframework.data.redis.core.RedisHash (preferred), or consider extending one of the following types with your repository: org.springframework.data.keyvalue.repository.KeyValueRepository
2026-08-18 11:32:16 INFO  o.s.d.r.c.RepositoryConfigurationExtensionSupport - Spring Data Redis - Could not safely identify store assignment for repository candidate interface com.eclectics.collaboration.Tool.repository.ListEntityRepository; If you want this repository to be a Redis repository, consider annotating your entities with one of these annotations: org.springframework.data.redis.core.RedisHash (preferred), or consider extending one of the following types with your repository: org.springframework.data.keyvalue.repository.KeyValueRepository
2026-08-18 11:32:16 INFO  o.s.d.r.c.RepositoryConfigurationExtensionSupport - Spring Data Redis - Could not safely identify store assignment for repository candidate interface com.eclectics.collaboration.Tool.repository.NotificationPreferenceRepository; If you want this repository to be a Redis repository, consider annotating your entities with one of these annotations: org.springframework.data.redis.core.RedisHash (preferred), or consider extending one of the following types with your repository: org.springframework.data.keyvalue.repository.KeyValueRepository
2026-08-18 11:32:16 INFO  o.s.d.r.c.RepositoryConfigurationExtensionSupport - Spring Data Redis - Could not safely identify store assignment for repository candidate interface com.eclectics.collaboration.Tool.repository.NotificationRepository; If you want this repository to be a Redis repository, consider annotating your entities with one of these annotations: org.springframework.data.redis.core.RedisHash (preferred), or consider extending one of the following types with your repository: org.springframework.data.keyvalue.repository.KeyValueRepository
2026-08-18 11:32:16 INFO  o.s.d.r.c.RepositoryConfigurationExtensionSupport - Spring Data Redis - Could not safely identify store assignment for repository candidate interface com.eclectics.collaboration.Tool.repository.RefreshTokenRepository; If you want this repository to be a Redis repository, consider annotating your entities with one of these annotations: org.springframework.data.redis.core.RedisHash (preferred), or consider extending one of the following types with your repository: org.springframework.data.keyvalue.repository.KeyValueRepository
2026-08-18 11:32:16 INFO  o.s.d.r.c.RepositoryConfigurationExtensionSupport - Spring Data Redis - Could not safely identify store assignment for repository candidate interface com.eclectics.collaboration.Tool.repository.StarredBoardRepository; If you want this repository to be a Redis repository, consider annotating your entities with one of these annotations: org.springframework.data.redis.core.RedisHash (preferred), or consider extending one of the following types with your repository: org.springframework.data.keyvalue.repository.KeyValueRepository
2026-08-18 11:32:16 INFO  o.s.d.r.c.RepositoryConfigurationExtensionSupport - Spring Data Redis - Could not safely identify store assignment for repository candidate interface com.eclectics.collaboration.Tool.repository.StarredWorkspaceRepository; If you want this repository to be a Redis repository, consider annotating your entities with one of these annotations: org.springframework.data.redis.core.RedisHash (preferred), or consider extending one of the following types with your repository: org.springframework.data.keyvalue.repository.KeyValueRepository
2026-08-18 11:32:16 INFO  o.s.d.r.c.RepositoryConfigurationExtensionSupport - Spring Data Redis - Could not safely identify store assignment for repository candidate interface com.eclectics.collaboration.Tool.repository.SystemConfigRepository; If you want this repository to be a Redis repository, consider annotating your entities with one of these annotations: org.springframework.data.redis.core.RedisHash (preferred), or consider extending one of the following types with your repository: org.springframework.data.keyvalue.repository.KeyValueRepository
2026-08-18 11:32:16 INFO  o.s.d.r.c.RepositoryConfigurationExtensionSupport - Spring Data Redis - Could not safely identify store assignment for repository candidate interface com.eclectics.collaboration.Tool.repository.TalkRepository; If you want this repository to be a Redis repository, consider annotating your entities with one of these annotations: org.springframework.data.redis.core.RedisHash (preferred), or consider extending one of the following types with your repository: org.springframework.data.keyvalue.repository.KeyValueRepository
2026-08-18 11:32:16 INFO  o.s.d.r.c.RepositoryConfigurationExtensionSupport - Spring Data Redis - Could not safely identify store assignment for repository candidate interface com.eclectics.collaboration.Tool.repository.UserRecentBoardRepository; If you want this repository to be a Redis repository, consider annotating your entities with one of these annotations: org.springframework.data.redis.core.RedisHash (preferred), or consider extending one of the following types with your repository: org.springframework.data.keyvalue.repository.KeyValueRepository
2026-08-18 11:32:16 INFO  o.s.d.r.c.RepositoryConfigurationExtensionSupport - Spring Data Redis - Could not safely identify store assignment for repository candidate interface com.eclectics.collaboration.Tool.repository.UserRespository; If you want this repository to be a Redis repository, consider annotating your entities with one of these annotations: org.springframework.data.redis.core.RedisHash (preferred), or consider extending one of the following types with your repository: org.springframework.data.keyvalue.repository.KeyValueRepository
2026-08-18 11:32:16 INFO  o.s.d.r.c.RepositoryConfigurationExtensionSupport - Spring Data Redis - Could not safely identify store assignment for repository candidate interface com.eclectics.collaboration.Tool.repository.WorkSpaceMemberRepository; If you want this repository to be a Redis repository, consider annotating your entities with one of these annotations: org.springframework.data.redis.core.RedisHash (preferred), or consider extending one of the following types with your repository: org.springframework.data.keyvalue.repository.KeyValueRepository
2026-08-18 11:32:16 INFO  o.s.d.r.c.RepositoryConfigurationExtensionSupport - Spring Data Redis - Could not safely identify store assignment for repository candidate interface com.eclectics.collaboration.Tool.repository.WorkSpaceReposiroty; If you want this repository to be a Redis repository, consider annotating your entities with one of these annotations: org.springframework.data.redis.core.RedisHash (preferred), or consider extending one of the following types with your repository: org.springframework.data.keyvalue.repository.KeyValueRepository
2026-08-18 11:32:16 INFO  o.s.d.r.c.RepositoryConfigurationDelegate - Finished Spring Data repository scanning in 95 ms. Found 0 Redis repository interfaces.
2026-08-18 11:32:19 INFO  o.s.boot.tomcat.TomcatWebServer - Tomcat initialized with port 8084 (http)
2026-08-18 11:32:19 INFO  o.a.coyote.http11.Http11NioProtocol - Initializing ProtocolHandler ["http-nio-0.0.0.0-8084"]
2026-08-18 11:32:19 INFO  o.a.catalina.core.StandardService - Starting service [Tomcat]
2026-08-18 11:32:19 INFO  o.a.catalina.core.StandardEngine - Starting Servlet engine: [Apache Tomcat/11.0.15]
2026-08-18 11:32:19 INFO  o.s.b.w.c.s.WebApplicationContextInitializer - Root WebApplicationContext: initialization completed in 8358 ms
2026-08-18 11:32:19 INFO  com.zaxxer.hikari.HikariDataSource - HikariPool-1 - Starting...
2026-08-18 11:32:20 INFO  com.zaxxer.hikari.pool.HikariPool - HikariPool-1 - Added connection org.postgresql.jdbc.PgConnection@63f3366a
2026-08-18 11:32:20 INFO  com.zaxxer.hikari.HikariDataSource - HikariPool-1 - Start completed.
2026-08-18 11:32:21 INFO  org.hibernate.orm.jpa - HHH008540: Processing PersistenceUnitInfo [name: default]
2026-08-18 11:32:21 INFO  org.hibernate.orm.core - HHH000001: Hibernate ORM core version 7.2.1.Final
2026-08-18 11:32:24 INFO  o.s.o.j.p.SpringPersistenceUnitInfo - No LoadTimeWeaver setup: ignoring JPA class transformer
2026-08-18 11:32:24 INFO  o.hibernate.orm.connections.pooling - HHH10001005: Database info:
	Database JDBC URL [jdbc:postgresql://localhost:5432/collaborationTool]
	Database driver: PostgreSQL JDBC Driver
	Database dialect: PostgreSQLDialect
	Database version: 17.6
	Default catalog/schema: collaborationTool/public
	Autocommit mode: undefined/unknown
	Isolation level: READ_COMMITTED [default READ_COMMITTED]
	JDBC fetch size: none
	Pool: DataSourceConnectionProvider
	Minimum pool size: undefined/unknown
	Maximum pool size: undefined/unknown
2026-08-18 11:32:28 INFO  org.hibernate.orm.core - HHH000489: No JTA platform available (set 'hibernate.transaction.jta.platform' to enable JTA platform integration)
2026-08-18 11:32:28 INFO  o.s.o.j.LocalContainerEntityManagerFactoryBean - Initialized JPA EntityManagerFactory for persistence unit 'default'
2026-08-18 11:32:28 INFO  o.s.d.j.r.q.QueryEnhancerFactories - Hibernate is in classpath; If applicable, HQL parser will be used.
2026-08-18 11:32:36 WARN  o.s.b.j.a.JpaBaseConfiguration$JpaWebConfiguration - spring.jpa.open-in-view is enabled by default. Therefore, database queries may be performed during view rendering. Explicitly configure spring.jpa.open-in-view to disable this warning
2026-08-18 11:32:37 INFO  o.s.v.b.OptionalValidatorFactoryBean - Failed to set up a Bean Validation provider: jakarta.validation.NoProviderFoundException: Unable to create a Configuration, because no Jakarta Validation provider could be found. Add a provider like Hibernate Validator (RI) to your classpath.
2026-08-18 11:32:40 INFO  o.s.m.s.b.SimpleBrokerMessageHandler - Starting...
2026-08-18 11:32:40 INFO  o.s.m.s.b.SimpleBrokerMessageHandler - BrokerAvailabilityEvent[available=true, SimpleBrokerMessageHandler [org.springframework.messaging.simp.broker.DefaultSubscriptionRegistry@47531db1]]
2026-08-18 11:32:40 INFO  o.s.m.s.b.SimpleBrokerMessageHandler - Started.
2026-08-18 11:32:40 INFO  o.a.coyote.http11.Http11NioProtocol - Starting ProtocolHandler ["http-nio-0.0.0.0-8084"]
2026-08-18 11:32:40 INFO  o.s.boot.tomcat.TomcatWebServer - Tomcat started on port 8084 (http) with context path '/'
2026-08-18 11:32:40 INFO  c.e.c.T.CollaborationToolApplication - Started CollaborationToolApplication in 32.327 seconds (process running for 36.249)
2026-08-18 11:32:41 INFO  c.e.c.Tool.configuration.AdminSeeder - >>> Admin already exists, skipping: nthengeabraham952@gmail.com
2026-08-18 11:32:41 INFO  c.e.c.Tool.configuration.AdminSeeder - >>> Admin already exists, skipping: chepkemoisheilah794@gmail.com
2026-08-18 11:32:53 INFO  o.a.c.c.C.[Tomcat].[localhost].[/] - Initializing Spring DispatcherServlet 'dispatcherServlet'
2026-08-18 11:32:53 INFO  o.s.web.servlet.DispatcherServlet - Initializing Servlet 'dispatcherServlet'
2026-08-18 11:32:53 INFO  o.s.web.servlet.DispatcherServlet - Completed initialization in 8 ms
2026-08-18 11:32:54 INFO  c.e.c.Tool.security.RateLimitFilter - Request from IP: 10.235.148.185 | URI: /workspace/2 | Tokens remaining: 50
2026-08-18 11:32:54 INFO  c.e.c.Tool.security.RateLimitFilter - Request from IP: 10.235.148.185 | URI: /boards/workspace/2 | Tokens remaining: 50
2026-08-18 11:32:54 WARN  c.e.c.Tool.security.JwtFilter - JWT Expired: JWT expired at 2026-08-18T07:41:43Z. Current time: 2026-08-18T08:32:54Z, a difference of 3071255 milliseconds.  Allowed clock skew: 0 milliseconds.
2026-08-18 11:32:54 WARN  c.e.c.Tool.security.JwtFilter - JWT Expired: JWT expired at 2026-08-18T07:41:43Z. Current time: 2026-08-18T08:32:54Z, a difference of 3071255 milliseconds.  Allowed clock skew: 0 milliseconds.
2026-08-18 11:32:54 INFO  c.e.c.Tool.security.RateLimitFilter - Request from IP: 10.235.148.185 | URI: /user/refresh | Tokens remaining: 48
2026-08-18 11:32:55 INFO  c.e.c.Tool.security.RateLimitFilter - Request from IP: 10.235.148.185 | URI: /workspace/2 | Tokens remaining: 47
2026-08-18 11:32:55 INFO  c.e.c.Tool.security.RateLimitFilter - Request from IP: 10.235.148.185 | URI: /boards/workspace/2 | Tokens remaining: 46
2026-08-18 11:33:04 INFO  c.e.c.Tool.security.RateLimitFilter - Request from IP: 10.235.148.185 | URI: /board/4/members | Tokens remaining: 50
2026-08-18 11:33:04 INFO  c.e.c.Tool.security.RateLimitFilter - Request from IP: 10.235.148.185 | URI: /boards/4/lists | Tokens remaining: 49
2026-08-18 11:33:04 INFO  c.e.c.Tool.security.RateLimitFilter - Request from IP: 10.235.148.185 | URI: /user/scratchpad | Tokens remaining: 48
2026-08-18 11:33:04 INFO  c.e.c.Tool.security.RateLimitFilter - Request from IP: 10.235.148.185 | URI: /user/recent-boards | Tokens remaining: 47
2026-08-18 11:33:04 INFO  c.e.c.Tool.security.RateLimitFilter - Request from IP: 10.235.148.185 | URI: /workspace/starred | Tokens remaining: 46
2026-08-18 11:33:04 INFO  c.e.c.Tool.security.RateLimitFilter - Request from IP: 10.235.148.185 | URI: /boards/starred | Tokens remaining: 45
2026-08-18 11:33:04 INFO  c.e.c.Tool.security.RateLimitFilter - Request from IP: 10.235.148.185 | URI: /user/notifications/unread-count | Tokens remaining: 44
2026-08-18 11:33:04 INFO  c.e.c.Tool.security.RateLimitFilter - Request from IP: 10.235.148.185 | URI: /workspace/my-workspaces | Tokens remaining: 43
2026-08-18 11:33:05 INFO  c.e.c.Tool.security.RateLimitFilter - Request from IP: 10.235.148.185 | URI: /boards/workspace/2 | Tokens remaining: 42
2026-08-18 11:33:05 INFO  c.e.c.Tool.security.RateLimitFilter - Request from IP: 10.235.148.185 | URI: /boards/4/lists | Tokens remaining: 42
2026-08-18 11:33:06 INFO  c.e.c.Tool.security.RateLimitFilter - Request from IP: 10.235.148.185 | URI: /workspace/2 | Tokens remaining: 42
2026-08-18 11:33:06 INFO  c.e.c.Tool.security.RateLimitFilter - Request from IP: 10.235.148.185 | URI: /boards/workspace/2 | Tokens remaining: 42
2026-08-18 11:33:07 INFO  c.e.c.Tool.security.RateLimitFilter - Request from IP: 10.235.148.185 | URI: /boards/4/lists | Tokens remaining: 40
2026-08-18 11:33:07 INFO  c.e.c.Tool.security.RateLimitFilter - Request from IP: 10.235.148.185 | URI: /board/4/members | Tokens remaining: 40
2026-08-18 11:33:09 INFO  c.e.c.Tool.security.RateLimitFilter - Request from IP: 10.235.148.185 | URI: /boards/5/lists | Tokens remaining: 40
2026-08-18 11:33:09 INFO  c.e.c.Tool.security.RateLimitFilter - Request from IP: 10.235.148.185 | URI: /board/5/members | Tokens remaining: 40
2026-08-18 11:33:10 INFO  c.e.c.Tool.security.RateLimitFilter - Request from IP: 10.235.148.185 | URI: /cards/lists/8/cards | Tokens remaining: 38
2026-08-18 11:33:10 INFO  c.e.c.Tool.security.RateLimitFilter - Request from IP: 10.235.148.185 | URI: /cards/lists/7/cards | Tokens remaining: 37
2026-08-18 11:33:17 INFO  c.e.c.Tool.security.RateLimitFilter - Request from IP: 10.235.148.185 | URI: /board/5/members | Tokens remaining: 43
2026-08-18 11:33:17 INFO  c.e.c.T.s.Impl.EmailServiceImpl - Attempting to send email to: nthengeabraham952@gmail.com
2026-08-18 11:33:20 INFO  c.e.c.T.s.Impl.EmailServiceImpl - Email sent successfully to: nthengeabraham952@gmail.com
2026-08-18 11:33:20 INFO  c.e.c.Tool.security.RateLimitFilter - Request from IP: 10.235.148.185 | URI: /board/5/members | Tokens remaining: 44
2026-08-18 11:33:29 INFO  c.e.c.Tool.security.RateLimitFilter - Request from IP: 10.235.148.185 | URI: /board/4/members | Tokens remaining: 50
2026-08-18 11:33:29 INFO  c.e.c.Tool.security.RateLimitFilter - Request from IP: 10.235.148.185 | URI: /boards/4/lists | Tokens remaining: 49
2026-08-18 11:33:34 INFO  c.e.c.Tool.security.RateLimitFilter - Request from IP: 10.235.148.185 | URI: /board/4/members | Tokens remaining: 50
2026-08-18 11:33:34 INFO  c.e.c.T.s.Impl.EmailServiceImpl - Attempting to send email to: nthengesj@gmail.com
2026-08-18 11:33:35 INFO  c.e.c.T.s.Impl.EmailServiceImpl - Email sent successfully to: nthengesj@gmail.com
2026-08-18 11:33:35 INFO  c.e.c.Tool.security.RateLimitFilter - Request from IP: 10.235.148.185 | URI: /board/4/members | Tokens remaining: 49
2026-08-18 11:33:40 INFO  o.s.w.s.c.WebSocketMessageBrokerStats - WebSocketSession[0 current WS(0)-HttpStream(0)-HttpPoll(0), 0 total, 0 closed abnormally (0 connect failure, 0 send limit, 0 transport error)], stompSubProtocol[processed CONNECT(0)-CONNECTED(0)-DISCONNECT(0)], stompBrokerRelay[null], inboundChannel[pool size = 0, active threads = 0, queued tasks = 0, completed tasks = 0], outboundChannel[pool size = 0, active threads = 0, queued tasks = 0, completed tasks = 0], sockJsScheduler[pool size = 4, active threads = 1, queued tasks = 3, completed tasks = 3]
2026-08-18 11:33:43 INFO  c.e.c.Tool.security.RateLimitFilter - Request from IP: 10.235.148.185 | URI: /user/scratchpad | Tokens remaining: 50
2026-08-18 11:33:43 INFO  c.e.c.Tool.security.RateLimitFilter - Request from IP: 10.235.148.185 | URI: /workspace/my-workspaces | Tokens remaining: 49
2026-08-18 11:33:43 INFO  c.e.c.Tool.security.RateLimitFilter - Request from IP: 10.235.148.185 | URI: /user/recent-boards | Tokens remaining: 48
2026-08-18 11:33:43 INFO  c.e.c.Tool.security.RateLimitFilter - Request from IP: 10.235.148.185 | URI: /boards/starred | Tokens remaining: 47
2026-08-18 11:33:43 INFO  c.e.c.Tool.security.RateLimitFilter - Request from IP: 10.235.148.185 | URI: /workspace/starred | Tokens remaining: 46
2026-08-18 11:33:43 INFO  c.e.c.Tool.security.RateLimitFilter - Request from IP: 10.235.148.185 | URI: /user/notifications/unread-count | Tokens remaining: 45
2026-08-18 11:33:44 INFO  c.e.c.Tool.security.RateLimitFilter - Request from IP: 10.235.148.185 | URI: /boards/workspace/2 | Tokens remaining: 44
2026-08-18 11:33:44 INFO  c.e.c.Tool.security.RateLimitFilter - Request from IP: 10.235.148.185 | URI: /boards/4/lists | Tokens remaining: 43
2026-08-18 11:34:02 INFO  c.e.c.Tool.security.RateLimitFilter - Request from IP: 10.235.148.185 | URI: /user/notifications | Tokens remaining: 50
2026-08-18 11:34:02 WARN  o.s.d.w.c.SpringDataJackson3Configuration$PageModule$WarningLoggingModifier - Serializing PageImpl instances as-is is not supported, meaning that there is no guarantee about the stability of the resulting JSON structure!
	For a stable JSON structure, please use Spring Data's PagedModel (globally via @EnableSpringDataWebSupport(pageSerializationMode = VIA_DTO))
	or Spring HATEOAS and Spring Data's PagedResourcesAssembler as documented in https://docs.spring.io/spring-data/commons/reference/repositories/core-extensions.html#core.web.pageables.

2026-08-18 11:34:04 INFO  c.e.c.Tool.security.RateLimitFilter - Request from IP: 10.235.148.185 | URI: /user/notifications | Tokens remaining: 50
2026-08-18 11:34:26 INFO  c.e.c.Tool.security.RateLimitFilter - Request from IP: 10.235.148.185 | URI: /user/notifications | Tokens remaining: 50
2026-08-18 11:34:34 INFO  c.e.c.Tool.security.RateLimitFilter - Request from IP: 10.235.148.185 | URI: /user/notifications | Tokens remaining: 50
2026-08-18 11:34:51 INFO  c.e.c.Tool.security.RateLimitFilter - Request from IP: 10.235.148.185 | URI: /user/notifications | Tokens remaining: 50
2026-08-18 11:35:11 INFO  c.e.c.Tool.security.RateLimitFilter - Request from IP: 10.235.148.185 | URI: /user/notifications/read-all | Tokens remaining: 50
2026-08-18 11:35:20 INFO  c.e.c.Tool.security.RateLimitFilter - Request from IP: 10.235.148.185 | URI: /user/notifications | Tokens remaining: 50
2026-08-18 11:35:25 INFO  c.e.c.Tool.security.RateLimitFilter - Request from IP: 10.235.148.185 | URI: /user/notifications | Tokens remaining: 50
2026-08-18 11:35:32 INFO  c.e.c.Tool.security.RateLimitFilter - Request from IP: 10.235.148.185 | URI: /boards/workspace/2 | Tokens remaining: 50
2026-08-18 11:35:32 INFO  c.e.c.Tool.security.RateLimitFilter - Request from IP: 10.235.148.185 | URI: /workspace/2 | Tokens remaining: 49
2026-08-18 11:35:32 INFO  c.e.c.Tool.security.RateLimitFilter - Request from IP: 10.235.148.185 | URI: /board/4/members | Tokens remaining: 48
2026-08-18 11:35:32 INFO  c.e.c.Tool.security.RateLimitFilter - Request from IP: 10.235.148.185 | URI: /boards/4/lists | Tokens remaining: 48
2026-08-18 11:35:35 INFO  c.e.c.Tool.security.RateLimitFilter - Request from IP: 10.235.148.185 | URI: /board/5/members | Tokens remaining: 48
2026-08-18 11:35:35 INFO  c.e.c.Tool.security.RateLimitFilter - Request from IP: 10.235.148.185 | URI: /boards/5/lists | Tokens remaining: 48
2026-08-18 11:35:35 INFO  c.e.c.Tool.security.RateLimitFilter - Request from IP: 10.235.148.185 | URI: /cards/lists/7/cards | Tokens remaining: 46
2026-08-18 11:35:35 INFO  c.e.c.Tool.security.RateLimitFilter - Request from IP: 10.235.148.185 | URI: /cards/lists/8/cards | Tokens remaining: 46
2026-08-18 11:35:38 INFO  c.e.c.Tool.security.RateLimitFilter - Request from IP: 10.235.148.185 | URI: /cards/12/assignee | Tokens remaining: 47
2026-08-18 11:35:39 WARN  org.hibernate.orm.jdbc.error - HHH000247: ErrorCode: 0, SQLState: 23514
2026-08-18 11:35:39 WARN  org.hibernate.orm.jdbc.error - ERROR: new row for relation "notifications" violates check constraint "notifications_type_check"
  Detail: Failing row contains (19, 2026-08-18 11:35:39.381581, f, CARD_ASSIGNED, Abraham Admin assigned you to "Fix IRA Token Credentials", 12, CARD, 1).
2026-08-18 11:35:39 ERROR c.e.c.T.service.Impl.CardServiceImpl - Failed to send card assignment notification to user 1 for card 12: could not execute statement [ERROR: new row for relation "notifications" violates check constraint "notifications_type_check"
  Detail: Failing row contains (19, 2026-08-18 11:35:39.381581, f, CARD_ASSIGNED, Abraham Admin assigned you to "Fix IRA Token Credentials", 12, CARD, 1).] [insert into public.notifications (created_at,message,read,recipient_id,reference_id,reference_type,type) values (?,?,?,?,?,?,?)]; SQL [insert into public.notifications (created_at,message,read,recipient_id,reference_id,reference_type,type) values (?,?,?,?,?,?,?)]; constraint [notifications_type_check]
org.springframework.dao.DataIntegrityViolationException: could not execute statement [ERROR: new row for relation "notifications" violates check constraint "notifications_type_check"
  Detail: Failing row contains (19, 2026-08-18 11:35:39.381581, f, CARD_ASSIGNED, Abraham Admin assigned you to "Fix IRA Token Credentials", 12, CARD, 1).] [insert into public.notifications (created_at,message,read,recipient_id,reference_id,reference_type,type) values (?,?,?,?,?,?,?)]; SQL [insert into public.notifications (created_at,message,read,recipient_id,reference_id,reference_type,type) values (?,?,?,?,?,?,?)]; constraint [notifications_type_check]
	at org.springframework.orm.jpa.hibernate.HibernateExceptionTranslator.convertHibernateAccessException(HibernateExceptionTranslator.java:169)
	at org.springframework.orm.jpa.hibernate.HibernateExceptionTranslator.convertHibernateAccessException(HibernateExceptionTranslator.java:131)
	at org.springframework.orm.jpa.hibernate.HibernateExceptionTranslator.translateExceptionIfPossible(HibernateExceptionTranslator.java:105)
	at org.springframework.orm.jpa.vendor.HibernateJpaDialect.translateExceptionIfPossible(HibernateJpaDialect.java:199)
	at org.springframework.orm.jpa.AbstractEntityManagerFactoryBean.translateExceptionIfPossible(AbstractEntityManagerFactoryBean.java:556)
	at org.springframework.dao.support.ChainedPersistenceExceptionTranslator.translateExceptionIfPossible(ChainedPersistenceExceptionTranslator.java:61)
	at org.springframework.dao.support.DataAccessUtils.translateIfNecessary(DataAccessUtils.java:346)
	at org.springframework.dao.support.PersistenceExceptionTranslationInterceptor.invoke(PersistenceExceptionTranslationInterceptor.java:157)
	at org.springframework.aop.framework.ReflectiveMethodInvocation.proceed(ReflectiveMethodInvocation.java:179)
	at org.springframework.data.jpa.repository.support.CrudMethodMetadataPostProcessor$CrudMethodMetadataPopulatingMethodInterceptor.invoke(CrudMethodMetadataPostProcessor.java:166)
	at org.springframework.aop.framework.ReflectiveMethodInvocation.proceed(ReflectiveMethodInvocation.java:179)
	at org.springframework.aop.framework.JdkDynamicAopProxy.invoke(JdkDynamicAopProxy.java:222)
	at jdk.proxy2/jdk.proxy2.$Proxy189.save(Unknown Source)
	at com.eclectics.collaboration.Tool.service.Impl.NotificationServiceImpl.create(NotificationServiceImpl.java:83)
	at java.base/jdk.internal.reflect.DirectMethodHandleAccessor.invoke(DirectMethodHandleAccessor.java:103)
	at java.base/java.lang.reflect.Method.invoke(Method.java:580)
	at org.springframework.aop.support.AopUtils.invokeJoinpointUsingReflection(AopUtils.java:359)
	at org.springframework.aop.framework.ReflectiveMethodInvocation.invokeJoinpoint(ReflectiveMethodInvocation.java:190)
	at org.springframework.aop.framework.ReflectiveMethodInvocation.proceed(ReflectiveMethodInvocation.java:158)
	at org.springframework.transaction.interceptor.TransactionInterceptor$1.proceedWithInvocation(TransactionInterceptor.java:133)
	at org.springframework.transaction.interceptor.TransactionAspectSupport.invokeWithinTransaction(TransactionAspectSupport.java:371)
	at org.springframework.transaction.interceptor.TransactionInterceptor.invoke(TransactionInterceptor.java:130)
	at org.springframework.aop.framework.ReflectiveMethodInvocation.proceed(ReflectiveMethodInvocation.java:179)
	at org.springframework.aop.framework.CglibAopProxy$DynamicAdvisedInterceptor.intercept(CglibAopProxy.java:719)
	at com.eclectics.collaboration.Tool.service.Impl.NotificationServiceImpl$$SpringCGLIB$$0.create(<generated>)
	at com.eclectics.collaboration.Tool.service.Impl.CardServiceImpl.notifyAssignment(CardServiceImpl.java:266)
	at com.eclectics.collaboration.Tool.service.Impl.CardServiceImpl.reassignCard(CardServiceImpl.java:255)
	at java.base/jdk.internal.reflect.DirectMethodHandleAccessor.invoke(DirectMethodHandleAccessor.java:103)
	at java.base/java.lang.reflect.Method.invoke(Method.java:580)
	at org.springframework.aop.support.AopUtils.invokeJoinpointUsingReflection(AopUtils.java:359)
	at org.springframework.aop.framework.ReflectiveMethodInvocation.invokeJoinpoint(ReflectiveMethodInvocation.java:190)
	at org.springframework.aop.framework.ReflectiveMethodInvocation.proceed(ReflectiveMethodInvocation.java:158)
	at org.springframework.transaction.interceptor.TransactionInterceptor$1.proceedWithInvocation(TransactionInterceptor.java:133)
	at org.springframework.transaction.interceptor.TransactionAspectSupport.invokeWithinTransaction(TransactionAspectSupport.java:371)
	at org.springframework.transaction.interceptor.TransactionInterceptor.invoke(TransactionInterceptor.java:130)
	at org.springframework.aop.framework.ReflectiveMethodInvocation.proceed(ReflectiveMethodInvocation.java:179)
	at org.springframework.aop.framework.CglibAopProxy$DynamicAdvisedInterceptor.intercept(CglibAopProxy.java:719)
	at com.eclectics.collaboration.Tool.service.Impl.CardServiceImpl$$SpringCGLIB$$0.reassignCard(<generated>)
	at com.eclectics.collaboration.Tool.controller.CardController.reassignCard(CardController.java:103)
	at java.base/jdk.internal.reflect.DirectMethodHandleAccessor.invoke(DirectMethodHandleAccessor.java:103)
	at java.base/java.lang.reflect.Method.invoke(Method.java:580)
	at org.springframework.web.method.support.InvocableHandlerMethod.doInvoke(InvocableHandlerMethod.java:258)
	at org.springframework.web.method.support.InvocableHandlerMethod.invokeForRequest(InvocableHandlerMethod.java:190)
	at org.springframework.web.servlet.mvc.method.annotation.ServletInvocableHandlerMethod.invokeAndHandle(ServletInvocableHandlerMethod.java:117)
	at org.springframework.web.servlet.mvc.method.annotation.RequestMappingHandlerAdapter.invokeHandlerMethod(RequestMappingHandlerAdapter.java:934)
	at org.springframework.web.servlet.mvc.method.annotation.RequestMappingHandlerAdapter.handleInternal(RequestMappingHandlerAdapter.java:853)
	at org.springframework.web.servlet.mvc.method.AbstractHandlerMethodAdapter.handle(AbstractHandlerMethodAdapter.java:86)
	at org.springframework.web.servlet.DispatcherServlet.doDispatch(DispatcherServlet.java:963)
	at org.springframework.web.servlet.DispatcherServlet.doService(DispatcherServlet.java:866)
	at org.springframework.web.servlet.FrameworkServlet.processRequest(FrameworkServlet.java:1003)
	at org.springframework.web.servlet.FrameworkServlet.doPut(FrameworkServlet.java:914)
	at jakarta.servlet.http.HttpServlet.service(HttpServlet.java:650)
	at org.springframework.web.servlet.FrameworkServlet.service(FrameworkServlet.java:874)
	at jakarta.servlet.http.HttpServlet.service(HttpServlet.java:710)
	at org.apache.catalina.core.ApplicationFilterChain.doFilter(ApplicationFilterChain.java:128)
	at org.apache.tomcat.websocket.server.WsFilter.doFilter(WsFilter.java:53)
	at org.apache.catalina.core.ApplicationFilterChain.doFilter(ApplicationFilterChain.java:107)
	at org.springframework.web.filter.OncePerRequestFilter.doFilter(OncePerRequestFilter.java:110)
	at org.apache.catalina.core.ApplicationFilterChain.doFilter(ApplicationFilterChain.java:107)
	at org.springframework.web.filter.OncePerRequestFilter.doFilter(OncePerRequestFilter.java:110)
	at org.apache.catalina.core.ApplicationFilterChain.doFilter(ApplicationFilterChain.java:107)
	at org.springframework.web.filter.CompositeFilter$VirtualFilterChain.doFilter(CompositeFilter.java:108)
	at org.springframework.security.web.FilterChainProxy.lambda$doFilterInternal$3(FilterChainProxy.java:235)
	at org.springframework.security.web.FilterChainProxy$VirtualFilterChain.doFilter(FilterChainProxy.java:371)
	at org.springframework.security.web.access.intercept.AuthorizationFilter.doFilter(AuthorizationFilter.java:101)
	at org.springframework.security.web.FilterChainProxy$VirtualFilterChain.doFilter(FilterChainProxy.java:380)
	at org.springframework.security.web.access.ExceptionTranslationFilter.doFilter(ExceptionTranslationFilter.java:126)
	at org.springframework.security.web.access.ExceptionTranslationFilter.doFilter(ExceptionTranslationFilter.java:120)
	at org.springframework.security.web.FilterChainProxy$VirtualFilterChain.doFilter(FilterChainProxy.java:380)
	at org.springframework.security.web.session.SessionManagementFilter.doFilter(SessionManagementFilter.java:132)
	at org.springframework.security.web.session.SessionManagementFilter.doFilter(SessionManagementFilter.java:86)
	at org.springframework.security.web.FilterChainProxy$VirtualFilterChain.doFilter(FilterChainProxy.java:380)
	at org.springframework.security.web.authentication.AnonymousAuthenticationFilter.doFilter(AnonymousAuthenticationFilter.java:100)
	at org.springframework.security.web.FilterChainProxy$VirtualFilterChain.doFilter(FilterChainProxy.java:380)
	at org.springframework.security.web.servletapi.SecurityContextHolderAwareRequestFilter.doFilter(SecurityContextHolderAwareRequestFilter.java:181)
	at org.springframework.security.web.FilterChainProxy$VirtualFilterChain.doFilter(FilterChainProxy.java:380)
	at org.springframework.security.web.savedrequest.RequestCacheAwareFilter.doFilter(RequestCacheAwareFilter.java:63)
	at org.springframework.security.web.FilterChainProxy$VirtualFilterChain.doFilter(FilterChainProxy.java:380)
	at com.eclectics.collaboration.Tool.security.JwtFilter.doFilterInternal(JwtFilter.java:85)
	at org.springframework.web.filter.OncePerRequestFilter.doFilter(OncePerRequestFilter.java:116)
	at org.springframework.security.web.FilterChainProxy$VirtualFilterChain.doFilter(FilterChainProxy.java:380)
	at com.eclectics.collaboration.Tool.security.RateLimitFilter.doFilterInternal(RateLimitFilter.java:50)
	at org.springframework.web.filter.OncePerRequestFilter.doFilter(OncePerRequestFilter.java:116)
	at org.springframework.security.web.FilterChainProxy$VirtualFilterChain.doFilter(FilterChainProxy.java:380)
	at org.springframework.security.web.authentication.logout.LogoutFilter.doFilter(LogoutFilter.java:110)
	at org.springframework.security.web.authentication.logout.LogoutFilter.doFilter(LogoutFilter.java:96)
	at org.springframework.security.web.FilterChainProxy$VirtualFilterChain.doFilter(FilterChainProxy.java:380)
	at org.springframework.web.filter.CorsFilter.doFilterInternal(CorsFilter.java:91)
	at org.springframework.web.filter.OncePerRequestFilter.doFilter(OncePerRequestFilter.java:116)
	at org.springframework.security.web.FilterChainProxy$VirtualFilterChain.doFilter(FilterChainProxy.java:380)
	at org.springframework.security.web.header.HeaderWriterFilter.doHeadersAfter(HeaderWriterFilter.java:90)
	at org.springframework.security.web.header.HeaderWriterFilter.doFilterInternal(HeaderWriterFilter.java:75)
	at org.springframework.web.filter.OncePerRequestFilter.doFilter(OncePerRequestFilter.java:116)
	at org.springframework.security.web.FilterChainProxy$VirtualFilterChain.doFilter(FilterChainProxy.java:380)
	at org.springframework.security.web.context.SecurityContextHolderFilter.doFilter(SecurityContextHolderFilter.java:82)
	at org.springframework.security.web.context.SecurityContextHolderFilter.doFilter(SecurityContextHolderFilter.java:69)
	at org.springframework.security.web.FilterChainProxy$VirtualFilterChain.doFilter(FilterChainProxy.java:380)
	at org.springframework.security.web.context.request.async.WebAsyncManagerIntegrationFilter.doFilterInternal(WebAsyncManagerIntegrationFilter.java:62)
	at org.springframework.web.filter.OncePerRequestFilter.doFilter(OncePerRequestFilter.java:116)
	at org.springframework.security.web.FilterChainProxy$VirtualFilterChain.doFilter(FilterChainProxy.java:380)
	at org.springframework.security.web.session.DisableEncodeUrlFilter.doFilterInternal(DisableEncodeUrlFilter.java:42)
	at org.springframework.web.filter.OncePerRequestFilter.doFilter(OncePerRequestFilter.java:116)
	at org.springframework.security.web.FilterChainProxy$VirtualFilterChain.doFilter(FilterChainProxy.java:380)
	at org.springframework.security.web.FilterChainProxy.doFilterInternal(FilterChainProxy.java:237)
	at org.springframework.security.web.FilterChainProxy.doFilter(FilterChainProxy.java:195)
	at org.springframework.web.filter.CompositeFilter$VirtualFilterChain.doFilter(CompositeFilter.java:113)
	at org.springframework.web.filter.ServletRequestPathFilter.doFilter(ServletRequestPathFilter.java:52)
	at org.springframework.web.filter.CompositeFilter$VirtualFilterChain.doFilter(CompositeFilter.java:113)
	at org.springframework.web.filter.CompositeFilter.doFilter(CompositeFilter.java:74)
	at org.springframework.security.config.annotation.web.configuration.WebSecurityConfiguration$CompositeFilterChainProxy.doFilter(WebSecurityConfiguration.java:317)
	at org.springframework.web.filter.DelegatingFilterProxy.invokeDelegate(DelegatingFilterProxy.java:355)
	at org.springframework.web.filter.DelegatingFilterProxy.doFilter(DelegatingFilterProxy.java:272)
	at org.apache.catalina.core.ApplicationFilterChain.doFilter(ApplicationFilterChain.java:107)
	at org.springframework.web.filter.RequestContextFilter.doFilterInternal(RequestContextFilter.java:100)
	at org.springframework.web.filter.OncePerRequestFilter.doFilter(OncePerRequestFilter.java:116)
	at org.apache.catalina.core.ApplicationFilterChain.doFilter(ApplicationFilterChain.java:107)
	at org.springframework.web.filter.FormContentFilter.doFilterInternal(FormContentFilter.java:93)
	at org.springframework.web.filter.OncePerRequestFilter.doFilter(OncePerRequestFilter.java:116)
	at org.apache.catalina.core.ApplicationFilterChain.doFilter(ApplicationFilterChain.java:107)
	at org.springframework.session.web.http.SessionRepositoryFilter.doFilterInternal(SessionRepositoryFilter.java:142)
	at org.springframework.session.web.http.OncePerRequestFilter.doFilter(OncePerRequestFilter.java:82)
	at org.springframework.web.filter.DelegatingFilterProxy.invokeDelegate(DelegatingFilterProxy.java:355)
	at org.springframework.web.filter.DelegatingFilterProxy.doFilter(DelegatingFilterProxy.java:272)
	at org.apache.catalina.core.ApplicationFilterChain.doFilter(ApplicationFilterChain.java:107)
	at org.springframework.web.filter.CharacterEncodingFilter.doFilterInternal(CharacterEncodingFilter.java:199)
	at org.springframework.web.filter.OncePerRequestFilter.doFilter(OncePerRequestFilter.java:116)
	at org.apache.catalina.core.ApplicationFilterChain.doFilter(ApplicationFilterChain.java:107)
	at org.apache.catalina.core.StandardWrapperValve.invoke(StandardWrapperValve.java:165)
	at org.apache.catalina.core.StandardContextValve.invoke(StandardContextValve.java:77)
	at org.apache.catalina.authenticator.AuthenticatorBase.invoke(AuthenticatorBase.java:482)
	at org.apache.catalina.core.StandardHostValve.invoke(StandardHostValve.java:113)
	at org.apache.catalina.valves.ErrorReportValve.invoke(ErrorReportValve.java:83)
	at org.apache.catalina.core.StandardEngineValve.invoke(StandardEngineValve.java:72)
	at org.apache.catalina.connector.CoyoteAdapter.service(CoyoteAdapter.java:341)
	at org.apache.coyote.http11.Http11Processor.service(Http11Processor.java:397)
	at org.apache.coyote.AbstractProcessorLight.process(AbstractProcessorLight.java:63)
	at org.apache.coyote.AbstractProtocol$ConnectionHandler.process(AbstractProtocol.java:903)
	at org.apache.tomcat.util.net.NioEndpoint$SocketProcessor.doRun(NioEndpoint.java:1778)
	at org.apache.tomcat.util.net.SocketProcessorBase.run(SocketProcessorBase.java:52)
	at org.apache.tomcat.util.threads.ThreadPoolExecutor.runWorker(ThreadPoolExecutor.java:946)
	at org.apache.tomcat.util.threads.ThreadPoolExecutor$Worker.run(ThreadPoolExecutor.java:480)
	at org.apache.tomcat.util.threads.TaskThread$WrappingRunnable.run(TaskThread.java:57)
	at java.base/java.lang.Thread.run(Thread.java:1583)
Caused by: org.hibernate.exception.ConstraintViolationException: could not execute statement [ERROR: new row for relation "notifications" violates check constraint "notifications_type_check"
  Detail: Failing row contains (19, 2026-08-18 11:35:39.381581, f, CARD_ASSIGNED, Abraham Admin assigned you to "Fix IRA Token Credentials", 12, CARD, 1).] [insert into public.notifications (created_at,message,read,recipient_id,reference_id,reference_type,type) values (?,?,?,?,?,?,?)]
	at org.hibernate.exception.internal.SQLStateConversionDelegate.convert(SQLStateConversionDelegate.java:73)
	at org.hibernate.exception.internal.StandardSQLExceptionConverter.convert(StandardSQLExceptionConverter.java:34)
	at org.hibernate.engine.jdbc.spi.SqlExceptionHelper.convert(SqlExceptionHelper.java:115)
	at org.hibernate.engine.jdbc.internal.ResultSetReturnImpl.executeUpdate(ResultSetReturnImpl.java:184)
	at org.hibernate.id.insert.GetGeneratedKeysDelegate.performMutation(GetGeneratedKeysDelegate.java:103)
	at org.hibernate.engine.jdbc.mutation.internal.MutationExecutorSingleNonBatched.performNonBatchedOperations(MutationExecutorSingleNonBatched.java:45)
	at org.hibernate.engine.jdbc.mutation.internal.AbstractMutationExecutor.execute(AbstractMutationExecutor.java:66)
	at org.hibernate.engine.jdbc.mutation.internal.AbstractMutationExecutor.execute(AbstractMutationExecutor.java:55)
	at org.hibernate.persister.entity.mutation.InsertCoordinatorStandard.doStaticInserts(InsertCoordinatorStandard.java:180)
	at org.hibernate.persister.entity.mutation.InsertCoordinatorStandard.coordinateInsert(InsertCoordinatorStandard.java:120)
	at org.hibernate.persister.entity.mutation.InsertCoordinatorStandard.insert(InsertCoordinatorStandard.java:84)
	at org.hibernate.action.internal.EntityIdentityInsertAction.execute(EntityIdentityInsertAction.java:85)
	at org.hibernate.engine.spi.ActionQueue.execute(ActionQueue.java:667)
	at org.hibernate.engine.spi.ActionQueue.addResolvedEntityInsertAction(ActionQueue.java:291)
	at org.hibernate.engine.spi.ActionQueue.addInsertAction(ActionQueue.java:270)
	at org.hibernate.engine.spi.ActionQueue.addAction(ActionQueue.java:322)
	at org.hibernate.event.internal.AbstractSaveEventListener.addInsertAction(AbstractSaveEventListener.java:371)
	at org.hibernate.event.internal.AbstractSaveEventListener.performSaveOrReplicate(AbstractSaveEventListener.java:285)
	at org.hibernate.event.internal.AbstractSaveEventListener.performSave(AbstractSaveEventListener.java:215)
	at org.hibernate.event.internal.AbstractSaveEventListener.saveWithGeneratedId(AbstractSaveEventListener.java:133)
	at org.hibernate.event.internal.DefaultPersistEventListener.entityIsTransient(DefaultPersistEventListener.java:145)
	at org.hibernate.event.internal.DefaultPersistEventListener.persist(DefaultPersistEventListener.java:89)
	at org.hibernate.event.internal.DefaultPersistEventListener.onPersist(DefaultPersistEventListener.java:73)
	at org.hibernate.event.internal.DefaultPersistEventListener.onPersist(DefaultPersistEventListener.java:49)
	at org.hibernate.event.service.internal.EventListenerGroupImpl.fireEventOnEachListener(EventListenerGroupImpl.java:138)
	at org.hibernate.internal.SessionImpl.firePersist(SessionImpl.java:689)
	at org.hibernate.internal.SessionImpl.persist(SessionImpl.java:672)
	at java.base/jdk.internal.reflect.DirectMethodHandleAccessor.invoke(DirectMethodHandleAccessor.java:103)
	at java.base/java.lang.reflect.Method.invoke(Method.java:580)
	at org.springframework.orm.jpa.SharedEntityManagerCreator$SharedEntityManagerInvocationHandler.invoke(SharedEntityManagerCreator.java:317)
	at jdk.proxy2/jdk.proxy2.$Proxy161.persist(Unknown Source)
	at org.springframework.data.jpa.repository.support.SimpleJpaRepository.save(SimpleJpaRepository.java:664)
	at java.base/jdk.internal.reflect.DirectMethodHandleAccessor.invoke(DirectMethodHandleAccessor.java:103)
	at java.base/java.lang.reflect.Method.invoke(Method.java:580)
	at org.springframework.aop.support.AopUtils.invokeJoinpointUsingReflection(AopUtils.java:359)
	at org.springframework.data.repository.core.support.RepositoryMethodInvoker$RepositoryFragmentMethodInvoker.lambda$new$0(RepositoryMethodInvoker.java:278)
	at org.springframework.data.repository.core.support.RepositoryMethodInvoker.doInvoke(RepositoryMethodInvoker.java:169)
	at org.springframework.data.repository.core.support.RepositoryMethodInvoker.invoke(RepositoryMethodInvoker.java:158)
	at org.springframework.data.repository.core.support.RepositoryComposition$RepositoryFragments.invoke(RepositoryComposition.java:545)
	at org.springframework.data.repository.core.support.RepositoryComposition.invoke(RepositoryComposition.java:290)
	at org.springframework.data.repository.core.support.RepositoryFactorySupport$ImplementationMethodExecutionInterceptor.invoke(RepositoryFactorySupport.java:690)
	at org.springframework.aop.framework.ReflectiveMethodInvocation.proceed(ReflectiveMethodInvocation.java:179)
	at org.springframework.data.repository.core.support.QueryExecutorMethodInterceptor.doInvoke(QueryExecutorMethodInterceptor.java:171)
	at org.springframework.data.repository.core.support.QueryExecutorMethodInterceptor.invoke(QueryExecutorMethodInterceptor.java:146)
	at org.springframework.aop.framework.ReflectiveMethodInvocation.proceed(ReflectiveMethodInvocation.java:179)
	at org.springframework.data.projection.DefaultMethodInvokingMethodInterceptor.invoke(DefaultMethodInvokingMethodInterceptor.java:69)
	at org.springframework.aop.framework.ReflectiveMethodInvocation.proceed(ReflectiveMethodInvocation.java:179)
	at org.springframework.transaction.interceptor.TransactionInterceptor$1.proceedWithInvocation(TransactionInterceptor.java:133)
	at org.springframework.transaction.interceptor.TransactionAspectSupport.invokeWithinTransaction(TransactionAspectSupport.java:371)
	at org.springframework.transaction.interceptor.TransactionInterceptor.invoke(TransactionInterceptor.java:130)
	at org.springframework.aop.framework.ReflectiveMethodInvocation.proceed(ReflectiveMethodInvocation.java:179)
	at org.springframework.dao.support.PersistenceExceptionTranslationInterceptor.invoke(PersistenceExceptionTranslationInterceptor.java:135)
	... 135 common frames omitted
Caused by: org.postgresql.util.PSQLException: ERROR: new row for relation "notifications" violates check constraint "notifications_type_check"
  Detail: Failing row contains (19, 2026-08-18 11:35:39.381581, f, CARD_ASSIGNED, Abraham Admin assigned you to "Fix IRA Token Credentials", 12, CARD, 1).
	at org.postgresql.core.v3.QueryExecutorImpl.receiveErrorResponse(QueryExecutorImpl.java:2846)
	at org.postgresql.core.v3.QueryExecutorImpl.processResults(QueryExecutorImpl.java:2531)
	at org.postgresql.core.v3.QueryExecutorImpl.execute(QueryExecutorImpl.java:429)
	at org.postgresql.jdbc.PgStatement.executeInternal(PgStatement.java:526)
	at org.postgresql.jdbc.PgStatement.execute(PgStatement.java:436)
	at org.postgresql.jdbc.PgPreparedStatement.executeWithFlags(PgPreparedStatement.java:196)
	at org.postgresql.jdbc.PgPreparedStatement.executeUpdate(PgPreparedStatement.java:157)
	at com.zaxxer.hikari.pool.ProxyPreparedStatement.executeUpdate(ProxyPreparedStatement.java:61)
	at com.zaxxer.hikari.pool.HikariProxyPreparedStatement.executeUpdate(HikariProxyPreparedStatement.java)
	at org.hibernate.engine.jdbc.internal.ResultSetReturnImpl.executeUpdate(ResultSetReturnImpl.java:181)
	... 183 common frames omitted
2026-08-18 11:35:45 INFO  c.e.c.Tool.security.RateLimitFilter - Request from IP: 10.235.148.185 | URI: /boards/4/lists | Tokens remaining: 50
2026-08-18 11:35:45 INFO  c.e.c.Tool.security.RateLimitFilter - Request from IP: 10.235.148.185 | URI: /board/4/members | Tokens remaining: 50
2026-08-18 11:35:47 INFO  c.e.c.Tool.security.RateLimitFilter - Request from IP: 10.235.148.185 | URI: /boards/5/lists | Tokens remaining: 49
2026-08-18 11:35:47 INFO  c.e.c.Tool.security.RateLimitFilter - Request from IP: 10.235.148.185 | URI: /board/5/members | Tokens remaining: 48
2026-08-18 11:35:47 INFO  c.e.c.Tool.security.RateLimitFilter - Request from IP: 10.235.148.185 | URI: /cards/lists/8/cards | Tokens remaining: 47
2026-08-18 11:35:47 INFO  c.e.c.Tool.security.RateLimitFilter - Request from IP: 10.235.148.185 | URI: /cards/lists/7/cards | Tokens remaining: 47
2026-08-18 11:35:49 INFO  c.e.c.Tool.security.RateLimitFilter - Request from IP: 10.235.148.185 | URI: /workspace/my-workspaces | Tokens remaining: 47
2026-08-18 11:35:49 INFO  c.e.c.Tool.security.RateLimitFilter - Request from IP: 10.235.148.185 | URI: /user/scratchpad | Tokens remaining: 46
2026-08-18 11:35:49 INFO  c.e.c.Tool.security.RateLimitFilter - Request from IP: 10.235.148.185 | URI: /boards/starred | Tokens remaining: 45
2026-08-18 11:35:49 INFO  c.e.c.Tool.security.RateLimitFilter - Request from IP: 10.235.148.185 | URI: /workspace/starred | Tokens remaining: 44
2026-08-18 11:35:49 INFO  c.e.c.Tool.security.RateLimitFilter - Request from IP: 10.235.148.185 | URI: /user/notifications/unread-count | Tokens remaining: 43
2026-08-18 11:35:49 INFO  c.e.c.Tool.security.RateLimitFilter - Request from IP: 10.235.148.185 | URI: /user/recent-boards | Tokens remaining: 42
2026-08-18 11:35:50 INFO  c.e.c.Tool.security.RateLimitFilter - Request from IP: 10.235.148.185 | URI: /boards/workspace/2 | Tokens remaining: 41
2026-08-18 11:35:50 INFO  c.e.c.Tool.security.RateLimitFilter - Request from IP: 10.235.148.185 | URI: /boards/4/lists | Tokens remaining: 41
2026-08-18 11:35:53 INFO  c.e.c.Tool.security.RateLimitFilter - Request from IP: 10.235.148.185 | URI: /user/notifications | Tokens remaining: 42
2026-08-18 11:36:00 INFO  c.e.c.Tool.security.RateLimitFilter - Request from IP: 10.235.148.185 | URI: /cards/assigned-to-me | Tokens remaining: 47
2026-08-18 11:36:03 INFO  c.e.c.Tool.security.RateLimitFilter - Request from IP: 10.235.148.185 | URI: /boards/workspace/2 | Tokens remaining: 48
2026-08-18 11:36:03 INFO  c.e.c.Tool.security.RateLimitFilter - Request from IP: 10.235.148.185 | URI: /boards/5/lists | Tokens remaining: 48
2026-08-18 11:36:03 INFO  c.e.c.Tool.security.RateLimitFilter - Request from IP: 10.235.148.185 | URI: /cards/lists/7/cards | Tokens remaining: 47
2026-08-18 11:36:03 INFO  c.e.c.Tool.security.RateLimitFilter - Request from IP: 10.235.148.185 | URI: /cards/lists/8/cards | Tokens remaining: 47
2026-08-18 11:37:47 INFO  c.e.c.Tool.security.RateLimitFilter - Request from IP: 10.235.148.185 | URI: /boards/workspace/2 | Tokens remaining: 50
2026-08-18 11:37:48 INFO  c.e.c.Tool.security.RateLimitFilter - Request from IP: 10.235.148.185 | URI: /boards/4/lists | Tokens remaining: 49
2026-08-18 11:38:07 INFO  c.e.c.Tool.security.RateLimitFilter - Request from IP: 10.235.148.185 | URI: /issues/active | Tokens remaining: 50
2026-08-18 11:38:18 INFO  c.e.c.Tool.security.RateLimitFilter - Request from IP: 10.235.148.185 | URI: /user/login | Tokens remaining: 50
2026-08-18 11:38:19 INFO  c.e.c.Tool.security.RateLimitFilter - Request from IP: 10.235.148.185 | URI: /user/scratchpad | Tokens remaining: 49
2026-08-18 11:38:19 INFO  c.e.c.Tool.security.RateLimitFilter - Request from IP: 10.235.148.185 | URI: /workspace/my-workspaces | Tokens remaining: 48
2026-08-18 11:38:19 INFO  c.e.c.Tool.security.RateLimitFilter - Request from IP: 10.235.148.185 | URI: /user/recent-boards | Tokens remaining: 47
2026-08-18 11:38:19 INFO  c.e.c.Tool.security.RateLimitFilter - Request from IP: 10.235.148.185 | URI: /workspace/starred | Tokens remaining: 46
2026-08-18 11:38:19 INFO  c.e.c.Tool.security.RateLimitFilter - Request from IP: 10.235.148.185 | URI: /boards/starred | Tokens remaining: 45
2026-08-18 11:38:19 INFO  c.e.c.Tool.security.RateLimitFilter - Request from IP: 10.235.148.185 | URI: /user/notifications/unread-count | Tokens remaining: 44
2026-08-18 11:38:19 INFO  c.e.c.Tool.security.RateLimitFilter - Request from IP: 10.235.148.185 | URI: /boards/workspace/2 | Tokens remaining: 44
2026-08-18 11:38:20 INFO  c.e.c.Tool.security.RateLimitFilter - Request from IP: 10.235.148.185 | URI: /boards/4/lists | Tokens remaining: 43
2026-08-18 11:38:30 INFO  c.e.c.Tool.security.RateLimitFilter - Request from IP: 10.235.148.185 | URI: /workspace/2/invite | Tokens remaining: 50
2026-08-18 11:38:31 INFO  c.e.c.T.s.Impl.EmailServiceImpl - Attempting to send email to: garagejacn@gmail.com
2026-08-18 11:38:31 INFO  c.e.c.T.s.Impl.EmailServiceImpl - Email sent successfully to: garagejacn@gmail.com
2026-08-18 11:38:41 INFO  c.e.c.Tool.security.RateLimitFilter - Request from IP: 10.235.148.185 | URI: /workspace/2 | Tokens remaining: 50
2026-08-18 11:38:42 INFO  c.e.c.T.s.Impl.WorkSpaceServiceImpl - Workspace updated id=2 by user=nthengeabraham952@gmail.com
2026-08-18 11:38:50 INFO  c.e.c.Tool.security.RateLimitFilter - Request from IP: 10.235.148.185 | URI: /issues/active | Tokens remaining: 50
2026-08-18 11:38:59 INFO  c.e.c.Tool.security.RateLimitFilter - Request from IP: 10.235.148.185 | URI: /user/login | Tokens remaining: 50
2026-08-18 11:39:00 INFO  c.e.c.Tool.security.RateLimitFilter - Request from IP: 10.235.148.185 | URI: /workspace/my-workspaces | Tokens remaining: 49
2026-08-18 11:39:00 INFO  c.e.c.Tool.security.RateLimitFilter - Request from IP: 10.235.148.185 | URI: /user/scratchpad | Tokens remaining: 48
2026-08-18 11:39:00 INFO  c.e.c.Tool.security.RateLimitFilter - Request from IP: 10.235.148.185 | URI: /user/recent-boards | Tokens remaining: 47
2026-08-18 11:39:00 INFO  c.e.c.Tool.security.RateLimitFilter - Request from IP: 10.235.148.185 | URI: /workspace/starred | Tokens remaining: 46
2026-08-18 11:39:00 INFO  c.e.c.Tool.security.RateLimitFilter - Request from IP: 10.235.148.185 | URI: /boards/starred | Tokens remaining: 47
2026-08-18 11:39:00 INFO  c.e.c.Tool.security.RateLimitFilter - Request from IP: 10.235.148.185 | URI: /user/notifications/unread-count | Tokens remaining: 44
2026-08-18 11:39:05 INFO  c.e.c.Tool.security.RateLimitFilter - Request from IP: 10.235.148.185 | URI: /issues/active | Tokens remaining: 47
2026-08-18 11:39:13 INFO  c.e.c.Tool.security.RateLimitFilter - Request from IP: 10.235.148.185 | URI: /user/login | Tokens remaining: 50
2026-08-18 11:39:14 INFO  c.e.c.Tool.security.RateLimitFilter - Request from IP: 10.235.148.185 | URI: /workspace/my-workspaces | Tokens remaining: 49
2026-08-18 11:39:14 INFO  c.e.c.Tool.security.RateLimitFilter - Request from IP: 10.235.148.185 | URI: /user/scratchpad | Tokens remaining: 48
2026-08-18 11:39:14 INFO  c.e.c.Tool.security.RateLimitFilter - Request from IP: 10.235.148.185 | URI: /boards/starred | Tokens remaining: 47
2026-08-18 11:39:14 INFO  c.e.c.Tool.security.RateLimitFilter - Request from IP: 10.235.148.185 | URI: /user/recent-boards | Tokens remaining: 46
2026-08-18 11:39:14 INFO  c.e.c.Tool.security.RateLimitFilter - Request from IP: 10.235.148.185 | URI: /workspace/starred | Tokens remaining: 45
2026-08-18 11:39:14 INFO  c.e.c.Tool.security.RateLimitFilter - Request from IP: 10.235.148.185 | URI: /user/notifications/unread-count | Tokens remaining: 44
2026-08-18 11:39:14 INFO  c.e.c.Tool.security.RateLimitFilter - Request from IP: 10.235.148.185 | URI: /boards/workspace/2 | Tokens remaining: 43
2026-08-18 11:39:15 INFO  c.e.c.Tool.security.RateLimitFilter - Request from IP: 10.235.148.185 | URI: /boards/4/lists | Tokens remaining: 43
2026-08-18 11:39:23 INFO  c.e.c.Tool.security.RateLimitFilter - Request from IP: 10.235.148.185 | URI: /issues/active | Tokens remaining: 48
2026-08-18 11:39:27 INFO  c.e.c.Tool.security.RateLimitFilter - Request from IP: 10.235.148.185 | URI: /user/login | Tokens remaining: 50
2026-08-18 11:39:28 INFO  c.e.c.Tool.security.RateLimitFilter - Request from IP: 10.235.148.185 | URI: /workspace/my-workspaces | Tokens remaining: 49
2026-08-18 11:39:28 INFO  c.e.c.Tool.security.RateLimitFilter - Request from IP: 10.235.148.185 | URI: /user/scratchpad | Tokens remaining: 48
2026-08-18 11:39:28 INFO  c.e.c.Tool.security.RateLimitFilter - Request from IP: 10.235.148.185 | URI: /user/recent-boards | Tokens remaining: 48
2026-08-18 11:39:28 INFO  c.e.c.Tool.security.RateLimitFilter - Request from IP: 10.235.148.185 | URI: /boards/starred | Tokens remaining: 46
2026-08-18 11:39:28 INFO  c.e.c.Tool.security.RateLimitFilter - Request from IP: 10.235.148.185 | URI: /workspace/starred | Tokens remaining: 45
2026-08-18 11:39:28 INFO  c.e.c.Tool.security.RateLimitFilter - Request from IP: 10.235.148.185 | URI: /user/notifications/unread-count | Tokens remaining: 44
2026-08-18 11:39:32 INFO  c.e.c.Tool.security.RateLimitFilter - Request from IP: 10.235.148.185 | URI: /workspace/my-invitations | Tokens remaining: 46
2026-08-18 11:39:35 INFO  c.e.c.Tool.security.RateLimitFilter - Request from IP: 10.235.148.185 | URI: /workspace/accept-invite | Tokens remaining: 48
2026-08-18 11:39:36 INFO  c.e.c.Tool.security.RateLimitFilter - Request from IP: 10.235.148.185 | URI: /workspace/my-workspaces | Tokens remaining: 48
2026-08-18 11:39:36 INFO  c.e.c.Tool.security.RateLimitFilter - Request from IP: 10.235.148.185 | URI: /boards/workspace/2 | Tokens remaining: 47
2026-08-18 11:39:37 INFO  c.e.c.Tool.security.RateLimitFilter - Request from IP: 10.235.148.185 | URI: /boards/4/lists | Tokens remaining: 46
2026-08-18 11:39:55 INFO  c.e.c.Tool.security.RateLimitFilter - Request from IP: 10.235.148.185 | URI: /workspace/2 | Tokens remaining: 50
2026-08-18 11:39:55 INFO  c.e.c.Tool.security.RateLimitFilter - Request from IP: 10.235.148.185 | URI: /boards/workspace/2 | Tokens remaining: 49
2026-08-18 11:39:55 INFO  c.e.c.Tool.security.RateLimitFilter - Request from IP: 10.235.148.185 | URI: /board/4/members | Tokens remaining: 48
2026-08-18 11:39:55 INFO  c.e.c.Tool.security.RateLimitFilter - Request from IP: 10.235.148.185 | URI: /boards/4/lists | Tokens remaining: 48
2026-08-18 11:40:06 INFO  c.e.c.Tool.security.RateLimitFilter - Request from IP: 10.235.148.185 | URI: /board/4/members | Tokens remaining: 50
2026-08-18 11:40:07 INFO  c.e.c.T.s.Impl.EmailServiceImpl - Attempting to send email to: garagejacn@gmail.com
2026-08-18 11:40:07 INFO  c.e.c.T.s.Impl.EmailServiceImpl - Email sent successfully to: garagejacn@gmail.com
2026-08-18 11:40:07 INFO  c.e.c.Tool.security.RateLimitFilter - Request from IP: 10.235.148.185 | URI: /board/4/members | Tokens remaining: 49
2026-08-18 11:40:23 INFO  c.e.c.Tool.security.RateLimitFilter - Request from IP: 10.235.148.185 | URI: /board/4/members | Tokens remaining: 50
2026-08-18 11:40:24 INFO  c.e.c.T.s.Impl.EmailServiceImpl - Attempting to send email to: nthengeabraham952@gmail.com
2026-08-18 11:40:24 INFO  c.e.c.T.s.Impl.EmailServiceImpl - Email sent successfully to: nthengeabraham952@gmail.com
2026-08-18 11:40:24 INFO  c.e.c.Tool.security.RateLimitFilter - Request from IP: 10.235.148.185 | URI: /board/4/members | Tokens remaining: 49
2026-08-18 11:40:32 INFO  c.e.c.Tool.security.RateLimitFilter - Request from IP: 10.235.148.185 | URI: /board/5/members | Tokens remaining: 50
2026-08-18 11:40:32 INFO  c.e.c.Tool.security.RateLimitFilter - Request from IP: 10.235.148.185 | URI: /boards/5/lists | Tokens remaining: 50
2026-08-18 11:40:32 INFO  c.e.c.Tool.security.RateLimitFilter - Request from IP: 10.235.148.185 | URI: /cards/lists/8/cards | Tokens remaining: 48
2026-08-18 11:40:32 INFO  c.e.c.Tool.security.RateLimitFilter - Request from IP: 10.235.148.185 | URI: /cards/lists/7/cards | Tokens remaining: 47
2026-08-18 11:41:02 INFO  c.e.c.Tool.security.RateLimitFilter - Request from IP: 10.235.148.185 | URI: /boards/2 | Tokens remaining: 50
2026-08-18 11:41:02 INFO  c.e.c.Tool.security.RateLimitFilter - Request from IP: 10.235.148.185 | URI: /boards/6/lists | Tokens remaining: 49
2026-08-18 11:41:02 INFO  c.e.c.Tool.security.RateLimitFilter - Request from IP: 10.235.148.185 | URI: /board/6/members | Tokens remaining: 48
2026-08-18 11:41:38 INFO  c.e.c.Tool.security.RateLimitFilter - Request from IP: 10.235.148.185 | URI: /workspace/my-workspaces | Tokens remaining: 50
2026-08-18 11:41:38 INFO  c.e.c.Tool.security.RateLimitFilter - Request from IP: 10.235.148.185 | URI: /boards/starred | Tokens remaining: 49
2026-08-18 11:41:38 INFO  c.e.c.Tool.security.RateLimitFilter - Request from IP: 10.235.148.185 | URI: /user/scratchpad | Tokens remaining: 48
2026-08-18 11:41:38 INFO  c.e.c.Tool.security.RateLimitFilter - Request from IP: 10.235.148.185 | URI: /user/recent-boards | Tokens remaining: 47
2026-08-18 11:41:38 INFO  c.e.c.Tool.security.RateLimitFilter - Request from IP: 10.235.148.185 | URI: /user/notifications/unread-count | Tokens remaining: 46
2026-08-18 11:41:38 INFO  c.e.c.Tool.security.RateLimitFilter - Request from IP: 10.235.148.185 | URI: /workspace/starred | Tokens remaining: 45
2026-08-18 11:41:39 INFO  c.e.c.Tool.security.RateLimitFilter - Request from IP: 10.235.148.185 | URI: /boards/workspace/2 | Tokens remaining: 44
2026-08-18 11:41:39 INFO  c.e.c.Tool.security.RateLimitFilter - Request from IP: 10.235.148.185 | URI: /boards/4/lists | Tokens remaining: 43
2026-08-18 11:41:51 INFO  c.e.c.Tool.security.RateLimitFilter - Request from IP: 10.235.148.185 | URI: /user/notifications | Tokens remaining: 50
2026-08-18 11:42:31 INFO  c.e.c.Tool.security.RateLimitFilter - Request from IP: 10.235.148.185 | URI: /faqs/active | Tokens remaining: 50
2026-08-18 11:42:31 INFO  c.e.c.Tool.security.RateLimitFilter - Request from IP: 10.235.148.185 | URI: /issues/active | Tokens remaining: 49
2026-08-18 11:42:35 INFO  c.e.c.Tool.security.RateLimitFilter - Request from IP: 10.235.148.185 | URI: /user/notification-preferences | Tokens remaining: 50
2026-08-18 11:42:56 INFO  c.e.c.Tool.security.RateLimitFilter - Request from IP: 10.235.148.185 | URI: /user/notification-preferences | Tokens remaining: 50
2026-08-18 11:43:05 INFO  c.e.c.Tool.security.RateLimitFilter - Request from IP: 10.235.148.185 | URI: /workspace/my-workspaces | Tokens remaining: 50
2026-08-18 11:43:05 INFO  c.e.c.Tool.security.RateLimitFilter - Request from IP: 10.235.148.185 | URI: /user/scratchpad | Tokens remaining: 50
2026-08-18 11:43:05 INFO  c.e.c.Tool.security.RateLimitFilter - Request from IP: 10.235.148.185 | URI: /boards/starred | Tokens remaining: 48
2026-08-18 11:43:05 INFO  c.e.c.Tool.security.RateLimitFilter - Request from IP: 10.235.148.185 | URI: /user/recent-boards | Tokens remaining: 47
2026-08-18 11:43:05 INFO  c.e.c.Tool.security.RateLimitFilter - Request from IP: 10.235.148.185 | URI: /workspace/starred | Tokens remaining: 46
2026-08-18 11:43:05 INFO  c.e.c.Tool.security.RateLimitFilter - Request from IP: 10.235.148.185 | URI: /user/notifications/unread-count | Tokens remaining: 45
2026-08-18 11:43:05 INFO  c.e.c.Tool.security.RateLimitFilter - Request from IP: 10.235.148.185 | URI: /boards/workspace/2 | Tokens remaining: 44
2026-08-18 11:43:05 INFO  c.e.c.Tool.security.RateLimitFilter - Request from IP: 10.235.148.185 | URI: /boards/4/lists | Tokens remaining: 43
2026-08-18 11:43:23 INFO  c.e.c.Tool.security.RateLimitFilter - Request from IP: 10.235.148.185 | URI: /workspace/2/star | Tokens remaining: 50
2026-08-18 11:43:24 INFO  c.e.c.Tool.security.RateLimitFilter - Request from IP: 10.235.148.185 | URI: /workspace/starred | Tokens remaining: 49
2026-08-18 11:43:31 INFO  c.e.c.Tool.security.RateLimitFilter - Request from IP: 10.235.148.185 | URI: /boards/workspace/2 | Tokens remaining: 50
2026-08-18 11:43:31 INFO  c.e.c.Tool.security.RateLimitFilter - Request from IP: 10.235.148.185 | URI: /boards/4/lists | Tokens remaining: 49
2026-08-18 11:43:47 INFO  c.e.c.Tool.security.RateLimitFilter - Request from IP: 10.235.148.185 | URI: /boards/workspace/2 | Tokens remaining: 50
2026-08-18 11:43:47 INFO  c.e.c.Tool.security.RateLimitFilter - Request from IP: 10.235.148.185 | URI: /workspace/2 | Tokens remaining: 49
2026-08-18 11:43:48 INFO  c.e.c.Tool.security.RateLimitFilter - Request from IP: 10.235.148.185 | URI: /boards/4/lists | Tokens remaining: 48
2026-08-18 11:43:48 INFO  c.e.c.Tool.security.RateLimitFilter - Request from IP: 10.235.148.185 | URI: /board/4/members | Tokens remaining: 47
2026-08-18 11:44:56 INFO  c.e.c.Tool.security.RateLimitFilter - Request from IP: 10.235.148.185 | URI: /workspace/my-workspaces | Tokens remaining: 50
2026-08-18 11:44:56 INFO  c.e.c.Tool.security.RateLimitFilter - Request from IP: 10.235.148.185 | URI: /user/scratchpad | Tokens remaining: 49
2026-08-18 11:44:56 INFO  c.e.c.Tool.security.RateLimitFilter - Request from IP: 10.235.148.185 | URI: /user/recent-boards | Tokens remaining: 48
2026-08-18 11:44:56 INFO  c.e.c.Tool.security.RateLimitFilter - Request from IP: 10.235.148.185 | URI: /boards/starred | Tokens remaining: 48
2026-08-18 11:44:56 INFO  c.e.c.Tool.security.RateLimitFilter - Request from IP: 10.235.148.185 | URI: /user/notifications/unread-count | Tokens remaining: 46
2026-08-18 11:44:56 INFO  c.e.c.Tool.security.RateLimitFilter - Request from IP: 10.235.148.185 | URI: /workspace/starred | Tokens remaining: 45
2026-08-18 11:44:57 INFO  c.e.c.Tool.security.RateLimitFilter - Request from IP: 10.235.148.185 | URI: /boards/workspace/2 | Tokens remaining: 44
2026-08-18 11:44:57 INFO  c.e.c.Tool.security.RateLimitFilter - Request from IP: 10.235.148.185 | URI: /boards/4/lists | Tokens remaining: 43
2026-08-18 11:45:10 INFO  c.e.c.Tool.security.RateLimitFilter - Request from IP: 10.235.148.185 | URI: /boards/workspace/2 | Tokens remaining: 50
2026-08-18 11:45:10 INFO  c.e.c.Tool.security.RateLimitFilter - Request from IP: 10.235.148.185 | URI: /workspace/2 | Tokens remaining: 50
2026-08-18 11:45:10 INFO  c.e.c.Tool.security.RateLimitFilter - Request from IP: 10.235.148.185 | URI: /board/4/members | Tokens remaining: 48
2026-08-18 11:45:10 INFO  c.e.c.Tool.security.RateLimitFilter - Request from IP: 10.235.148.185 | URI: /boards/4/lists | Tokens remaining: 48
2026-08-18 11:45:14 INFO  c.e.c.Tool.security.RateLimitFilter - Request from IP: 10.235.148.185 | URI: /board/5/members | Tokens remaining: 49
2026-08-18 11:45:14 INFO  c.e.c.Tool.security.RateLimitFilter - Request from IP: 10.235.148.185 | URI: /boards/5/lists | Tokens remaining: 48
2026-08-18 11:45:14 INFO  c.e.c.Tool.security.RateLimitFilter - Request from IP: 10.235.148.185 | URI: /cards/lists/7/cards | Tokens remaining: 47
2026-08-18 11:45:14 INFO  c.e.c.Tool.security.RateLimitFilter - Request from IP: 10.235.148.185 | URI: /cards/lists/8/cards | Tokens remaining: 47
2026-08-18 11:45:18 INFO  c.e.c.Tool.security.RateLimitFilter - Request from IP: 10.235.148.185 | URI: /boards/5/star | Tokens remaining: 48
2026-08-18 11:45:32 INFO  c.e.c.Tool.security.RateLimitFilter - Request from IP: 10.235.148.185 | URI: /workspace/my-workspaces | Tokens remaining: 50
2026-08-18 11:45:32 INFO  c.e.c.Tool.security.RateLimitFilter - Request from IP: 10.235.148.185 | URI: /user/recent-boards | Tokens remaining: 50
2026-08-18 11:45:32 INFO  c.e.c.Tool.security.RateLimitFilter - Request from IP: 10.235.148.185 | URI: /boards/starred | Tokens remaining: 48
2026-08-18 11:45:32 INFO  c.e.c.Tool.security.RateLimitFilter - Request from IP: 10.235.148.185 | URI: /user/scratchpad | Tokens remaining: 50
2026-08-18 11:45:32 INFO  c.e.c.Tool.security.RateLimitFilter - Request from IP: 10.235.148.185 | URI: /user/notifications/unread-count | Tokens remaining: 46
2026-08-18 11:45:32 INFO  c.e.c.Tool.security.RateLimitFilter - Request from IP: 10.235.148.185 | URI: /workspace/starred | Tokens remaining: 45
2026-08-18 11:45:32 INFO  c.e.c.Tool.security.RateLimitFilter - Request from IP: 10.235.148.185 | URI: /boards/workspace/2 | Tokens remaining: 44
2026-08-18 11:45:32 INFO  c.e.c.Tool.security.RateLimitFilter - Request from IP: 10.235.148.185 | URI: /boards/4/lists | Tokens remaining: 43
2026-08-18 11:45:35 INFO  c.e.c.Tool.security.RateLimitFilter - Request from IP: 10.235.148.185 | URI: /boards/workspace/2 | Tokens remaining: 44
2026-08-18 11:45:35 INFO  c.e.c.Tool.security.RateLimitFilter - Request from IP: 10.235.148.185 | URI: /boards/5/lists | Tokens remaining: 44
2026-08-18 11:45:36 INFO  c.e.c.Tool.security.RateLimitFilter - Request from IP: 10.235.148.185 | URI: /cards/lists/8/cards | Tokens remaining: 43
2026-08-18 11:45:36 INFO  c.e.c.Tool.security.RateLimitFilter - Request from IP: 10.235.148.185 | URI: /cards/lists/7/cards | Tokens remaining: 43
2026-08-18 11:46:05 INFO  c.e.c.Tool.security.RateLimitFilter - Request from IP: 10.235.148.185 | URI: /faqs/active | Tokens remaining: 50
2026-08-18 11:46:05 INFO  c.e.c.Tool.security.RateLimitFilter - Request from IP: 10.235.148.185 | URI: /issues/active | Tokens remaining: 49
2026-08-18 11:46:09 INFO  c.e.c.Tool.security.RateLimitFilter - Request from IP: 10.235.148.185 | URI: /user/notification-preferences | Tokens remaining: 50
2026-08-18 11:46:20 INFO  c.e.c.Tool.security.RateLimitFilter - Request from IP: 10.235.148.185 | URI: /user/update | Tokens remaining: 50
2026-08-18 11:46:41 INFO  c.e.c.Tool.security.RateLimitFilter - Request from IP: 10.235.148.185 | URI: /workspace/my-workspaces | Tokens remaining: 50
2026-08-18 11:46:41 INFO  c.e.c.Tool.security.RateLimitFilter - Request from IP: 10.235.148.185 | URI: /user/recent-boards | Tokens remaining: 49
2026-08-18 11:46:41 INFO  c.e.c.Tool.security.RateLimitFilter - Request from IP: 10.235.148.185 | URI: /user/scratchpad | Tokens remaining: 48
2026-08-18 11:46:41 INFO  c.e.c.Tool.security.RateLimitFilter - Request from IP: 10.235.148.185 | URI: /boards/starred | Tokens remaining: 47
2026-08-18 11:46:41 INFO  c.e.c.Tool.security.RateLimitFilter - Request from IP: 10.235.148.185 | URI: /user/notifications/unread-count | Tokens remaining: 46
2026-08-18 11:46:41 INFO  c.e.c.Tool.security.RateLimitFilter - Request from IP: 10.235.148.185 | URI: /workspace/starred | Tokens remaining: 48
2026-08-18 11:46:42 INFO  c.e.c.Tool.security.RateLimitFilter - Request from IP: 10.235.148.185 | URI: /boards/workspace/2 | Tokens remaining: 44
2026-08-18 11:46:42 INFO  c.e.c.Tool.security.RateLimitFilter - Request from IP: 10.235.148.185 | URI: /boards/4/lists | Tokens remaining: 43
2026-08-18 11:48:35 INFO  c.e.c.Tool.security.RateLimitFilter - Request from IP: 10.235.148.185 | URI: /boards/workspace/2 | Tokens remaining: 50
2026-08-18 11:48:35 INFO  c.e.c.Tool.security.RateLimitFilter - Request from IP: 10.235.148.185 | URI: /workspace/2 | Tokens remaining: 49
2026-08-18 11:48:35 INFO  c.e.c.Tool.security.RateLimitFilter - Request from IP: 10.235.148.185 | URI: /boards/4/lists | Tokens remaining: 48
2026-08-18 11:48:35 INFO  c.e.c.Tool.security.RateLimitFilter - Request from IP: 10.235.148.185 | URI: /board/4/members | Tokens remaining: 47
2026-08-18 11:48:58 INFO  c.e.c.Tool.security.RateLimitFilter - Request from IP: 10.235.148.185 | URI: /user/scratchpad | Tokens remaining: 50
2026-08-18 11:48:58 INFO  c.e.c.Tool.security.RateLimitFilter - Request from IP: 10.235.148.185 | URI: /workspace/my-workspaces | Tokens remaining: 49
2026-08-18 11:48:58 INFO  c.e.c.Tool.security.RateLimitFilter - Request from IP: 10.235.148.185 | URI: /boards/starred | Tokens remaining: 48
2026-08-18 11:48:58 INFO  c.e.c.Tool.security.RateLimitFilter - Request from IP: 10.235.148.185 | URI: /user/recent-boards | Tokens remaining: 47
2026-08-18 11:48:58 INFO  c.e.c.Tool.security.RateLimitFilter - Request from IP: 10.235.148.185 | URI: /user/notifications/unread-count | Tokens remaining: 46
2026-08-18 11:48:58 INFO  c.e.c.Tool.security.RateLimitFilter - Request from IP: 10.235.148.185 | URI: /workspace/starred | Tokens remaining: 45
2026-08-18 11:48:58 INFO  c.e.c.Tool.security.RateLimitFilter - Request from IP: 10.235.148.185 | URI: /boards/workspace/2 | Tokens remaining: 44
2026-08-18 11:48:59 INFO  c.e.c.Tool.security.RateLimitFilter - Request from IP: 10.235.148.185 | URI: /boards/4/lists | Tokens remaining: 43
2026-08-18 11:49:05 INFO  c.e.c.Tool.security.RateLimitFilter - Request from IP: 10.235.148.185 | URI: /boards/5/lists | Tokens remaining: 47
2026-08-18 11:49:05 INFO  c.e.c.Tool.security.RateLimitFilter - Request from IP: 10.235.148.185 | URI: /user/recent-boards/5 | Tokens remaining: 46
2026-08-18 11:49:05 INFO  c.e.c.Tool.security.RateLimitFilter - Request from IP: 10.235.148.185 | URI: /cards/lists/7/cards | Tokens remaining: 46
2026-08-18 11:49:05 INFO  c.e.c.Tool.security.RateLimitFilter - Request from IP: 10.235.148.185 | URI: /cards/lists/8/cards | Tokens remaining: 46
2026-08-18 11:49:05 INFO  c.e.c.Tool.security.RateLimitFilter - Request from IP: 10.235.148.185 | URI: /user/recent-boards | Tokens remaining: 44
2026-08-18 11:49:43 INFO  c.e.c.Tool.security.RateLimitFilter - Request from IP: 10.235.148.185 | URI: /boards/workspace/2 | Tokens remaining: 50
2026-08-18 11:49:43 INFO  c.e.c.Tool.security.RateLimitFilter - Request from IP: 10.235.148.185 | URI: /workspace/2 | Tokens remaining: 50
2026-08-18 11:49:43 INFO  c.e.c.Tool.security.RateLimitFilter - Request from IP: 10.235.148.185 | URI: /boards/4/lists | Tokens remaining: 48
2026-08-18 11:49:43 INFO  c.e.c.Tool.security.RateLimitFilter - Request from IP: 10.235.148.185 | URI: /board/4/members | Tokens remaining: 47
2026-08-18 11:49:50 INFO  c.e.c.Tool.security.RateLimitFilter - Request from IP: 10.235.148.185 | URI: /workspace/my-workspaces | Tokens remaining: 50
2026-08-18 11:49:50 INFO  c.e.c.Tool.security.RateLimitFilter - Request from IP: 10.235.148.185 | URI: /user/scratchpad | Tokens remaining: 50
2026-08-18 11:49:50 INFO  c.e.c.Tool.security.RateLimitFilter - Request from IP: 10.235.148.185 | URI: /user/recent-boards | Tokens remaining: 48
2026-08-18 11:49:50 INFO  c.e.c.Tool.security.RateLimitFilter - Request from IP: 10.235.148.185 | URI: /boards/starred | Tokens remaining: 47
2026-08-18 11:49:50 INFO  c.e.c.Tool.security.RateLimitFilter - Request from IP: 10.235.148.185 | URI: /workspace/starred | Tokens remaining: 46
2026-08-18 11:49:50 INFO  c.e.c.Tool.security.RateLimitFilter - Request from IP: 10.235.148.185 | URI: /user/notifications/unread-count | Tokens remaining: 45
2026-08-18 11:49:50 INFO  c.e.c.Tool.security.RateLimitFilter - Request from IP: 10.235.148.185 | URI: /boards/workspace/2 | Tokens remaining: 44
2026-08-18 11:49:50 INFO  c.e.c.Tool.security.RateLimitFilter - Request from IP: 10.235.148.185 | URI: /boards/4/lists | Tokens remaining: 43
2026-08-18 11:49:58 INFO  c.e.c.Tool.security.RateLimitFilter - Request from IP: 10.235.148.185 | URI: /workspace/2 | Tokens remaining: 49
2026-08-18 11:49:58 INFO  c.e.c.Tool.security.RateLimitFilter - Request from IP: 10.235.148.185 | URI: /boards/workspace/2 | Tokens remaining: 48
2026-08-18 11:49:59 INFO  c.e.c.Tool.security.RateLimitFilter - Request from IP: 10.235.148.185 | URI: /boards/4/lists | Tokens remaining: 47
2026-08-18 11:49:59 INFO  c.e.c.Tool.security.RateLimitFilter - Request from IP: 10.235.148.185 | URI: /board/4/members | Tokens remaining: 47
2026-08-18 12:03:40 INFO  o.s.w.s.c.WebSocketMessageBrokerStats - WebSocketSession[0 current WS(0)-HttpStream(0)-HttpPoll(0), 0 total, 0 closed abnormally (0 connect failure, 0 send limit, 0 transport error)], stompSubProtocol[processed CONNECT(0)-CONNECTED(0)-DISCONNECT(0)], stompBrokerRelay[null], inboundChannel[pool size = 0, active threads = 0, queued tasks = 0, completed tasks = 0], outboundChannel[pool size = 0, active threads = 0, queued tasks = 0, completed tasks = 0], sockJsScheduler[pool size = 4, active threads = 1, queued tasks = 3, completed tasks = 64]
2026-08-18 12:12:42 INFO  c.e.c.Tool.security.RateLimitFilter - Request from IP: 10.235.148.185 | URI: /boards/workspace/2 | Tokens remaining: 50
2026-08-18 12:12:42 INFO  c.e.c.Tool.security.RateLimitFilter - Request from IP: 10.235.148.185 | URI: /workspace/2 | Tokens remaining: 50
2026-08-18 12:12:42 WARN  c.e.c.Tool.security.JwtFilter - JWT Expired: JWT expired at 2026-08-18T08:54:28Z. Current time: 2026-08-18T09:12:42Z, a difference of 1094884 milliseconds.  Allowed clock skew: 0 milliseconds.
2026-08-18 12:12:42 WARN  c.e.c.Tool.security.JwtFilter - JWT Expired: JWT expired at 2026-08-18T08:54:28Z. Current time: 2026-08-18T09:12:42Z, a difference of 1094884 milliseconds.  Allowed clock skew: 0 milliseconds.
2026-08-18 12:12:43 INFO  c.e.c.Tool.security.RateLimitFilter - Request from IP: 10.235.148.185 | URI: /user/refresh | Tokens remaining: 48
2026-08-18 12:12:43 INFO  c.e.c.Tool.security.RateLimitFilter - Request from IP: 10.235.148.185 | URI: /boards/workspace/2 | Tokens remaining: 47
2026-08-18 12:12:43 INFO  c.e.c.Tool.security.RateLimitFilter - Request from IP: 10.235.148.185 | URI: /workspace/2 | Tokens remaining: 47
2026-08-18 12:12:45 INFO  c.e.c.Tool.security.RateLimitFilter - Request from IP: 10.235.148.185 | URI: /boards/4/lists | Tokens remaining: 47
2026-08-18 12:12:45 INFO  c.e.c.Tool.security.RateLimitFilter - Request from IP: 10.235.148.185 | URI: /board/4/members | Tokens remaining: 46
2026-08-18 12:13:31 INFO  c.e.c.Tool.security.RateLimitFilter - Request from IP: 10.235.148.185 | URI: /boards/workspace/2 | Tokens remaining: 50
2026-08-18 12:13:31 INFO  c.e.c.Tool.security.RateLimitFilter - Request from IP: 10.235.148.185 | URI: /workspace/2 | Tokens remaining: 49
2026-08-18 12:13:32 INFO  c.e.c.Tool.security.RateLimitFilter - Request from IP: 10.235.148.185 | URI: /boards/4/lists | Tokens remaining: 48
2026-08-18 12:13:32 INFO  c.e.c.Tool.security.RateLimitFilter - Request from IP: 10.235.148.185 | URI: /board/4/members | Tokens remaining: 47
2026-08-18 12:14:08 INFO  c.e.c.Tool.security.RateLimitFilter - Request from IP: 10.235.148.185 | URI: /workspace/2 | Tokens remaining: 50
2026-08-18 12:14:08 INFO  c.e.c.Tool.security.RateLimitFilter - Request from IP: 10.235.148.185 | URI: /boards/workspace/2 | Tokens remaining: 49
2026-08-18 12:14:09 INFO  c.e.c.Tool.security.RateLimitFilter - Request from IP: 10.235.148.185 | URI: /boards/4/lists | Tokens remaining: 48
2026-08-18 12:14:09 INFO  c.e.c.Tool.security.RateLimitFilter - Request from IP: 10.235.148.185 | URI: /board/4/members | Tokens remaining: 47
2026-08-18 12:14:21 INFO  c.e.c.Tool.security.RateLimitFilter - Request from IP: 10.235.148.185 | URI: /workspace/2 | Tokens remaining: 50
2026-08-18 12:14:21 INFO  c.e.c.Tool.security.RateLimitFilter - Request from IP: 10.235.148.185 | URI: /boards/workspace/2 | Tokens remaining: 49
2026-08-18 12:14:22 INFO  c.e.c.Tool.security.RateLimitFilter - Request from IP: 10.235.148.185 | URI: /boards/4/lists | Tokens remaining: 48
2026-08-18 12:14:22 INFO  c.e.c.Tool.security.RateLimitFilter - Request from IP: 10.235.148.185 | URI: /board/4/members | Tokens remaining: 47
2026-08-18 12:14:34 INFO  c.e.c.Tool.security.RateLimitFilter - Request from IP: 10.235.148.185 | URI: /workspace/my-workspaces | Tokens remaining: 50
2026-08-18 12:14:34 INFO  c.e.c.Tool.security.RateLimitFilter - Request from IP: 10.235.148.185 | URI: /user/recent-boards | Tokens remaining: 49
2026-08-18 12:14:34 INFO  c.e.c.Tool.security.RateLimitFilter - Request from IP: 10.235.148.185 | URI: /user/scratchpad | Tokens remaining: 48
2026-08-18 12:14:34 INFO  c.e.c.Tool.security.RateLimitFilter - Request from IP: 10.235.148.185 | URI: /boards/starred | Tokens remaining: 47
2026-08-18 12:14:34 INFO  c.e.c.Tool.security.RateLimitFilter - Request from IP: 10.235.148.185 | URI: /user/notifications/unread-count | Tokens remaining: 46
2026-08-18 12:14:34 INFO  c.e.c.Tool.security.RateLimitFilter - Request from IP: 10.235.148.185 | URI: /workspace/starred | Tokens remaining: 45
2026-08-18 12:14:34 INFO  c.e.c.Tool.security.RateLimitFilter - Request from IP: 10.235.148.185 | URI: /boards/workspace/2 | Tokens remaining: 44
2026-08-18 12:14:35 INFO  c.e.c.Tool.security.RateLimitFilter - Request from IP: 10.235.148.185 | URI: /boards/4/lists | Tokens remaining: 43
2026-08-18 12:14:37 INFO  c.e.c.Tool.security.RateLimitFilter - Request from IP: 10.235.148.185 | URI: /boards/workspace/2 | Tokens remaining: 44
2026-08-18 12:14:37 INFO  c.e.c.Tool.security.RateLimitFilter - Request from IP: 10.235.148.185 | URI: /workspace/2 | Tokens remaining: 43
2026-08-18 12:14:37 INFO  c.e.c.Tool.security.RateLimitFilter - Request from IP: 10.235.148.185 | URI: /boards/4/lists | Tokens remaining: 42
2026-08-18 12:14:37 INFO  c.e.c.Tool.security.RateLimitFilter - Request from IP: 10.235.148.185 | URI: /board/4/members | Tokens remaining: 41
2026-08-18 12:22:30 INFO  c.e.c.Tool.security.RateLimitFilter - Request from IP: 10.235.148.185 | URI: /workspace/2 | Tokens remaining: 50
2026-08-18 12:22:30 INFO  c.e.c.Tool.security.RateLimitFilter - Request from IP: 10.235.148.185 | URI: /boards/workspace/2 | Tokens remaining: 49
2026-08-18 12:22:30 INFO  c.e.c.Tool.security.RateLimitFilter - Request from IP: 10.235.148.185 | URI: /boards/4/lists | Tokens remaining: 48
2026-08-18 12:22:31 INFO  c.e.c.Tool.security.RateLimitFilter - Request from IP: 10.235.148.185 | URI: /board/4/members | Tokens remaining: 47
2026-08-18 12:23:14 INFO  c.e.c.Tool.security.RateLimitFilter - Request from IP: 10.235.148.185 | URI: /boards/workspace/2 | Tokens remaining: 50
2026-08-18 12:23:14 INFO  c.e.c.Tool.security.RateLimitFilter - Request from IP: 10.235.148.185 | URI: /workspace/2 | Tokens remaining: 49
2026-08-18 12:23:15 INFO  c.e.c.Tool.security.RateLimitFilter - Request from IP: 10.235.148.185 | URI: /boards/4/lists | Tokens remaining: 48
2026-08-18 12:23:15 INFO  c.e.c.Tool.security.RateLimitFilter - Request from IP: 10.235.148.185 | URI: /board/4/members | Tokens remaining: 47
2026-08-18 12:24:23 INFO  c.e.c.Tool.security.RateLimitFilter - Request from IP: 10.235.148.185 | URI: /boards/workspace/2 | Tokens remaining: 50
2026-08-18 12:24:23 INFO  c.e.c.Tool.security.RateLimitFilter - Request from IP: 10.235.148.185 | URI: /workspace/2 | Tokens remaining: 49
2026-08-18 12:24:23 INFO  c.e.c.Tool.security.RateLimitFilter - Request from IP: 10.235.148.185 | URI: /boards/4/lists | Tokens remaining: 48
2026-08-18 12:24:23 INFO  c.e.c.Tool.security.RateLimitFilter - Request from IP: 10.235.148.185 | URI: /board/4/members | Tokens remaining: 47
2026-08-18 12:24:53 INFO  c.e.c.Tool.security.RateLimitFilter - Request from IP: 10.235.148.185 | URI: /workspace/2 | Tokens remaining: 50
2026-08-18 12:24:53 INFO  c.e.c.Tool.security.RateLimitFilter - Request from IP: 10.235.148.185 | URI: /boards/workspace/2 | Tokens remaining: 50
2026-08-18 12:24:54 INFO  c.e.c.Tool.security.RateLimitFilter - Request from IP: 10.235.148.185 | URI: /boards/4/lists | Tokens remaining: 48
2026-08-18 12:24:54 INFO  c.e.c.Tool.security.RateLimitFilter - Request from IP: 10.235.148.185 | URI: /board/4/members | Tokens remaining: 47
2026-08-18 12:29:32 INFO  c.e.c.Tool.security.RateLimitFilter - Request from IP: 10.235.148.185 | URI: /workspace/2 | Tokens remaining: 50
2026-08-18 12:29:32 INFO  c.e.c.Tool.security.RateLimitFilter - Request from IP: 10.235.148.185 | URI: /boards/workspace/2 | Tokens remaining: 49
2026-08-18 12:29:32 WARN  c.e.c.Tool.security.JwtFilter - JWT Expired: JWT expired at 2026-08-18T09:27:43Z. Current time: 2026-08-18T09:29:32Z, a difference of 109976 milliseconds.  Allowed clock skew: 0 milliseconds.
2026-08-18 12:29:33 WARN  c.e.c.Tool.security.JwtFilter - JWT Expired: JWT expired at 2026-08-18T09:27:43Z. Current time: 2026-08-18T09:29:32Z, a difference of 109995 milliseconds.  Allowed clock skew: 0 milliseconds.
2026-08-18 12:29:33 INFO  c.e.c.Tool.security.RateLimitFilter - Request from IP: 10.235.148.185 | URI: /user/refresh | Tokens remaining: 48
2026-08-18 12:29:33 INFO  c.e.c.Tool.security.RateLimitFilter - Request from IP: 10.235.148.185 | URI: /workspace/2 | Tokens remaining: 47
2026-08-18 12:29:33 INFO  c.e.c.Tool.security.RateLimitFilter - Request from IP: 10.235.148.185 | URI: /boards/workspace/2 | Tokens remaining: 47
2026-08-18 12:29:33 INFO  c.e.c.Tool.security.RateLimitFilter - Request from IP: 10.235.148.185 | URI: /boards/4/lists | Tokens remaining: 45
2026-08-18 12:29:33 INFO  c.e.c.Tool.security.RateLimitFilter - Request from IP: 10.235.148.185 | URI: /board/4/members | Tokens remaining: 44
2026-08-18 12:29:40 INFO  c.e.c.Tool.security.RateLimitFilter - Request from IP: 10.235.148.185 | URI: /issues/active | Tokens remaining: 49
2026-08-18 12:29:40 INFO  c.e.c.Tool.security.RateLimitFilter - Request from IP: 10.235.148.185 | URI: /faqs/active | Tokens remaining: 48
2026-08-18 12:29:44 INFO  c.e.c.Tool.security.RateLimitFilter - Request from IP: 10.235.148.185 | URI: /workspace/my-workspaces | Tokens remaining: 50
2026-08-18 12:29:44 INFO  c.e.c.Tool.security.RateLimitFilter - Request from IP: 10.235.148.185 | URI: /user/recent-boards | Tokens remaining: 49
2026-08-18 12:29:44 INFO  c.e.c.Tool.security.RateLimitFilter - Request from IP: 10.235.148.185 | URI: /user/scratchpad | Tokens remaining: 48
2026-08-18 12:29:44 INFO  c.e.c.Tool.security.RateLimitFilter - Request from IP: 10.235.148.185 | URI: /workspace/starred | Tokens remaining: 47
2026-08-18 12:29:44 INFO  c.e.c.Tool.security.RateLimitFilter - Request from IP: 10.235.148.185 | URI: /user/notifications/unread-count | Tokens remaining: 46
2026-08-18 12:29:44 INFO  c.e.c.Tool.security.RateLimitFilter - Request from IP: 10.235.148.185 | URI: /boards/starred | Tokens remaining: 45
2026-08-18 12:29:44 INFO  c.e.c.Tool.security.RateLimitFilter - Request from IP: 10.235.148.185 | URI: /boards/workspace/2 | Tokens remaining: 44
2026-08-18 12:29:45 INFO  c.e.c.Tool.security.RateLimitFilter - Request from IP: 10.235.148.185 | URI: /boards/4/lists | Tokens remaining: 43
2026-08-18 12:29:50 INFO  c.e.c.Tool.security.RateLimitFilter - Request from IP: 10.235.148.185 | URI: /boards/workspace/2 | Tokens remaining: 47
2026-08-18 12:29:50 INFO  c.e.c.Tool.security.RateLimitFilter - Request from IP: 10.235.148.185 | URI: /workspace/2 | Tokens remaining: 47
2026-08-18 12:29:51 INFO  c.e.c.Tool.security.RateLimitFilter - Request from IP: 10.235.148.185 | URI: /boards/4/lists | Tokens remaining: 45
2026-08-18 12:29:51 INFO  c.e.c.Tool.security.RateLimitFilter - Request from IP: 10.235.148.185 | URI: /board/4/members | Tokens remaining: 44
2026-08-18 12:33:40 INFO  o.s.w.s.c.WebSocketMessageBrokerStats - WebSocketSession[0 current WS(0)-HttpStream(0)-HttpPoll(0), 0 total, 0 closed abnormally (0 connect failure, 0 send limit, 0 transport error)], stompSubProtocol[processed CONNECT(0)-CONNECTED(0)-DISCONNECT(0)], stompBrokerRelay[null], inboundChannel[pool size = 0, active threads = 0, queued tasks = 0, completed tasks = 0], outboundChannel[pool size = 0, active threads = 0, queued tasks = 0, completed tasks = 0], sockJsScheduler[pool size = 4, active threads = 1, queued tasks = 3, completed tasks = 126]
2026-08-18 12:40:05 INFO  c.e.c.Tool.security.RateLimitFilter - Request from IP: 10.235.148.185 | URI: /boards/workspace/2 | Tokens remaining: 50
2026-08-18 12:40:05 INFO  c.e.c.Tool.security.RateLimitFilter - Request from IP: 10.235.148.185 | URI: /workspace/2 | Tokens remaining: 49
2026-08-18 12:40:05 INFO  c.e.c.Tool.security.RateLimitFilter - Request from IP: 10.235.148.185 | URI: /boards/4/lists | Tokens remaining: 48
2026-08-18 12:40:05 INFO  c.e.c.Tool.security.RateLimitFilter - Request from IP: 10.235.148.185 | URI: /board/4/members | Tokens remaining: 47
2026-08-18 12:40:10 INFO  c.e.c.Tool.security.RateLimitFilter - Request from IP: 10.235.148.185 | URI: /workspace/2 | Tokens remaining: 50
2026-08-18 12:40:10 INFO  c.e.c.Tool.security.RateLimitFilter - Request from IP: 10.235.148.185 | URI: /boards/workspace/2 | Tokens remaining: 49
2026-08-18 12:40:11 INFO  c.e.c.Tool.security.RateLimitFilter - Request from IP: 10.235.148.185 | URI: /boards/4/lists | Tokens remaining: 48
2026-08-18 12:40:11 INFO  c.e.c.Tool.security.RateLimitFilter - Request from IP: 10.235.148.185 | URI: /board/4/members | Tokens remaining: 47
2026-08-18 12:41:26 INFO  c.e.c.Tool.security.RateLimitFilter - Request from IP: 10.235.148.185 | URI: /boards/5/lists | Tokens remaining: 50
2026-08-18 12:41:26 INFO  c.e.c.Tool.security.RateLimitFilter - Request from IP: 10.235.148.185 | URI: /board/5/members | Tokens remaining: 50
2026-08-18 12:41:26 INFO  c.e.c.Tool.security.RateLimitFilter - Request from IP: 10.235.148.185 | URI: /cards/lists/8/cards | Tokens remaining: 48
2026-08-18 12:41:26 INFO  c.e.c.Tool.security.RateLimitFilter - Request from IP: 10.235.148.185 | URI: /cards/lists/7/cards | Tokens remaining: 47
2026-08-18 12:50:30 INFO  c.e.c.Tool.security.RateLimitFilter - Request from IP: 10.235.148.185 | URI: /boards/workspace/2 | Tokens remaining: 50
2026-08-18 12:50:30 WARN  c.e.c.Tool.security.JwtFilter - JWT Expired: JWT expired at 2026-08-18T09:44:33Z. Current time: 2026-08-18T09:50:30Z, a difference of 357659 milliseconds.  Allowed clock skew: 0 milliseconds.
2026-08-18 12:50:30 INFO  c.e.c.Tool.security.RateLimitFilter - Request from IP: 10.235.148.185 | URI: /workspace/2 | Tokens remaining: 49
2026-08-18 12:50:30 WARN  c.e.c.Tool.security.JwtFilter - JWT Expired: JWT expired at 2026-08-18T09:44:33Z. Current time: 2026-08-18T09:50:30Z, a difference of 357668 milliseconds.  Allowed clock skew: 0 milliseconds.
2026-08-18 12:50:30 INFO  c.e.c.Tool.security.RateLimitFilter - Request from IP: 10.235.148.185 | URI: /user/refresh | Tokens remaining: 48
2026-08-18 12:50:30 INFO  c.e.c.Tool.security.RateLimitFilter - Request from IP: 10.235.148.185 | URI: /workspace/2 | Tokens remaining: 47
2026-08-18 12:50:31 INFO  c.e.c.Tool.security.RateLimitFilter - Request from IP: 10.235.148.185 | URI: /boards/workspace/2 | Tokens remaining: 46
2026-08-18 12:50:32 INFO  c.e.c.Tool.security.RateLimitFilter - Request from IP: 10.235.148.185 | URI: /boards/4/lists | Tokens remaining: 46
2026-08-18 12:50:32 INFO  c.e.c.Tool.security.RateLimitFilter - Request from IP: 10.235.148.185 | URI: /board/4/members | Tokens remaining: 45
2026-08-18 12:50:46 INFO  c.e.c.Tool.security.RateLimitFilter - Request from IP: 10.235.148.185 | URI: /workspace/2 | Tokens remaining: 50
2026-08-18 12:50:46 INFO  c.e.c.Tool.security.RateLimitFilter - Request from IP: 10.235.148.185 | URI: /boards/workspace/2 | Tokens remaining: 49
2026-08-18 12:50:46 INFO  c.e.c.Tool.security.RateLimitFilter - Request from IP: 10.235.148.185 | URI: /boards/4/lists | Tokens remaining: 48
2026-08-18 12:50:46 INFO  c.e.c.Tool.security.RateLimitFilter - Request from IP: 10.235.148.185 | URI: /board/4/members | Tokens remaining: 47
2026-08-18 12:52:33 INFO  c.e.c.Tool.security.RateLimitFilter - Request from IP: 10.235.148.185 | URI: /workspace/2 | Tokens remaining: 50
2026-08-18 12:52:33 INFO  c.e.c.Tool.security.RateLimitFilter - Request from IP: 10.235.148.185 | URI: /boards/workspace/2 | Tokens remaining: 49
2026-08-18 12:52:34 INFO  c.e.c.Tool.security.RateLimitFilter - Request from IP: 10.235.148.185 | URI: /board/4/members | Tokens remaining: 48
2026-08-18 12:52:34 INFO  c.e.c.Tool.security.RateLimitFilter - Request from IP: 10.235.148.185 | URI: /boards/4/lists | Tokens remaining: 47
2026-08-18 12:56:23 INFO  c.e.c.Tool.security.RateLimitFilter - Request from IP: 10.235.148.185 | URI: /boards/workspace/2 | Tokens remaining: 50
2026-08-18 12:56:23 INFO  c.e.c.Tool.security.RateLimitFilter - Request from IP: 10.235.148.185 | URI: /workspace/2 | Tokens remaining: 49
2026-08-18 12:56:23 INFO  c.e.c.Tool.security.RateLimitFilter - Request from IP: 10.235.148.185 | URI: /boards/4/lists | Tokens remaining: 48
2026-08-18 12:56:23 INFO  c.e.c.Tool.security.RateLimitFilter - Request from IP: 10.235.148.185 | URI: /board/4/members | Tokens remaining: 47
2026-08-18 12:57:18 INFO  c.e.c.Tool.security.RateLimitFilter - Request from IP: 10.235.148.185 | URI: /boards/workspace/2 | Tokens remaining: 50
2026-08-18 12:57:18 INFO  c.e.c.Tool.security.RateLimitFilter - Request from IP: 10.235.148.185 | URI: /workspace/2 | Tokens remaining: 50
2026-08-18 12:57:18 INFO  c.e.c.Tool.security.RateLimitFilter - Request from IP: 10.235.148.185 | URI: /boards/4/lists | Tokens remaining: 48
2026-08-18 12:57:18 INFO  c.e.c.Tool.security.RateLimitFilter - Request from IP: 10.235.148.185 | URI: /board/4/members | Tokens remaining: 47
2026-08-18 12:57:35 INFO  c.e.c.Tool.security.RateLimitFilter - Request from IP: 10.235.148.185 | URI: /boards/workspace/2 | Tokens remaining: 50
2026-08-18 12:57:35 INFO  c.e.c.Tool.security.RateLimitFilter - Request from IP: 10.235.148.185 | URI: /workspace/2 | Tokens remaining: 49
2026-08-18 12:57:36 INFO  c.e.c.Tool.security.RateLimitFilter - Request from IP: 10.235.148.185 | URI: /boards/4/lists | Tokens remaining: 48
2026-08-18 12:57:36 INFO  c.e.c.Tool.security.RateLimitFilter - Request from IP: 10.235.148.185 | URI: /board/4/members | Tokens remaining: 47
2026-08-18 12:59:17 INFO  c.e.c.Tool.security.RateLimitFilter - Request from IP: 10.235.148.185 | URI: /boards/4 | Tokens remaining: 50
2026-08-18 12:59:17 WARN  c.e.c.T.e.CollaborationExceptionHandler - Unauthorized access attempt: Only board admins can update this board
2026-08-18 12:59:17 INFO  c.e.c.Tool.security.RateLimitFilter - Request from IP: 10.235.148.185 | URI: /user/refresh | Tokens remaining: 49
2026-08-18 12:59:17 INFO  c.e.c.Tool.security.RateLimitFilter - Request from IP: 10.235.148.185 | URI: /boards/4 | Tokens remaining: 48
2026-08-18 12:59:18 WARN  c.e.c.T.e.CollaborationExceptionHandler - Unauthorized access attempt: Only board admins can update this board
2026-08-18 13:00:40 INFO  c.e.c.Tool.security.RateLimitFilter - Request from IP: 10.235.148.185 | URI: /user/login | Tokens remaining: 50
2026-08-18 13:00:41 INFO  c.e.c.Tool.security.RateLimitFilter - Request from IP: 10.235.148.185 | URI: /workspace/my-workspaces | Tokens remaining: 50
2026-08-18 13:00:41 INFO  c.e.c.Tool.security.RateLimitFilter - Request from IP: 10.235.148.185 | URI: /user/scratchpad | Tokens remaining: 49
2026-08-18 13:00:41 INFO  c.e.c.Tool.security.RateLimitFilter - Request from IP: 10.235.148.185 | URI: /user/recent-boards | Tokens remaining: 48
2026-08-18 13:00:41 INFO  c.e.c.Tool.security.RateLimitFilter - Request from IP: 10.235.148.185 | URI: /boards/starred | Tokens remaining: 48
2026-08-18 13:00:41 INFO  c.e.c.Tool.security.RateLimitFilter - Request from IP: 10.235.148.185 | URI: /user/notifications/unread-count | Tokens remaining: 46
2026-08-18 13:00:41 INFO  c.e.c.Tool.security.RateLimitFilter - Request from IP: 10.235.148.185 | URI: /workspace/starred | Tokens remaining: 45
2026-08-18 13:00:42 INFO  c.e.c.Tool.security.RateLimitFilter - Request from IP: 10.235.148.185 | URI: /boards/workspace/2 | Tokens remaining: 45
2026-08-18 13:00:43 INFO  c.e.c.Tool.security.RateLimitFilter - Request from IP: 10.235.148.185 | URI: /boards/4/lists | Tokens remaining: 44
2026-08-18 13:00:43 INFO  c.e.c.Tool.security.RateLimitFilter - Request from IP: 10.235.148.185 | URI: /boards/workspace/2 | Tokens remaining: 43
2026-08-18 13:00:43 INFO  c.e.c.Tool.security.RateLimitFilter - Request from IP: 10.235.148.185 | URI: /workspace/2 | Tokens remaining: 42
2026-08-18 13:00:44 INFO  c.e.c.Tool.security.RateLimitFilter - Request from IP: 10.235.148.185 | URI: /boards/4/lists | Tokens remaining: 42
2026-08-18 13:00:44 INFO  c.e.c.Tool.security.RateLimitFilter - Request from IP: 10.235.148.185 | URI: /board/4/members | Tokens remaining: 41
2026-08-18 13:01:36 INFO  c.e.c.Tool.security.RateLimitFilter - Request from IP: 10.235.148.185 | URI: /boards/workspace/2 | Tokens remaining: 50
2026-08-18 13:01:36 INFO  c.e.c.Tool.security.RateLimitFilter - Request from IP: 10.235.148.185 | URI: /workspace/2 | Tokens remaining: 49
2026-08-18 13:01:37 INFO  c.e.c.Tool.security.RateLimitFilter - Request from IP: 10.235.148.185 | URI: /board/4/members | Tokens remaining: 49
2026-08-18 13:01:37 INFO  c.e.c.Tool.security.RateLimitFilter - Request from IP: 10.235.148.185 | URI: /boards/4/lists | Tokens remaining: 48
2026-08-18 13:03:40 INFO  o.s.w.s.c.WebSocketMessageBrokerStats - WebSocketSession[0 current WS(0)-HttpStream(0)-HttpPoll(0), 0 total, 0 closed abnormally (0 connect failure, 0 send limit, 0 transport error)], stompSubProtocol[processed CONNECT(0)-CONNECTED(0)-DISCONNECT(0)], stompBrokerRelay[null], inboundChannel[pool size = 0, active threads = 0, queued tasks = 0, completed tasks = 0], outboundChannel[pool size = 0, active threads = 0, queued tasks = 0, completed tasks = 0], sockJsScheduler[pool size = 4, active threads = 1, queued tasks = 3, completed tasks = 187]
2026-08-18 13:07:24 INFO  c.e.c.Tool.security.RateLimitFilter - Request from IP: 10.235.148.185 | URI: /boards/workspace/2 | Tokens remaining: 50
2026-08-18 13:07:24 INFO  c.e.c.Tool.security.RateLimitFilter - Request from IP: 10.235.148.185 | URI: /workspace/2 | Tokens remaining: 50
2026-08-18 13:07:27 INFO  c.e.c.Tool.security.RateLimitFilter - Request from IP: 10.235.148.185 | URI: /boards/4/lists | Tokens remaining: 50
2026-08-18 13:07:27 INFO  c.e.c.Tool.security.RateLimitFilter - Request from IP: 10.235.148.185 | URI: /board/4/members | Tokens remaining: 49
2026-08-18 13:08:17 INFO  c.e.c.Tool.security.RateLimitFilter - Request from IP: 10.235.148.185 | URI: /boards/workspace/2 | Tokens remaining: 50
2026-08-18 13:08:17 INFO  c.e.c.Tool.security.RateLimitFilter - Request from IP: 10.235.148.185 | URI: /workspace/2 | Tokens remaining: 49
2026-08-18 13:08:18 INFO  c.e.c.Tool.security.RateLimitFilter - Request from IP: 10.235.148.185 | URI: /boards/4/lists | Tokens remaining: 48
2026-08-18 13:08:18 INFO  c.e.c.Tool.security.RateLimitFilter - Request from IP: 10.235.148.185 | URI: /board/4/members | Tokens remaining: 47
2026-08-18 13:09:09 INFO  c.e.c.Tool.security.RateLimitFilter - Request from IP: 10.235.148.185 | URI: /boards/4 | Tokens remaining: 50
2026-08-18 13:09:09 WARN  c.e.c.T.e.CollaborationExceptionHandler - Unauthorized access attempt: Only board admins can update this board
2026-08-18 13:09:09 INFO  c.e.c.Tool.security.RateLimitFilter - Request from IP: 10.235.148.185 | URI: /user/refresh | Tokens remaining: 49
2026-08-18 13:09:10 INFO  c.e.c.Tool.security.RateLimitFilter - Request from IP: 10.235.148.185 | URI: /boards/4 | Tokens remaining: 48
2026-08-18 13:09:10 WARN  c.e.c.T.e.CollaborationExceptionHandler - Unauthorized access attempt: Only board admins can update this board
2026-08-18 13:09:20 INFO  c.e.c.Tool.security.RateLimitFilter - Request from IP: 10.235.148.185 | URI: /user/login | Tokens remaining: 50
2026-08-18 13:09:20 INFO  c.e.c.Tool.security.RateLimitFilter - Request from IP: 10.235.148.185 | URI: /workspace/my-workspaces | Tokens remaining: 49
2026-08-18 13:09:20 INFO  c.e.c.Tool.security.RateLimitFilter - Request from IP: 10.235.148.185 | URI: /user/scratchpad | Tokens remaining: 48
2026-08-18 13:09:20 INFO  c.e.c.Tool.security.RateLimitFilter - Request from IP: 10.235.148.185 | URI: /workspace/starred | Tokens remaining: 47
2026-08-18 13:09:20 INFO  c.e.c.Tool.security.RateLimitFilter - Request from IP: 10.235.148.185 | URI: /user/recent-boards | Tokens remaining: 46
2026-08-18 13:09:20 INFO  c.e.c.Tool.security.RateLimitFilter - Request from IP: 10.235.148.185 | URI: /user/notifications/unread-count | Tokens remaining: 45
2026-08-18 13:09:20 INFO  c.e.c.Tool.security.RateLimitFilter - Request from IP: 10.235.148.185 | URI: /boards/starred | Tokens remaining: 44
2026-08-18 13:09:21 INFO  c.e.c.Tool.security.RateLimitFilter - Request from IP: 10.235.148.185 | URI: /boards/workspace/2 | Tokens remaining: 44
2026-08-18 13:09:22 INFO  c.e.c.Tool.security.RateLimitFilter - Request from IP: 10.235.148.185 | URI: /boards/4/lists | Tokens remaining: 43
2026-08-18 13:10:56 INFO  c.e.c.Tool.security.RateLimitFilter - Request from IP: 10.235.148.185 | URI: /workspace/2 | Tokens remaining: 50
2026-08-18 13:10:56 INFO  c.e.c.Tool.security.RateLimitFilter - Request from IP: 10.235.148.185 | URI: /boards/workspace/2 | Tokens remaining: 49
2026-08-18 13:10:57 INFO  c.e.c.Tool.security.RateLimitFilter - Request from IP: 10.235.148.185 | URI: /boards/4/lists | Tokens remaining: 48
2026-08-18 13:10:57 INFO  c.e.c.Tool.security.RateLimitFilter - Request from IP: 10.235.148.185 | URI: /board/4/members | Tokens remaining: 47
2026-08-18 13:11:05 INFO  c.e.c.Tool.security.RateLimitFilter - Request from IP: 10.235.148.185 | URI: /boards/4 | Tokens remaining: 50
2026-08-18 13:11:12 INFO  c.e.c.Tool.security.RateLimitFilter - Request from IP: 10.235.148.185 | URI: /workspace/2 | Tokens remaining: 50
2026-08-18 13:11:12 INFO  c.e.c.Tool.security.RateLimitFilter - Request from IP: 10.235.148.185 | URI: /boards/workspace/2 | Tokens remaining: 49
2026-08-18 13:11:13 INFO  c.e.c.Tool.security.RateLimitFilter - Request from IP: 10.235.148.185 | URI: /boards/4/lists | Tokens remaining: 48
2026-08-18 13:11:13 INFO  c.e.c.Tool.security.RateLimitFilter - Request from IP: 10.235.148.185 | URI: /board/4/members | Tokens remaining: 47
2026-08-18 13:33:40 INFO  o.s.w.s.c.WebSocketMessageBrokerStats - WebSocketSession[0 current WS(0)-HttpStream(0)-HttpPoll(0), 0 total, 0 closed abnormally (0 connect failure, 0 send limit, 0 transport error)], stompSubProtocol[processed CONNECT(0)-CONNECTED(0)-DISCONNECT(0)], stompBrokerRelay[null], inboundChannel[pool size = 0, active threads = 0, queued tasks = 0, completed tasks = 0], outboundChannel[pool size = 0, active threads = 0, queued tasks = 0, completed tasks = 0], sockJsScheduler[pool size = 4, active threads = 1, queued tasks = 3, completed tasks = 250]
2026-08-18 14:03:40 INFO  o.s.w.s.c.WebSocketMessageBrokerStats - WebSocketSession[0 current WS(0)-HttpStream(0)-HttpPoll(0), 0 total, 0 closed abnormally (0 connect failure, 0 send limit, 0 transport error)], stompSubProtocol[processed CONNECT(0)-CONNECTED(0)-DISCONNECT(0)], stompBrokerRelay[null], inboundChannel[pool size = 0, active threads = 0, queued tasks = 0, completed tasks = 0], outboundChannel[pool size = 0, active threads = 0, queued tasks = 0, completed tasks = 0], sockJsScheduler[pool size = 4, active threads = 1, queued tasks = 3, completed tasks = 311]
2026-08-18 14:12:23 INFO  c.e.c.Tool.security.RateLimitFilter - Request from IP: 10.235.148.185 | URI: /boards/5/lists | Tokens remaining: 50
2026-08-18 14:12:23 INFO  c.e.c.Tool.security.RateLimitFilter - Request from IP: 10.235.148.185 | URI: /board/5/members | Tokens remaining: 50
2026-08-18 14:12:23 WARN  c.e.c.Tool.security.JwtFilter - JWT Expired: JWT expired at 2026-08-18T10:24:20Z. Current time: 2026-08-18T11:12:23Z, a difference of 2883243 milliseconds.  Allowed clock skew: 0 milliseconds.
2026-08-18 14:12:23 WARN  c.e.c.Tool.security.JwtFilter - JWT Expired: JWT expired at 2026-08-18T10:24:20Z. Current time: 2026-08-18T11:12:23Z, a difference of 2883243 milliseconds.  Allowed clock skew: 0 milliseconds.
2026-08-18 14:12:23 INFO  c.e.c.Tool.security.RateLimitFilter - Request from IP: 10.235.148.185 | URI: /user/refresh | Tokens remaining: 48
2026-08-18 14:12:23 INFO  c.e.c.Tool.security.RateLimitFilter - Request from IP: 10.235.148.185 | URI: /boards/5/lists | Tokens remaining: 47
2026-08-18 14:12:23 INFO  c.e.c.Tool.security.RateLimitFilter - Request from IP: 10.235.148.185 | URI: /board/5/members | Tokens remaining: 46
2026-08-18 14:12:24 INFO  c.e.c.Tool.security.RateLimitFilter - Request from IP: 10.235.148.185 | URI: /cards/lists/7/cards | Tokens remaining: 45
2026-08-18 14:12:24 INFO  c.e.c.Tool.security.RateLimitFilter - Request from IP: 10.235.148.185 | URI: /cards/lists/8/cards | Tokens remaining: 44
2026-08-18 14:12:54 INFO  c.e.c.Tool.security.RateLimitFilter - Request from IP: 10.235.148.185 | URI: /boards/5 | Tokens remaining: 50
2026-08-18 14:12:54 WARN  c.e.c.T.e.CollaborationExceptionHandler - Unauthorized access attempt: Only board admins can update this board
2026-08-18 14:12:54 INFO  c.e.c.Tool.security.RateLimitFilter - Request from IP: 10.235.148.185 | URI: /user/refresh | Tokens remaining: 49
2026-08-18 14:12:54 INFO  c.e.c.Tool.security.RateLimitFilter - Request from IP: 10.235.148.185 | URI: /boards/5 | Tokens remaining: 48
2026-08-18 14:12:55 WARN  c.e.c.T.e.CollaborationExceptionHandler - Unauthorized access attempt: Only board admins can update this board
2026-08-18 14:14:08 INFO  c.e.c.Tool.security.RateLimitFilter - Request from IP: 10.235.148.185 | URI: /user/login | Tokens remaining: 50
2026-08-18 14:14:09 INFO  c.e.c.Tool.security.RateLimitFilter - Request from IP: 10.235.148.185 | URI: /user/recent-boards | Tokens remaining: 50
2026-08-18 14:14:09 INFO  c.e.c.Tool.security.RateLimitFilter - Request from IP: 10.235.148.185 | URI: /workspace/my-workspaces | Tokens remaining: 50
2026-08-18 14:14:09 INFO  c.e.c.Tool.security.RateLimitFilter - Request from IP: 10.235.148.185 | URI: /user/notifications/unread-count | Tokens remaining: 50
2026-08-18 14:14:09 INFO  c.e.c.Tool.security.RateLimitFilter - Request from IP: 10.235.148.185 | URI: /boards/starred | Tokens remaining: 50
2026-08-18 14:14:09 INFO  c.e.c.Tool.security.RateLimitFilter - Request from IP: 10.235.148.185 | URI: /workspace/starred | Tokens remaining: 50
2026-08-18 14:14:09 INFO  c.e.c.Tool.security.RateLimitFilter - Request from IP: 10.235.148.185 | URI: /user/scratchpad | Tokens remaining: 50
2026-08-18 14:14:10 INFO  c.e.c.Tool.security.RateLimitFilter - Request from IP: 10.235.148.185 | URI: /boards/workspace/2 | Tokens remaining: 44
2026-08-18 14:14:10 INFO  c.e.c.Tool.security.RateLimitFilter - Request from IP: 10.235.148.185 | URI: /boards/4/lists | Tokens remaining: 43
2026-08-18 14:14:26 INFO  c.e.c.Tool.security.RateLimitFilter - Request from IP: 10.235.148.185 | URI: /boards/workspace/2 | Tokens remaining: 50
2026-08-18 14:14:26 INFO  c.e.c.Tool.security.RateLimitFilter - Request from IP: 10.235.148.185 | URI: /workspace/2 | Tokens remaining: 49
2026-08-18 14:14:26 INFO  c.e.c.Tool.security.RateLimitFilter - Request from IP: 10.235.148.185 | URI: /boards/4/lists | Tokens remaining: 48
2026-08-18 14:14:26 INFO  c.e.c.Tool.security.RateLimitFilter - Request from IP: 10.235.148.185 | URI: /board/4/members | Tokens remaining: 47
2026-08-18 14:14:33 INFO  c.e.c.Tool.security.RateLimitFilter - Request from IP: 10.235.148.185 | URI: /board/5/members | Tokens remaining: 50
2026-08-18 14:14:33 INFO  c.e.c.Tool.security.RateLimitFilter - Request from IP: 10.235.148.185 | URI: /boards/5/lists | Tokens remaining: 49
2026-08-18 14:14:34 INFO  c.e.c.Tool.security.RateLimitFilter - Request from IP: 10.235.148.185 | URI: /cards/lists/7/cards | Tokens remaining: 48
2026-08-18 14:14:34 INFO  c.e.c.Tool.security.RateLimitFilter - Request from IP: 10.235.148.185 | URI: /cards/lists/8/cards | Tokens remaining: 47
2026-08-18 14:14:50 INFO  c.e.c.Tool.security.RateLimitFilter - Request from IP: 10.235.148.185 | URI: /boards/5 | Tokens remaining: 50
2026-08-18 14:14:51 WARN  c.e.c.T.e.CollaborationExceptionHandler - Unauthorized access attempt: Only board admins can update this board
2026-08-18 14:14:51 INFO  c.e.c.Tool.security.RateLimitFilter - Request from IP: 10.235.148.185 | URI: /user/refresh | Tokens remaining: 49
2026-08-18 14:14:51 INFO  c.e.c.Tool.security.RateLimitFilter - Request from IP: 10.235.148.185 | URI: /boards/5 | Tokens remaining: 48
2026-08-18 14:14:51 WARN  c.e.c.T.e.CollaborationExceptionHandler - Unauthorized access attempt: Only board admins can update this board
2026-08-18 14:19:03 INFO  c.e.c.Tool.security.RateLimitFilter - Request from IP: 10.235.148.185 | URI: /user/login | Tokens remaining: 50
2026-08-18 14:19:03 INFO  c.e.c.Tool.security.RateLimitFilter - Request from IP: 10.235.148.185 | URI: /workspace/my-workspaces | Tokens remaining: 49
2026-08-18 14:19:03 INFO  c.e.c.Tool.security.RateLimitFilter - Request from IP: 10.235.148.185 | URI: /user/notifications/unread-count | Tokens remaining: 48
2026-08-18 14:19:03 INFO  c.e.c.Tool.security.RateLimitFilter - Request from IP: 10.235.148.185 | URI: /boards/starred | Tokens remaining: 47
2026-08-18 14:19:03 INFO  c.e.c.Tool.security.RateLimitFilter - Request from IP: 10.235.148.185 | URI: /user/scratchpad | Tokens remaining: 46
2026-08-18 14:19:04 INFO  c.e.c.Tool.security.RateLimitFilter - Request from IP: 10.235.148.185 | URI: /user/recent-boards | Tokens remaining: 45
2026-08-18 14:19:04 INFO  c.e.c.Tool.security.RateLimitFilter - Request from IP: 10.235.148.185 | URI: /workspace/starred | Tokens remaining: 44
2026-08-18 14:19:04 INFO  c.e.c.Tool.security.RateLimitFilter - Request from IP: 10.235.148.185 | URI: /boards/workspace/2 | Tokens remaining: 44
2026-08-18 14:19:05 INFO  c.e.c.Tool.security.RateLimitFilter - Request from IP: 10.235.148.185 | URI: /boards/4/lists | Tokens remaining: 44
2026-08-18 14:19:08 INFO  c.e.c.Tool.security.RateLimitFilter - Request from IP: 10.235.148.185 | URI: /boards/workspace/2 | Tokens remaining: 45
2026-08-18 14:19:08 INFO  c.e.c.Tool.security.RateLimitFilter - Request from IP: 10.235.148.185 | URI: /workspace/2 | Tokens remaining: 44
2026-08-18 14:19:08 INFO  c.e.c.Tool.security.RateLimitFilter - Request from IP: 10.235.148.185 | URI: /boards/4/lists | Tokens remaining: 43
2026-08-18 14:19:08 INFO  c.e.c.Tool.security.RateLimitFilter - Request from IP: 10.235.148.185 | URI: /board/4/members | Tokens remaining: 42
2026-08-18 14:19:12 INFO  c.e.c.Tool.security.RateLimitFilter - Request from IP: 10.235.148.185 | URI: /workspace/my-workspaces | Tokens remaining: 45
2026-08-18 14:19:12 INFO  c.e.c.Tool.security.RateLimitFilter - Request from IP: 10.235.148.185 | URI: /user/scratchpad | Tokens remaining: 44
2026-08-18 14:19:12 INFO  c.e.c.Tool.security.RateLimitFilter - Request from IP: 10.235.148.185 | URI: /user/recent-boards | Tokens remaining: 43
2026-08-18 14:19:13 INFO  c.e.c.Tool.security.RateLimitFilter - Request from IP: 10.235.148.185 | URI: /workspace/starred | Tokens remaining: 42
2026-08-18 14:19:13 INFO  c.e.c.Tool.security.RateLimitFilter - Request from IP: 10.235.148.185 | URI: /user/notifications/unread-count | Tokens remaining: 41
2026-08-18 14:19:14 INFO  c.e.c.Tool.security.RateLimitFilter - Request from IP: 10.235.148.185 | URI: /boards/starred | Tokens remaining: 41
2026-08-18 14:19:14 INFO  c.e.c.Tool.security.RateLimitFilter - Request from IP: 10.235.148.185 | URI: /boards/workspace/2 | Tokens remaining: 40
2026-08-18 14:19:14 INFO  c.e.c.Tool.security.RateLimitFilter - Request from IP: 10.235.148.185 | URI: /boards/4/lists | Tokens remaining: 39
2026-08-18 14:19:42 INFO  c.e.c.Tool.security.RateLimitFilter - Request from IP: 10.235.148.185 | URI: /boards/workspace/2 | Tokens remaining: 50
2026-08-18 14:19:42 INFO  c.e.c.Tool.security.RateLimitFilter - Request from IP: 10.235.148.185 | URI: /workspace/2 | Tokens remaining: 49
2026-08-18 14:19:42 INFO  c.e.c.Tool.security.RateLimitFilter - Request from IP: 10.235.148.185 | URI: /boards/4/lists | Tokens remaining: 48
2026-08-18 14:19:42 INFO  c.e.c.Tool.security.RateLimitFilter - Request from IP: 10.235.148.185 | URI: /board/4/members | Tokens remaining: 47
2026-08-18 14:20:26 INFO  c.e.c.Tool.security.RateLimitFilter - Request from IP: 10.235.148.185 | URI: /boards/6/lists | Tokens remaining: 50
2026-08-18 14:20:26 INFO  c.e.c.Tool.security.RateLimitFilter - Request from IP: 10.235.148.185 | URI: /board/6/members | Tokens remaining: 49
2026-08-18 14:21:23 INFO  c.e.c.Tool.security.RateLimitFilter - Request from IP: 10.235.148.185 | URI: /boards/6 | Tokens remaining: 50
2026-08-18 14:24:39 INFO  c.e.c.Tool.security.RateLimitFilter - Request from IP: 10.235.148.185 | URI: /workspace/my-workspaces | Tokens remaining: 50
2026-08-18 14:24:39 INFO  c.e.c.Tool.security.RateLimitFilter - Request from IP: 10.235.148.185 | URI: /user/scratchpad | Tokens remaining: 49
2026-08-18 14:24:39 INFO  c.e.c.Tool.security.RateLimitFilter - Request from IP: 10.235.148.185 | URI: /boards/starred | Tokens remaining: 48
2026-08-18 14:24:39 INFO  c.e.c.Tool.security.RateLimitFilter - Request from IP: 10.235.148.185 | URI: /workspace/starred | Tokens remaining: 47
2026-08-18 14:24:39 INFO  c.e.c.Tool.security.RateLimitFilter - Request from IP: 10.235.148.185 | URI: /user/recent-boards | Tokens remaining: 46
2026-08-18 14:24:39 INFO  c.e.c.Tool.security.RateLimitFilter - Request from IP: 10.235.148.185 | URI: /user/notifications/unread-count | Tokens remaining: 45
2026-08-18 14:24:39 INFO  c.e.c.Tool.security.RateLimitFilter - Request from IP: 10.235.148.185 | URI: /boards/workspace/2 | Tokens remaining: 44
2026-08-18 14:24:40 INFO  c.e.c.Tool.security.RateLimitFilter - Request from IP: 10.235.148.185 | URI: /boards/4/lists | Tokens remaining: 43
2026-08-18 14:24:57 INFO  c.e.c.Tool.security.RateLimitFilter - Request from IP: 10.235.148.185 | URI: /boards/workspace/2 | Tokens remaining: 50
2026-08-18 14:24:57 INFO  c.e.c.Tool.security.RateLimitFilter - Request from IP: 10.235.148.185 | URI: /workspace/2 | Tokens remaining: 49
2026-08-18 14:24:57 INFO  c.e.c.Tool.security.RateLimitFilter - Request from IP: 10.235.148.185 | URI: /board/4/members | Tokens remaining: 48
2026-08-18 14:24:57 INFO  c.e.c.Tool.security.RateLimitFilter - Request from IP: 10.235.148.185 | URI: /boards/4/lists | Tokens remaining: 47
2026-08-18 14:25:07 INFO  c.e.c.Tool.security.RateLimitFilter - Request from IP: 10.235.148.185 | URI: /workspace/2/invite | Tokens remaining: 50
2026-08-18 14:25:08 INFO  c.e.c.T.s.Impl.EmailServiceImpl - Attempting to send email to: abrahamnetsec@gmail.com
2026-08-18 14:25:09 INFO  c.e.c.T.s.Impl.EmailServiceImpl - Email sent successfully to: abrahamnetsec@gmail.com
2026-08-18 14:25:25 INFO  c.e.c.Tool.security.RateLimitFilter - Request from IP: 10.235.148.185 | URI: /user/login | Tokens remaining: 50
2026-08-18 14:25:25 WARN  c.e.c.T.e.CollaborationExceptionHandler - Bad request: Your details aren't in our system, please register
2026-08-18 14:25:56 INFO  c.e.c.Tool.security.RateLimitFilter - Request from IP: 10.235.148.185 | URI: /user/register | Tokens remaining: 50
2026-08-18 14:25:56 INFO  c.e.c.Tool.controller.UserController - Register request received → email=abrahamnetsec@gmail.com
2026-08-18 14:25:56 INFO  c.e.c.T.s.Impl.EmailServiceImpl - Attempting to send email to: abrahamnetsec@gmail.com
2026-08-18 14:25:56 INFO  c.e.c.T.s.Impl.EmailServiceImpl - Email sent successfully to: abrahamnetsec@gmail.com
2026-08-18 14:26:32 INFO  c.e.c.Tool.security.RateLimitFilter - Request from IP: 10.235.148.185 | URI: /user/login | Tokens remaining: 50
2026-08-18 14:26:32 INFO  c.e.c.Tool.security.RateLimitFilter - Request from IP: 10.235.148.185 | URI: /workspace/starred | Tokens remaining: 49
2026-08-18 14:26:32 INFO  c.e.c.Tool.security.RateLimitFilter - Request from IP: 10.235.148.185 | URI: /user/recent-boards | Tokens remaining: 48
2026-08-18 14:26:32 INFO  c.e.c.Tool.security.RateLimitFilter - Request from IP: 10.235.148.185 | URI: /boards/starred | Tokens remaining: 47
2026-08-18 14:26:32 INFO  c.e.c.Tool.security.RateLimitFilter - Request from IP: 10.235.148.185 | URI: /workspace/my-workspaces | Tokens remaining: 46
2026-08-18 14:26:32 INFO  c.e.c.Tool.security.RateLimitFilter - Request from IP: 10.235.148.185 | URI: /user/scratchpad | Tokens remaining: 45
2026-08-18 14:26:32 INFO  c.e.c.Tool.security.RateLimitFilter - Request from IP: 10.235.148.185 | URI: /user/notifications/unread-count | Tokens remaining: 44
2026-08-18 14:26:35 INFO  c.e.c.Tool.security.RateLimitFilter - Request from IP: 10.235.148.185 | URI: /workspace/my-invitations | Tokens remaining: 45
2026-08-18 14:26:47 INFO  c.e.c.Tool.security.RateLimitFilter - Request from IP: 10.235.148.185 | URI: /workspace/accept-invite | Tokens remaining: 50
2026-08-18 14:26:47 INFO  c.e.c.Tool.security.RateLimitFilter - Request from IP: 10.235.148.185 | URI: /workspace/my-workspaces | Tokens remaining: 49
2026-08-18 14:26:47 INFO  c.e.c.Tool.security.RateLimitFilter - Request from IP: 10.235.148.185 | URI: /boards/workspace/2 | Tokens remaining: 48
2026-08-18 14:26:48 INFO  c.e.c.Tool.security.RateLimitFilter - Request from IP: 10.235.148.185 | URI: /boards/4/lists | Tokens remaining: 48
2026-08-18 14:26:51 INFO  c.e.c.Tool.security.RateLimitFilter - Request from IP: 10.235.148.185 | URI: /workspace/accept-invite | Tokens remaining: 49
2026-08-18 14:26:52 INFO  c.e.c.Tool.security.RateLimitFilter - Request from IP: 10.235.148.185 | URI: /workspace/my-workspaces | Tokens remaining: 49
2026-08-18 14:27:03 INFO  c.e.c.Tool.security.RateLimitFilter - Request from IP: 10.235.148.185 | URI: /boards/workspace/2 | Tokens remaining: 50
2026-08-18 14:27:03 INFO  c.e.c.Tool.security.RateLimitFilter - Request from IP: 10.235.148.185 | URI: /workspace/2 | Tokens remaining: 49
2026-08-18 14:27:03 INFO  c.e.c.Tool.security.RateLimitFilter - Request from IP: 10.235.148.185 | URI: /board/4/members | Tokens remaining: 48
2026-08-18 14:27:03 INFO  c.e.c.Tool.security.RateLimitFilter - Request from IP: 10.235.148.185 | URI: /boards/4/lists | Tokens remaining: 47
2026-08-18 14:27:07 INFO  c.e.c.Tool.security.RateLimitFilter - Request from IP: 10.235.148.185 | URI: /boards/6/lists | Tokens remaining: 49
2026-08-18 14:27:07 INFO  c.e.c.Tool.security.RateLimitFilter - Request from IP: 10.235.148.185 | URI: /board/6/members | Tokens remaining: 49
2026-08-18 14:27:23 INFO  c.e.c.Tool.security.RateLimitFilter - Request from IP: 10.235.148.185 | URI: /boards/6 | Tokens remaining: 50
2026-08-18 14:27:23 WARN  c.e.c.T.e.CollaborationExceptionHandler - Unauthorized access attempt: Only board admins can update this board
2026-08-18 14:27:23 INFO  c.e.c.Tool.security.RateLimitFilter - Request from IP: 10.235.148.185 | URI: /user/refresh | Tokens remaining: 49
2026-08-18 14:27:23 INFO  c.e.c.Tool.security.RateLimitFilter - Request from IP: 10.235.148.185 | URI: /boards/6 | Tokens remaining: 48
2026-08-18 14:27:23 WARN  c.e.c.T.e.CollaborationExceptionHandler - Unauthorized access attempt: Only board admins can update this board
2026-08-18 14:27:26 INFO  c.e.c.Tool.security.RateLimitFilter - Request from IP: 10.235.148.185 | URI: /user/login | Tokens remaining: 49
2026-08-18 14:27:26 INFO  c.e.c.Tool.security.RateLimitFilter - Request from IP: 10.235.148.185 | URI: /boards/starred | Tokens remaining: 48
2026-08-18 14:27:26 INFO  c.e.c.Tool.security.RateLimitFilter - Request from IP: 10.235.148.185 | URI: /user/scratchpad | Tokens remaining: 47
2026-08-18 14:27:26 INFO  c.e.c.Tool.security.RateLimitFilter - Request from IP: 10.235.148.185 | URI: /workspace/starred | Tokens remaining: 47
2026-08-18 14:27:26 INFO  c.e.c.Tool.security.RateLimitFilter - Request from IP: 10.235.148.185 | URI: /workspace/my-workspaces | Tokens remaining: 46
2026-08-18 14:27:26 INFO  c.e.c.Tool.security.RateLimitFilter - Request from IP: 10.235.148.185 | URI: /user/recent-boards | Tokens remaining: 44
2026-08-18 14:27:26 INFO  c.e.c.Tool.security.RateLimitFilter - Request from IP: 10.235.148.185 | URI: /user/notifications/unread-count | Tokens remaining: 43
2026-08-18 14:27:26 INFO  c.e.c.Tool.security.RateLimitFilter - Request from IP: 10.235.148.185 | URI: /boards/workspace/2 | Tokens remaining: 43
2026-08-18 14:27:27 INFO  c.e.c.Tool.security.RateLimitFilter - Request from IP: 10.235.148.185 | URI: /boards/4/lists | Tokens remaining: 42
2026-08-18 14:27:30 INFO  c.e.c.Tool.security.RateLimitFilter - Request from IP: 10.235.148.185 | URI: /user/recent-boards/6 | Tokens remaining: 44
2026-08-18 14:27:30 INFO  c.e.c.Tool.security.RateLimitFilter - Request from IP: 10.235.148.185 | URI: /boards/6/lists | Tokens remaining: 43
2026-08-18 14:27:30 INFO  c.e.c.Tool.security.RateLimitFilter - Request from IP: 10.235.148.185 | URI: /user/recent-boards | Tokens remaining: 42
2026-08-18 14:27:35 INFO  c.e.c.Tool.security.RateLimitFilter - Request from IP: 10.235.148.185 | URI: /workspace/2 | Tokens remaining: 45
2026-08-18 14:27:35 INFO  c.e.c.Tool.security.RateLimitFilter - Request from IP: 10.235.148.185 | URI: /boards/workspace/2 | Tokens remaining: 45
2026-08-18 14:27:36 INFO  c.e.c.Tool.security.RateLimitFilter - Request from IP: 10.235.148.185 | URI: /boards/4/lists | Tokens remaining: 44
2026-08-18 14:27:36 INFO  c.e.c.Tool.security.RateLimitFilter - Request from IP: 10.235.148.185 | URI: /board/4/members | Tokens remaining: 43
2026-08-18 14:27:40 INFO  c.e.c.Tool.security.RateLimitFilter - Request from IP: 10.235.148.185 | URI: /boards/6/lists | Tokens remaining: 45
2026-08-18 14:27:40 INFO  c.e.c.Tool.security.RateLimitFilter - Request from IP: 10.235.148.185 | URI: /board/6/members | Tokens remaining: 44
2026-08-18 14:29:47 INFO  c.e.c.Tool.security.RateLimitFilter - Request from IP: 10.235.148.185 | URI: /board/6/members | Tokens remaining: 50
2026-08-18 14:29:48 INFO  c.e.c.T.s.Impl.EmailServiceImpl - Attempting to send email to: abrahamnetsec@gmail.com
2026-08-18 14:29:48 INFO  c.e.c.T.s.Impl.EmailServiceImpl - Email sent successfully to: abrahamnetsec@gmail.com
2026-08-18 14:29:48 INFO  c.e.c.Tool.security.RateLimitFilter - Request from IP: 10.235.148.185 | URI: /board/6/members | Tokens remaining: 49
2026-08-18 14:33:40 INFO  o.s.w.s.c.WebSocketMessageBrokerStats - WebSocketSession[0 current WS(0)-HttpStream(0)-HttpPoll(0), 0 total, 0 closed abnormally (0 connect failure, 0 send limit, 0 transport error)], stompSubProtocol[processed CONNECT(0)-CONNECTED(0)-DISCONNECT(0)], stompBrokerRelay[null], inboundChannel[pool size = 0, active threads = 0, queued tasks = 0, completed tasks = 0], outboundChannel[pool size = 0, active threads = 0, queued tasks = 0, completed tasks = 0], sockJsScheduler[pool size = 4, active threads = 1, queued tasks = 3, completed tasks = 373]
2026-08-18 14:38:11 INFO  o.s.boot.tomcat.GracefulShutdown - Commencing graceful shutdown. Waiting for active requests to complete
2026-08-18 14:38:11 INFO  o.s.boot.tomcat.GracefulShutdown - Graceful shutdown complete
2026-08-18 14:38:11 INFO  o.s.m.s.b.SimpleBrokerMessageHandler - Stopping...
2026-08-18 14:38:11 INFO  o.s.m.s.b.SimpleBrokerMessageHandler - BrokerAvailabilityEvent[available=false, SimpleBrokerMessageHandler [org.springframework.messaging.simp.broker.DefaultSubscriptionRegistry@47531db1]]
2026-08-18 14:38:11 INFO  o.s.m.s.b.SimpleBrokerMessageHandler - Stopped.
2026-08-18 14:38:14 INFO  o.s.o.j.LocalContainerEntityManagerFactoryBean - Closing JPA EntityManagerFactory for persistence unit 'default'
2026-08-18 14:38:14 INFO  com.zaxxer.hikari.HikariDataSource - HikariPool-1 - Shutdown initiated...
2026-08-18 14:38:14 INFO  com.zaxxer.hikari.HikariDataSource - HikariPool-1 - Shutdown completed.
2026-08-18 14:38:29 INFO  c.e.c.T.CollaborationToolApplication - Starting CollaborationToolApplication using Java 21.0.8 with PID 9820 (C:\Abraham\Code\Eclectics\Collaboration-Tool\target\classes started by pc in C:\Abraham\Code\Eclectics\Collaboration-Tool)
2026-08-18 14:38:29 INFO  c.e.c.T.CollaborationToolApplication - The following 1 profile is active: "prod"
2026-08-18 14:38:33 INFO  o.s.d.r.c.RepositoryConfigurationDelegate - Multiple Spring Data modules found, entering strict repository configuration mode
2026-08-18 14:38:33 INFO  o.s.d.r.c.RepositoryConfigurationDelegate - Bootstrapping Spring Data JPA repositories in DEFAULT mode.
2026-08-18 14:38:34 INFO  o.s.d.r.c.RepositoryConfigurationDelegate - Finished Spring Data repository scanning in 730 ms. Found 25 JPA repository interfaces.
2026-08-18 14:38:34 INFO  o.s.d.r.c.RepositoryConfigurationDelegate - Multiple Spring Data modules found, entering strict repository configuration mode
2026-08-18 14:38:34 INFO  o.s.d.r.c.RepositoryConfigurationDelegate - Bootstrapping Spring Data Redis repositories in DEFAULT mode.
2026-08-18 14:38:34 INFO  o.s.d.r.c.RepositoryConfigurationExtensionSupport - Spring Data Redis - Could not safely identify store assignment for repository candidate interface com.eclectics.collaboration.Tool.repository.ActivityLogRepository; If you want this repository to be a Redis repository, consider annotating your entities with one of these annotations: org.springframework.data.redis.core.RedisHash (preferred), or consider extending one of the following types with your repository: org.springframework.data.keyvalue.repository.KeyValueRepository
2026-08-18 14:38:34 INFO  o.s.d.r.c.RepositoryConfigurationExtensionSupport - Spring Data Redis - Could not safely identify store assignment for repository candidate interface com.eclectics.collaboration.Tool.repository.BoardMemberRepository; If you want this repository to be a Redis repository, consider annotating your entities with one of these annotations: org.springframework.data.redis.core.RedisHash (preferred), or consider extending one of the following types with your repository: org.springframework.data.keyvalue.repository.KeyValueRepository
2026-08-18 14:38:34 INFO  o.s.d.r.c.RepositoryConfigurationExtensionSupport - Spring Data Redis - Could not safely identify store assignment for repository candidate interface com.eclectics.collaboration.Tool.repository.BoardsRepository; If you want this repository to be a Redis repository, consider annotating your entities with one of these annotations: org.springframework.data.redis.core.RedisHash (preferred), or consider extending one of the following types with your repository: org.springframework.data.keyvalue.repository.KeyValueRepository
2026-08-18 14:38:34 INFO  o.s.d.r.c.RepositoryConfigurationExtensionSupport - Spring Data Redis - Could not safely identify store assignment for repository candidate interface com.eclectics.collaboration.Tool.repository.CardAssigneeRepository; If you want this repository to be a Redis repository, consider annotating your entities with one of these annotations: org.springframework.data.redis.core.RedisHash (preferred), or consider extending one of the following types with your repository: org.springframework.data.keyvalue.repository.KeyValueRepository
2026-08-18 14:38:34 INFO  o.s.d.r.c.RepositoryConfigurationExtensionSupport - Spring Data Redis - Could not safely identify store assignment for repository candidate interface com.eclectics.collaboration.Tool.repository.CardLabelRepository; If you want this repository to be a Redis repository, consider annotating your entities with one of these annotations: org.springframework.data.redis.core.RedisHash (preferred), or consider extending one of the following types with your repository: org.springframework.data.keyvalue.repository.KeyValueRepository
2026-08-18 14:38:34 INFO  o.s.d.r.c.RepositoryConfigurationExtensionSupport - Spring Data Redis - Could not safely identify store assignment for repository candidate interface com.eclectics.collaboration.Tool.repository.CardRepository; If you want this repository to be a Redis repository, consider annotating your entities with one of these annotations: org.springframework.data.redis.core.RedisHash (preferred), or consider extending one of the following types with your repository: org.springframework.data.keyvalue.repository.KeyValueRepository
2026-08-18 14:38:34 INFO  o.s.d.r.c.RepositoryConfigurationExtensionSupport - Spring Data Redis - Could not safely identify store assignment for repository candidate interface com.eclectics.collaboration.Tool.repository.CommentMentionRepository; If you want this repository to be a Redis repository, consider annotating your entities with one of these annotations: org.springframework.data.redis.core.RedisHash (preferred), or consider extending one of the following types with your repository: org.springframework.data.keyvalue.repository.KeyValueRepository
2026-08-18 14:38:34 INFO  o.s.d.r.c.RepositoryConfigurationExtensionSupport - Spring Data Redis - Could not safely identify store assignment for repository candidate interface com.eclectics.collaboration.Tool.repository.CommentRepository; If you want this repository to be a Redis repository, consider annotating your entities with one of these annotations: org.springframework.data.redis.core.RedisHash (preferred), or consider extending one of the following types with your repository: org.springframework.data.keyvalue.repository.KeyValueRepository
2026-08-18 14:38:34 INFO  o.s.d.r.c.RepositoryConfigurationExtensionSupport - Spring Data Redis - Could not safely identify store assignment for repository candidate interface com.eclectics.collaboration.Tool.repository.DueDateReminderRepository; If you want this repository to be a Redis repository, consider annotating your entities with one of these annotations: org.springframework.data.redis.core.RedisHash (preferred), or consider extending one of the following types with your repository: org.springframework.data.keyvalue.repository.KeyValueRepository
2026-08-18 14:38:34 INFO  o.s.d.r.c.RepositoryConfigurationExtensionSupport - Spring Data Redis - Could not safely identify store assignment for repository candidate interface com.eclectics.collaboration.Tool.repository.FAQRepository; If you want this repository to be a Redis repository, consider annotating your entities with one of these annotations: org.springframework.data.redis.core.RedisHash (preferred), or consider extending one of the following types with your repository: org.springframework.data.keyvalue.repository.KeyValueRepository
2026-08-18 14:38:34 INFO  o.s.d.r.c.RepositoryConfigurationExtensionSupport - Spring Data Redis - Could not safely identify store assignment for repository candidate interface com.eclectics.collaboration.Tool.repository.InvitationRepository; If you want this repository to be a Redis repository, consider annotating your entities with one of these annotations: org.springframework.data.redis.core.RedisHash (preferred), or consider extending one of the following types with your repository: org.springframework.data.keyvalue.repository.KeyValueRepository
2026-08-18 14:38:34 INFO  o.s.d.r.c.RepositoryConfigurationExtensionSupport - Spring Data Redis - Could not safely identify store assignment for repository candidate interface com.eclectics.collaboration.Tool.repository.IssueRepository; If you want this repository to be a Redis repository, consider annotating your entities with one of these annotations: org.springframework.data.redis.core.RedisHash (preferred), or consider extending one of the following types with your repository: org.springframework.data.keyvalue.repository.KeyValueRepository
2026-08-18 14:38:34 INFO  o.s.d.r.c.RepositoryConfigurationExtensionSupport - Spring Data Redis - Could not safely identify store assignment for repository candidate interface com.eclectics.collaboration.Tool.repository.LabelRepository; If you want this repository to be a Redis repository, consider annotating your entities with one of these annotations: org.springframework.data.redis.core.RedisHash (preferred), or consider extending one of the following types with your repository: org.springframework.data.keyvalue.repository.KeyValueRepository
2026-08-18 14:38:34 INFO  o.s.d.r.c.RepositoryConfigurationExtensionSupport - Spring Data Redis - Could not safely identify store assignment for repository candidate interface com.eclectics.collaboration.Tool.repository.ListEntityRepository; If you want this repository to be a Redis repository, consider annotating your entities with one of these annotations: org.springframework.data.redis.core.RedisHash (preferred), or consider extending one of the following types with your repository: org.springframework.data.keyvalue.repository.KeyValueRepository
2026-08-18 14:38:34 INFO  o.s.d.r.c.RepositoryConfigurationExtensionSupport - Spring Data Redis - Could not safely identify store assignment for repository candidate interface com.eclectics.collaboration.Tool.repository.NotificationPreferenceRepository; If you want this repository to be a Redis repository, consider annotating your entities with one of these annotations: org.springframework.data.redis.core.RedisHash (preferred), or consider extending one of the following types with your repository: org.springframework.data.keyvalue.repository.KeyValueRepository
2026-08-18 14:38:34 INFO  o.s.d.r.c.RepositoryConfigurationExtensionSupport - Spring Data Redis - Could not safely identify store assignment for repository candidate interface com.eclectics.collaboration.Tool.repository.NotificationRepository; If you want this repository to be a Redis repository, consider annotating your entities with one of these annotations: org.springframework.data.redis.core.RedisHash (preferred), or consider extending one of the following types with your repository: org.springframework.data.keyvalue.repository.KeyValueRepository
2026-08-18 14:38:34 INFO  o.s.d.r.c.RepositoryConfigurationExtensionSupport - Spring Data Redis - Could not safely identify store assignment for repository candidate interface com.eclectics.collaboration.Tool.repository.RefreshTokenRepository; If you want this repository to be a Redis repository, consider annotating your entities with one of these annotations: org.springframework.data.redis.core.RedisHash (preferred), or consider extending one of the following types with your repository: org.springframework.data.keyvalue.repository.KeyValueRepository
2026-08-18 14:38:34 INFO  o.s.d.r.c.RepositoryConfigurationExtensionSupport - Spring Data Redis - Could not safely identify store assignment for repository candidate interface com.eclectics.collaboration.Tool.repository.StarredBoardRepository; If you want this repository to be a Redis repository, consider annotating your entities with one of these annotations: org.springframework.data.redis.core.RedisHash (preferred), or consider extending one of the following types with your repository: org.springframework.data.keyvalue.repository.KeyValueRepository
2026-08-18 14:38:34 INFO  o.s.d.r.c.RepositoryConfigurationExtensionSupport - Spring Data Redis - Could not safely identify store assignment for repository candidate interface com.eclectics.collaboration.Tool.repository.StarredWorkspaceRepository; If you want this repository to be a Redis repository, consider annotating your entities with one of these annotations: org.springframework.data.redis.core.RedisHash (preferred), or consider extending one of the following types with your repository: org.springframework.data.keyvalue.repository.KeyValueRepository
2026-08-18 14:38:34 INFO  o.s.d.r.c.RepositoryConfigurationExtensionSupport - Spring Data Redis - Could not safely identify store assignment for repository candidate interface com.eclectics.collaboration.Tool.repository.SystemConfigRepository; If you want this repository to be a Redis repository, consider annotating your entities with one of these annotations: org.springframework.data.redis.core.RedisHash (preferred), or consider extending one of the following types with your repository: org.springframework.data.keyvalue.repository.KeyValueRepository
2026-08-18 14:38:34 INFO  o.s.d.r.c.RepositoryConfigurationExtensionSupport - Spring Data Redis - Could not safely identify store assignment for repository candidate interface com.eclectics.collaboration.Tool.repository.TalkRepository; If you want this repository to be a Redis repository, consider annotating your entities with one of these annotations: org.springframework.data.redis.core.RedisHash (preferred), or consider extending one of the following types with your repository: org.springframework.data.keyvalue.repository.KeyValueRepository
2026-08-18 14:38:34 INFO  o.s.d.r.c.RepositoryConfigurationExtensionSupport - Spring Data Redis - Could not safely identify store assignment for repository candidate interface com.eclectics.collaboration.Tool.repository.UserRecentBoardRepository; If you want this repository to be a Redis repository, consider annotating your entities with one of these annotations: org.springframework.data.redis.core.RedisHash (preferred), or consider extending one of the following types with your repository: org.springframework.data.keyvalue.repository.KeyValueRepository
2026-08-18 14:38:34 INFO  o.s.d.r.c.RepositoryConfigurationExtensionSupport - Spring Data Redis - Could not safely identify store assignment for repository candidate interface com.eclectics.collaboration.Tool.repository.UserRespository; If you want this repository to be a Redis repository, consider annotating your entities with one of these annotations: org.springframework.data.redis.core.RedisHash (preferred), or consider extending one of the following types with your repository: org.springframework.data.keyvalue.repository.KeyValueRepository
2026-08-18 14:38:34 INFO  o.s.d.r.c.RepositoryConfigurationExtensionSupport - Spring Data Redis - Could not safely identify store assignment for repository candidate interface com.eclectics.collaboration.Tool.repository.WorkSpaceMemberRepository; If you want this repository to be a Redis repository, consider annotating your entities with one of these annotations: org.springframework.data.redis.core.RedisHash (preferred), or consider extending one of the following types with your repository: org.springframework.data.keyvalue.repository.KeyValueRepository
2026-08-18 14:38:34 INFO  o.s.d.r.c.RepositoryConfigurationExtensionSupport - Spring Data Redis - Could not safely identify store assignment for repository candidate interface com.eclectics.collaboration.Tool.repository.WorkSpaceReposiroty; If you want this repository to be a Redis repository, consider annotating your entities with one of these annotations: org.springframework.data.redis.core.RedisHash (preferred), or consider extending one of the following types with your repository: org.springframework.data.keyvalue.repository.KeyValueRepository
2026-08-18 14:38:34 INFO  o.s.d.r.c.RepositoryConfigurationDelegate - Finished Spring Data repository scanning in 51 ms. Found 0 Redis repository interfaces.
2026-08-18 14:38:36 INFO  o.s.boot.tomcat.TomcatWebServer - Tomcat initialized with port 8084 (http)
2026-08-18 14:38:36 INFO  o.a.coyote.http11.Http11NioProtocol - Initializing ProtocolHandler ["http-nio-0.0.0.0-8084"]
2026-08-18 14:38:36 INFO  o.a.catalina.core.StandardService - Starting service [Tomcat]
2026-08-18 14:38:36 INFO  o.a.catalina.core.StandardEngine - Starting Servlet engine: [Apache Tomcat/11.0.15]
2026-08-18 14:38:37 INFO  o.s.b.w.c.s.WebApplicationContextInitializer - Root WebApplicationContext: initialization completed in 7667 ms
2026-08-18 14:38:37 INFO  com.zaxxer.hikari.HikariDataSource - HikariPool-1 - Starting...
2026-08-18 14:38:38 INFO  com.zaxxer.hikari.pool.HikariPool - HikariPool-1 - Added connection org.postgresql.jdbc.PgConnection@25ea068e
2026-08-18 14:38:38 INFO  com.zaxxer.hikari.HikariDataSource - HikariPool-1 - Start completed.
2026-08-18 14:38:38 INFO  org.hibernate.orm.jpa - HHH008540: Processing PersistenceUnitInfo [name: default]
2026-08-18 14:38:38 INFO  org.hibernate.orm.core - HHH000001: Hibernate ORM core version 7.2.1.Final
2026-08-18 14:38:41 INFO  o.s.o.j.p.SpringPersistenceUnitInfo - No LoadTimeWeaver setup: ignoring JPA class transformer
2026-08-18 14:38:41 INFO  o.hibernate.orm.connections.pooling - HHH10001005: Database info:
	Database JDBC URL [jdbc:postgresql://localhost:5432/collaborationTool]
	Database driver: PostgreSQL JDBC Driver
	Database dialect: PostgreSQLDialect
	Database version: 17.6
	Default catalog/schema: collaborationTool/public
	Autocommit mode: undefined/unknown
	Isolation level: READ_COMMITTED [default READ_COMMITTED]
	JDBC fetch size: none
	Pool: DataSourceConnectionProvider
	Minimum pool size: undefined/unknown
	Maximum pool size: undefined/unknown
2026-08-18 14:38:45 INFO  org.hibernate.orm.core - HHH000489: No JTA platform available (set 'hibernate.transaction.jta.platform' to enable JTA platform integration)
2026-08-18 14:38:45 INFO  o.s.o.j.LocalContainerEntityManagerFactoryBean - Initialized JPA EntityManagerFactory for persistence unit 'default'
2026-08-18 14:38:45 INFO  o.s.d.j.r.q.QueryEnhancerFactories - Hibernate is in classpath; If applicable, HQL parser will be used.
2026-08-18 14:38:52 WARN  o.s.b.j.a.JpaBaseConfiguration$JpaWebConfiguration - spring.jpa.open-in-view is enabled by default. Therefore, database queries may be performed during view rendering. Explicitly configure spring.jpa.open-in-view to disable this warning
2026-08-18 14:38:53 INFO  o.s.v.b.OptionalValidatorFactoryBean - Failed to set up a Bean Validation provider: jakarta.validation.NoProviderFoundException: Unable to create a Configuration, because no Jakarta Validation provider could be found. Add a provider like Hibernate Validator (RI) to your classpath.
2026-08-18 14:38:55 INFO  o.s.m.s.b.SimpleBrokerMessageHandler - Starting...
2026-08-18 14:38:55 INFO  o.s.m.s.b.SimpleBrokerMessageHandler - BrokerAvailabilityEvent[available=true, SimpleBrokerMessageHandler [org.springframework.messaging.simp.broker.DefaultSubscriptionRegistry@1be37c6d]]
2026-08-18 14:38:55 INFO  o.s.m.s.b.SimpleBrokerMessageHandler - Started.
2026-08-18 14:38:55 INFO  o.a.coyote.http11.Http11NioProtocol - Starting ProtocolHandler ["http-nio-0.0.0.0-8084"]
2026-08-18 14:38:55 INFO  o.s.boot.tomcat.TomcatWebServer - Tomcat started on port 8084 (http) with context path '/'
2026-08-18 14:38:55 INFO  c.e.c.T.CollaborationToolApplication - Started CollaborationToolApplication in 28.52 seconds (process running for 31.579)
2026-08-18 14:38:55 INFO  c.e.c.Tool.configuration.AdminSeeder - >>> Admin already exists, skipping: nthengeabraham952@gmail.com
2026-08-18 14:38:55 INFO  c.e.c.Tool.configuration.AdminSeeder - >>> Admin already exists, skipping: chepkemoisheilah794@gmail.com
2026-08-18 14:39:55 INFO  o.s.w.s.c.WebSocketMessageBrokerStats - WebSocketSession[0 current WS(0)-HttpStream(0)-HttpPoll(0), 0 total, 0 closed abnormally (0 connect failure, 0 send limit, 0 transport error)], stompSubProtocol[processed CONNECT(0)-CONNECTED(0)-DISCONNECT(0)], stompBrokerRelay[null], inboundChannel[pool size = 0, active threads = 0, queued tasks = 0, completed tasks = 0], outboundChannel[pool size = 0, active threads = 0, queued tasks = 0, completed tasks = 0], sockJsScheduler[pool size = 4, active threads = 1, queued tasks = 3, completed tasks = 3]
2026-08-18 14:40:40 INFO  o.a.c.c.C.[Tomcat].[localhost].[/] - Initializing Spring DispatcherServlet 'dispatcherServlet'
2026-08-18 14:40:40 INFO  o.s.web.servlet.DispatcherServlet - Initializing Servlet 'dispatcherServlet'
2026-08-18 14:40:40 INFO  o.s.web.servlet.DispatcherServlet - Completed initialization in 7 ms
2026-08-18 14:40:40 INFO  c.e.c.Tool.security.RateLimitFilter - Request from IP: 10.235.148.185 | URI: /user/notifications/unread-count | Tokens remaining: 50
2026-08-18 14:40:40 INFO  c.e.c.Tool.security.RateLimitFilter - Request from IP: 10.235.148.185 | URI: /boards/starred | Tokens remaining: 50
2026-08-18 14:40:40 INFO  c.e.c.Tool.security.RateLimitFilter - Request from IP: 10.235.148.185 | URI: /workspace/my-workspaces | Tokens remaining: 48
2026-08-18 14:40:40 INFO  c.e.c.Tool.security.RateLimitFilter - Request from IP: 10.235.148.185 | URI: /workspace/starred | Tokens remaining: 47
2026-08-18 14:40:40 INFO  c.e.c.Tool.security.RateLimitFilter - Request from IP: 10.235.148.185 | URI: /user/scratchpad | Tokens remaining: 46
2026-08-18 14:40:40 INFO  c.e.c.Tool.security.RateLimitFilter - Request from IP: 10.235.148.185 | URI: /user/recent-boards | Tokens remaining: 45
2026-08-18 14:40:51 INFO  c.e.c.Tool.security.RateLimitFilter - Request from IP: 10.235.148.185 | URI: /boards/workspace/2 | Tokens remaining: 50
2026-08-18 14:40:51 INFO  c.e.c.Tool.security.RateLimitFilter - Request from IP: 10.235.148.185 | URI: /boards/4/lists | Tokens remaining: 49
2026-08-18 14:40:56 INFO  c.e.c.Tool.security.RateLimitFilter - Request from IP: 10.235.148.185 | URI: /workspace/2/leave | Tokens remaining: 50
2026-08-18 14:41:02 INFO  c.e.c.Tool.security.RateLimitFilter - Request from IP: 10.235.148.185 | URI: /issues/active | Tokens remaining: 50
2026-08-18 14:41:05 INFO  c.e.c.Tool.security.RateLimitFilter - Request from IP: 10.235.148.185 | URI: /user/login | Tokens remaining: 50
2026-08-18 14:41:07 INFO  c.e.c.Tool.security.RateLimitFilter - Request from IP: 10.235.148.185 | URI: /workspace/my-workspaces | Tokens remaining: 49
2026-08-18 14:41:07 INFO  c.e.c.Tool.security.RateLimitFilter - Request from IP: 10.235.148.185 | URI: /user/recent-boards | Tokens remaining: 48
2026-08-18 14:41:07 INFO  c.e.c.Tool.security.RateLimitFilter - Request from IP: 10.235.148.185 | URI: /user/scratchpad | Tokens remaining: 48
2026-08-18 14:41:07 INFO  c.e.c.Tool.security.RateLimitFilter - Request from IP: 10.235.148.185 | URI: /boards/starred | Tokens remaining: 47
2026-08-18 14:41:07 INFO  c.e.c.Tool.security.RateLimitFilter - Request from IP: 10.235.148.185 | URI: /workspace/starred | Tokens remaining: 46
2026-08-18 14:41:07 INFO  c.e.c.Tool.security.RateLimitFilter - Request from IP: 10.235.148.185 | URI: /user/notifications/unread-count | Tokens remaining: 45
2026-08-18 14:41:09 INFO  c.e.c.Tool.security.RateLimitFilter - Request from IP: 10.235.148.185 | URI: /issues/active | Tokens remaining: 46
2026-08-18 14:41:17 INFO  c.e.c.Tool.security.RateLimitFilter - Request from IP: 10.235.148.185 | URI: /user/login | Tokens remaining: 50
2026-08-18 14:41:18 INFO  c.e.c.Tool.security.RateLimitFilter - Request from IP: 10.235.148.185 | URI: /user/scratchpad | Tokens remaining: 49
2026-08-18 14:41:18 INFO  c.e.c.Tool.security.RateLimitFilter - Request from IP: 10.235.148.185 | URI: /workspace/my-workspaces | Tokens remaining: 49
2026-08-18 14:41:18 INFO  c.e.c.Tool.security.RateLimitFilter - Request from IP: 10.235.148.185 | URI: /user/recent-boards | Tokens remaining: 47
2026-08-18 14:41:18 INFO  c.e.c.Tool.security.RateLimitFilter - Request from IP: 10.235.148.185 | URI: /boards/starred | Tokens remaining: 46
2026-08-18 14:41:18 INFO  c.e.c.Tool.security.RateLimitFilter - Request from IP: 10.235.148.185 | URI: /user/notifications/unread-count | Tokens remaining: 45
2026-08-18 14:41:18 INFO  c.e.c.Tool.security.RateLimitFilter - Request from IP: 10.235.148.185 | URI: /workspace/starred | Tokens remaining: 44
2026-08-18 14:41:18 INFO  c.e.c.Tool.security.RateLimitFilter - Request from IP: 10.235.148.185 | URI: /boards/workspace/2 | Tokens remaining: 44
2026-08-18 14:41:19 INFO  c.e.c.Tool.security.RateLimitFilter - Request from IP: 10.235.148.185 | URI: /boards/4/lists | Tokens remaining: 43
2026-08-18 14:41:35 INFO  c.e.c.Tool.security.RateLimitFilter - Request from IP: 10.235.148.185 | URI: /workspace/2/invite | Tokens remaining: 50
2026-08-18 14:41:35 INFO  c.e.c.T.s.Impl.EmailServiceImpl - Attempting to send email to: abrahamnetsec@gmail.com
2026-08-18 14:41:38 INFO  c.e.c.T.s.Impl.EmailServiceImpl - Email sent successfully to: abrahamnetsec@gmail.com
2026-08-18 14:41:47 INFO  c.e.c.Tool.security.RateLimitFilter - Request from IP: 10.235.148.185 | URI: /issues/active | Tokens remaining: 50
2026-08-18 14:41:53 INFO  c.e.c.Tool.security.RateLimitFilter - Request from IP: 10.235.148.185 | URI: /user/login | Tokens remaining: 50
2026-08-18 14:41:54 INFO  c.e.c.Tool.security.RateLimitFilter - Request from IP: 10.235.148.185 | URI: /workspace/my-workspaces | Tokens remaining: 49
2026-08-18 14:41:54 INFO  c.e.c.Tool.security.RateLimitFilter - Request from IP: 10.235.148.185 | URI: /user/recent-boards | Tokens remaining: 48
2026-08-18 14:41:54 INFO  c.e.c.Tool.security.RateLimitFilter - Request from IP: 10.235.148.185 | URI: /user/scratchpad | Tokens remaining: 47
2026-08-18 14:41:54 INFO  c.e.c.Tool.security.RateLimitFilter - Request from IP: 10.235.148.185 | URI: /boards/starred | Tokens remaining: 46
2026-08-18 14:41:54 INFO  c.e.c.Tool.security.RateLimitFilter - Request from IP: 10.235.148.185 | URI: /workspace/starred | Tokens remaining: 45
2026-08-18 14:41:54 INFO  c.e.c.Tool.security.RateLimitFilter - Request from IP: 10.235.148.185 | URI: /user/notifications/unread-count | Tokens remaining: 44
2026-08-18 14:41:58 INFO  c.e.c.Tool.security.RateLimitFilter - Request from IP: 10.235.148.185 | URI: /user/notifications | Tokens remaining: 46
2026-08-18 14:41:58 WARN  o.s.d.w.c.SpringDataJackson3Configuration$PageModule$WarningLoggingModifier - Serializing PageImpl instances as-is is not supported, meaning that there is no guarantee about the stability of the resulting JSON structure!
	For a stable JSON structure, please use Spring Data's PagedModel (globally via @EnableSpringDataWebSupport(pageSerializationMode = VIA_DTO))
	or Spring HATEOAS and Spring Data's PagedResourcesAssembler as documented in https://docs.spring.io/spring-data/commons/reference/repositories/core-extensions.html#core.web.pageables.

2026-08-18 14:42:05 INFO  c.e.c.Tool.security.RateLimitFilter - Request from IP: 10.235.148.185 | URI: /workspace/my-invitations | Tokens remaining: 50
2026-08-18 14:42:07 INFO  c.e.c.Tool.security.RateLimitFilter - Request from IP: 10.235.148.185 | URI: /workspace/accept-invite | Tokens remaining: 50
2026-08-18 14:42:07 INFO  c.e.c.Tool.security.RateLimitFilter - Request from IP: 10.235.148.185 | URI: /workspace/my-workspaces | Tokens remaining: 49
2026-08-18 14:42:08 INFO  c.e.c.Tool.security.RateLimitFilter - Request from IP: 10.235.148.185 | URI: /boards/workspace/2 | Tokens remaining: 48
2026-08-18 14:42:08 INFO  c.e.c.Tool.security.RateLimitFilter - Request from IP: 10.235.148.185 | URI: /boards/4/lists | Tokens remaining: 48
2026-08-18 14:42:34 INFO  c.e.c.Tool.security.RateLimitFilter - Request from IP: 10.235.148.185 | URI: /boards/workspace/2 | Tokens remaining: 50
2026-08-18 14:42:34 INFO  c.e.c.Tool.security.RateLimitFilter - Request from IP: 10.235.148.185 | URI: /workspace/2 | Tokens remaining: 49
2026-08-18 14:42:34 INFO  c.e.c.Tool.security.RateLimitFilter - Request from IP: 10.235.148.185 | URI: /boards/4/lists | Tokens remaining: 48
2026-08-18 14:42:34 INFO  c.e.c.Tool.security.RateLimitFilter - Request from IP: 10.235.148.185 | URI: /board/4/members | Tokens remaining: 47
2026-08-18 14:42:39 INFO  c.e.c.Tool.security.RateLimitFilter - Request from IP: 10.235.148.185 | URI: /board/4/members | Tokens remaining: 49
2026-08-18 14:42:39 INFO  c.e.c.T.s.Impl.EmailServiceImpl - Attempting to send email to: abrahamnetsec@gmail.com
2026-08-18 14:42:39 INFO  c.e.c.T.s.Impl.EmailServiceImpl - Email sent successfully to: abrahamnetsec@gmail.com
2026-08-18 14:42:39 INFO  c.e.c.Tool.security.RateLimitFilter - Request from IP: 10.235.148.185 | URI: /board/4/members | Tokens remaining: 49
2026-08-18 14:42:43 INFO  c.e.c.Tool.security.RateLimitFilter - Request from IP: 10.235.148.185 | URI: /boards/6/lists | Tokens remaining: 50
2026-08-18 14:42:43 INFO  c.e.c.Tool.security.RateLimitFilter - Request from IP: 10.235.148.185 | URI: /board/6/members | Tokens remaining: 49
2026-08-18 14:42:49 INFO  c.e.c.Tool.security.RateLimitFilter - Request from IP: 10.235.148.185 | URI: /board/6/members | Tokens remaining: 50
2026-08-18 14:42:49 INFO  c.e.c.T.s.Impl.EmailServiceImpl - Attempting to send email to: abrahamnetsec@gmail.com
2026-08-18 14:42:49 INFO  c.e.c.T.s.Impl.EmailServiceImpl - Email sent successfully to: abrahamnetsec@gmail.com
2026-08-18 14:42:49 INFO  c.e.c.Tool.security.RateLimitFilter - Request from IP: 10.235.148.185 | URI: /board/6/members | Tokens remaining: 49
2026-08-18 14:43:09 INFO  c.e.c.Tool.security.RateLimitFilter - Request from IP: 10.235.148.185 | URI: /boards/6 | Tokens remaining: 50
2026-08-18 14:56:34 INFO  o.s.boot.tomcat.GracefulShutdown - Commencing graceful shutdown. Waiting for active requests to complete
2026-08-18 14:56:34 INFO  o.s.boot.tomcat.GracefulShutdown - Graceful shutdown complete
2026-08-18 14:56:34 INFO  o.s.m.s.b.SimpleBrokerMessageHandler - Stopping...
2026-08-18 14:56:34 INFO  o.s.m.s.b.SimpleBrokerMessageHandler - BrokerAvailabilityEvent[available=false, SimpleBrokerMessageHandler [org.springframework.messaging.simp.broker.DefaultSubscriptionRegistry@1be37c6d]]
2026-08-18 14:56:34 INFO  o.s.m.s.b.SimpleBrokerMessageHandler - Stopped.
2026-08-18 14:56:37 INFO  o.s.o.j.LocalContainerEntityManagerFactoryBean - Closing JPA EntityManagerFactory for persistence unit 'default'
2026-08-18 14:56:37 INFO  com.zaxxer.hikari.HikariDataSource - HikariPool-1 - Shutdown initiated...
2026-08-18 14:56:37 INFO  com.zaxxer.hikari.HikariDataSource - HikariPool-1 - Shutdown completed.
2026-08-18 14:56:58 INFO  c.e.c.T.CollaborationToolApplication - Starting CollaborationToolApplication using Java 21.0.8 with PID 15520 (C:\Abraham\Code\Eclectics\Collaboration-Tool\target\classes started by pc in C:\Abraham\Code\Eclectics\Collaboration-Tool)
2026-08-18 14:56:58 INFO  c.e.c.T.CollaborationToolApplication - The following 1 profile is active: "prod"
2026-08-18 14:57:03 INFO  o.s.d.r.c.RepositoryConfigurationDelegate - Multiple Spring Data modules found, entering strict repository configuration mode
2026-08-18 14:57:03 INFO  o.s.d.r.c.RepositoryConfigurationDelegate - Bootstrapping Spring Data JPA repositories in DEFAULT mode.
2026-08-18 14:57:04 INFO  o.s.d.r.c.RepositoryConfigurationDelegate - Finished Spring Data repository scanning in 1216 ms. Found 25 JPA repository interfaces.
2026-08-18 14:57:04 INFO  o.s.d.r.c.RepositoryConfigurationDelegate - Multiple Spring Data modules found, entering strict repository configuration mode
2026-08-18 14:57:04 INFO  o.s.d.r.c.RepositoryConfigurationDelegate - Bootstrapping Spring Data Redis repositories in DEFAULT mode.
2026-08-18 14:57:04 INFO  o.s.d.r.c.RepositoryConfigurationExtensionSupport - Spring Data Redis - Could not safely identify store assignment for repository candidate interface com.eclectics.collaboration.Tool.repository.ActivityLogRepository; If you want this repository to be a Redis repository, consider annotating your entities with one of these annotations: org.springframework.data.redis.core.RedisHash (preferred), or consider extending one of the following types with your repository: org.springframework.data.keyvalue.repository.KeyValueRepository
2026-08-18 14:57:04 INFO  o.s.d.r.c.RepositoryConfigurationExtensionSupport - Spring Data Redis - Could not safely identify store assignment for repository candidate interface com.eclectics.collaboration.Tool.repository.BoardMemberRepository; If you want this repository to be a Redis repository, consider annotating your entities with one of these annotations: org.springframework.data.redis.core.RedisHash (preferred), or consider extending one of the following types with your repository: org.springframework.data.keyvalue.repository.KeyValueRepository
2026-08-18 14:57:04 INFO  o.s.d.r.c.RepositoryConfigurationExtensionSupport - Spring Data Redis - Could not safely identify store assignment for repository candidate interface com.eclectics.collaboration.Tool.repository.BoardsRepository; If you want this repository to be a Redis repository, consider annotating your entities with one of these annotations: org.springframework.data.redis.core.RedisHash (preferred), or consider extending one of the following types with your repository: org.springframework.data.keyvalue.repository.KeyValueRepository
2026-08-18 14:57:04 INFO  o.s.d.r.c.RepositoryConfigurationExtensionSupport - Spring Data Redis - Could not safely identify store assignment for repository candidate interface com.eclectics.collaboration.Tool.repository.CardAssigneeRepository; If you want this repository to be a Redis repository, consider annotating your entities with one of these annotations: org.springframework.data.redis.core.RedisHash (preferred), or consider extending one of the following types with your repository: org.springframework.data.keyvalue.repository.KeyValueRepository
2026-08-18 14:57:04 INFO  o.s.d.r.c.RepositoryConfigurationExtensionSupport - Spring Data Redis - Could not safely identify store assignment for repository candidate interface com.eclectics.collaboration.Tool.repository.CardLabelRepository; If you want this repository to be a Redis repository, consider annotating your entities with one of these annotations: org.springframework.data.redis.core.RedisHash (preferred), or consider extending one of the following types with your repository: org.springframework.data.keyvalue.repository.KeyValueRepository
2026-08-18 14:57:04 INFO  o.s.d.r.c.RepositoryConfigurationExtensionSupport - Spring Data Redis - Could not safely identify store assignment for repository candidate interface com.eclectics.collaboration.Tool.repository.CardRepository; If you want this repository to be a Redis repository, consider annotating your entities with one of these annotations: org.springframework.data.redis.core.RedisHash (preferred), or consider extending one of the following types with your repository: org.springframework.data.keyvalue.repository.KeyValueRepository
2026-08-18 14:57:04 INFO  o.s.d.r.c.RepositoryConfigurationExtensionSupport - Spring Data Redis - Could not safely identify store assignment for repository candidate interface com.eclectics.collaboration.Tool.repository.CommentMentionRepository; If you want this repository to be a Redis repository, consider annotating your entities with one of these annotations: org.springframework.data.redis.core.RedisHash (preferred), or consider extending one of the following types with your repository: org.springframework.data.keyvalue.repository.KeyValueRepository
2026-08-18 14:57:04 INFO  o.s.d.r.c.RepositoryConfigurationExtensionSupport - Spring Data Redis - Could not safely identify store assignment for repository candidate interface com.eclectics.collaboration.Tool.repository.CommentRepository; If you want this repository to be a Redis repository, consider annotating your entities with one of these annotations: org.springframework.data.redis.core.RedisHash (preferred), or consider extending one of the following types with your repository: org.springframework.data.keyvalue.repository.KeyValueRepository
2026-08-18 14:57:04 INFO  o.s.d.r.c.RepositoryConfigurationExtensionSupport - Spring Data Redis - Could not safely identify store assignment for repository candidate interface com.eclectics.collaboration.Tool.repository.DueDateReminderRepository; If you want this repository to be a Redis repository, consider annotating your entities with one of these annotations: org.springframework.data.redis.core.RedisHash (preferred), or consider extending one of the following types with your repository: org.springframework.data.keyvalue.repository.KeyValueRepository
2026-08-18 14:57:04 INFO  o.s.d.r.c.RepositoryConfigurationExtensionSupport - Spring Data Redis - Could not safely identify store assignment for repository candidate interface com.eclectics.collaboration.Tool.repository.FAQRepository; If you want this repository to be a Redis repository, consider annotating your entities with one of these annotations: org.springframework.data.redis.core.RedisHash (preferred), or consider extending one of the following types with your repository: org.springframework.data.keyvalue.repository.KeyValueRepository
2026-08-18 14:57:04 INFO  o.s.d.r.c.RepositoryConfigurationExtensionSupport - Spring Data Redis - Could not safely identify store assignment for repository candidate interface com.eclectics.collaboration.Tool.repository.InvitationRepository; If you want this repository to be a Redis repository, consider annotating your entities with one of these annotations: org.springframework.data.redis.core.RedisHash (preferred), or consider extending one of the following types with your repository: org.springframework.data.keyvalue.repository.KeyValueRepository
2026-08-18 14:57:04 INFO  o.s.d.r.c.RepositoryConfigurationExtensionSupport - Spring Data Redis - Could not safely identify store assignment for repository candidate interface com.eclectics.collaboration.Tool.repository.IssueRepository; If you want this repository to be a Redis repository, consider annotating your entities with one of these annotations: org.springframework.data.redis.core.RedisHash (preferred), or consider extending one of the following types with your repository: org.springframework.data.keyvalue.repository.KeyValueRepository
2026-08-18 14:57:04 INFO  o.s.d.r.c.RepositoryConfigurationExtensionSupport - Spring Data Redis - Could not safely identify store assignment for repository candidate interface com.eclectics.collaboration.Tool.repository.LabelRepository; If you want this repository to be a Redis repository, consider annotating your entities with one of these annotations: org.springframework.data.redis.core.RedisHash (preferred), or consider extending one of the following types with your repository: org.springframework.data.keyvalue.repository.KeyValueRepository
2026-08-18 14:57:04 INFO  o.s.d.r.c.RepositoryConfigurationExtensionSupport - Spring Data Redis - Could not safely identify store assignment for repository candidate interface com.eclectics.collaboration.Tool.repository.ListEntityRepository; If you want this repository to be a Redis repository, consider annotating your entities with one of these annotations: org.springframework.data.redis.core.RedisHash (preferred), or consider extending one of the following types with your repository: org.springframework.data.keyvalue.repository.KeyValueRepository
2026-08-18 14:57:04 INFO  o.s.d.r.c.RepositoryConfigurationExtensionSupport - Spring Data Redis - Could not safely identify store assignment for repository candidate interface com.eclectics.collaboration.Tool.repository.NotificationPreferenceRepository; If you want this repository to be a Redis repository, consider annotating your entities with one of these annotations: org.springframework.data.redis.core.RedisHash (preferred), or consider extending one of the following types with your repository: org.springframework.data.keyvalue.repository.KeyValueRepository
2026-08-18 14:57:04 INFO  o.s.d.r.c.RepositoryConfigurationExtensionSupport - Spring Data Redis - Could not safely identify store assignment for repository candidate interface com.eclectics.collaboration.Tool.repository.NotificationRepository; If you want this repository to be a Redis repository, consider annotating your entities with one of these annotations: org.springframework.data.redis.core.RedisHash (preferred), or consider extending one of the following types with your repository: org.springframework.data.keyvalue.repository.KeyValueRepository
2026-08-18 14:57:04 INFO  o.s.d.r.c.RepositoryConfigurationExtensionSupport - Spring Data Redis - Could not safely identify store assignment for repository candidate interface com.eclectics.collaboration.Tool.repository.RefreshTokenRepository; If you want this repository to be a Redis repository, consider annotating your entities with one of these annotations: org.springframework.data.redis.core.RedisHash (preferred), or consider extending one of the following types with your repository: org.springframework.data.keyvalue.repository.KeyValueRepository
2026-08-18 14:57:05 INFO  o.s.d.r.c.RepositoryConfigurationExtensionSupport - Spring Data Redis - Could not safely identify store assignment for repository candidate interface com.eclectics.collaboration.Tool.repository.StarredBoardRepository; If you want this repository to be a Redis repository, consider annotating your entities with one of these annotations: org.springframework.data.redis.core.RedisHash (preferred), or consider extending one of the following types with your repository: org.springframework.data.keyvalue.repository.KeyValueRepository
2026-08-18 14:57:05 INFO  o.s.d.r.c.RepositoryConfigurationExtensionSupport - Spring Data Redis - Could not safely identify store assignment for repository candidate interface com.eclectics.collaboration.Tool.repository.StarredWorkspaceRepository; If you want this repository to be a Redis repository, consider annotating your entities with one of these annotations: org.springframework.data.redis.core.RedisHash (preferred), or consider extending one of the following types with your repository: org.springframework.data.keyvalue.repository.KeyValueRepository
2026-08-18 14:57:05 INFO  o.s.d.r.c.RepositoryConfigurationExtensionSupport - Spring Data Redis - Could not safely identify store assignment for repository candidate interface com.eclectics.collaboration.Tool.repository.SystemConfigRepository; If you want this repository to be a Redis repository, consider annotating your entities with one of these annotations: org.springframework.data.redis.core.RedisHash (preferred), or consider extending one of the following types with your repository: org.springframework.data.keyvalue.repository.KeyValueRepository
2026-08-18 14:57:05 INFO  o.s.d.r.c.RepositoryConfigurationExtensionSupport - Spring Data Redis - Could not safely identify store assignment for repository candidate interface com.eclectics.collaboration.Tool.repository.TalkRepository; If you want this repository to be a Redis repository, consider annotating your entities with one of these annotations: org.springframework.data.redis.core.RedisHash (preferred), or consider extending one of the following types with your repository: org.springframework.data.keyvalue.repository.KeyValueRepository
2026-08-18 14:57:05 INFO  o.s.d.r.c.RepositoryConfigurationExtensionSupport - Spring Data Redis - Could not safely identify store assignment for repository candidate interface com.eclectics.collaboration.Tool.repository.UserRecentBoardRepository; If you want this repository to be a Redis repository, consider annotating your entities with one of these annotations: org.springframework.data.redis.core.RedisHash (preferred), or consider extending one of the following types with your repository: org.springframework.data.keyvalue.repository.KeyValueRepository
2026-08-18 14:57:05 INFO  o.s.d.r.c.RepositoryConfigurationExtensionSupport - Spring Data Redis - Could not safely identify store assignment for repository candidate interface com.eclectics.collaboration.Tool.repository.UserRespository; If you want this repository to be a Redis repository, consider annotating your entities with one of these annotations: org.springframework.data.redis.core.RedisHash (preferred), or consider extending one of the following types with your repository: org.springframework.data.keyvalue.repository.KeyValueRepository
2026-08-18 14:57:05 INFO  o.s.d.r.c.RepositoryConfigurationExtensionSupport - Spring Data Redis - Could not safely identify store assignment for repository candidate interface com.eclectics.collaboration.Tool.repository.WorkSpaceMemberRepository; If you want this repository to be a Redis repository, consider annotating your entities with one of these annotations: org.springframework.data.redis.core.RedisHash (preferred), or consider extending one of the following types with your repository: org.springframework.data.keyvalue.repository.KeyValueRepository
2026-08-18 14:57:05 INFO  o.s.d.r.c.RepositoryConfigurationExtensionSupport - Spring Data Redis - Could not safely identify store assignment for repository candidate interface com.eclectics.collaboration.Tool.repository.WorkSpaceReposiroty; If you want this repository to be a Redis repository, consider annotating your entities with one of these annotations: org.springframework.data.redis.core.RedisHash (preferred), or consider extending one of the following types with your repository: org.springframework.data.keyvalue.repository.KeyValueRepository
2026-08-18 14:57:05 INFO  o.s.d.r.c.RepositoryConfigurationDelegate - Finished Spring Data repository scanning in 302 ms. Found 0 Redis repository interfaces.
2026-08-18 14:57:09 INFO  o.s.boot.tomcat.TomcatWebServer - Tomcat initialized with port 8084 (http)
2026-08-18 14:57:10 INFO  o.a.coyote.http11.Http11NioProtocol - Initializing ProtocolHandler ["http-nio-0.0.0.0-8084"]
2026-08-18 14:57:10 INFO  o.a.catalina.core.StandardService - Starting service [Tomcat]
2026-08-18 14:57:10 INFO  o.a.catalina.core.StandardEngine - Starting Servlet engine: [Apache Tomcat/11.0.15]
2026-08-18 14:57:11 INFO  o.s.b.w.c.s.WebApplicationContextInitializer - Root WebApplicationContext: initialization completed in 12322 ms
2026-08-18 14:57:11 INFO  com.zaxxer.hikari.HikariDataSource - HikariPool-1 - Starting...
2026-08-18 14:57:12 INFO  com.zaxxer.hikari.pool.HikariPool - HikariPool-1 - Added connection org.postgresql.jdbc.PgConnection@26679788
2026-08-18 14:57:12 INFO  com.zaxxer.hikari.HikariDataSource - HikariPool-1 - Start completed.
2026-08-18 14:57:13 INFO  org.hibernate.orm.jpa - HHH008540: Processing PersistenceUnitInfo [name: default]
2026-08-18 14:57:14 INFO  org.hibernate.orm.core - HHH000001: Hibernate ORM core version 7.2.1.Final
2026-08-18 14:57:17 INFO  o.s.o.j.p.SpringPersistenceUnitInfo - No LoadTimeWeaver setup: ignoring JPA class transformer
2026-08-18 14:57:18 INFO  o.hibernate.orm.connections.pooling - HHH10001005: Database info:
	Database JDBC URL [jdbc:postgresql://localhost:5432/collaborationTool]
	Database driver: PostgreSQL JDBC Driver
	Database dialect: PostgreSQLDialect
	Database version: 17.6
	Default catalog/schema: collaborationTool/public
	Autocommit mode: undefined/unknown
	Isolation level: READ_COMMITTED [default READ_COMMITTED]
	JDBC fetch size: none
	Pool: DataSourceConnectionProvider
	Minimum pool size: undefined/unknown
	Maximum pool size: undefined/unknown
2026-08-18 14:57:22 INFO  org.hibernate.orm.core - HHH000489: No JTA platform available (set 'hibernate.transaction.jta.platform' to enable JTA platform integration)
2026-08-18 14:57:23 INFO  o.s.o.j.LocalContainerEntityManagerFactoryBean - Initialized JPA EntityManagerFactory for persistence unit 'default'
2026-08-18 14:57:23 INFO  o.s.d.j.r.q.QueryEnhancerFactories - Hibernate is in classpath; If applicable, HQL parser will be used.
2026-08-18 14:57:34 WARN  o.s.b.j.a.JpaBaseConfiguration$JpaWebConfiguration - spring.jpa.open-in-view is enabled by default. Therefore, database queries may be performed during view rendering. Explicitly configure spring.jpa.open-in-view to disable this warning
2026-08-18 14:57:35 INFO  o.s.v.b.OptionalValidatorFactoryBean - Failed to set up a Bean Validation provider: jakarta.validation.NoProviderFoundException: Unable to create a Configuration, because no Jakarta Validation provider could be found. Add a provider like Hibernate Validator (RI) to your classpath.
2026-08-18 14:57:35 WARN  o.s.b.w.s.s.c.AnnotationConfigServletWebServerApplicationContext - Exception encountered during context initialization - cancelling refresh attempt: org.springframework.beans.factory.BeanCreationException: Error creating bean with name 'requestMappingHandlerMapping' defined in class path resource [org/springframework/boot/webmvc/autoconfigure/WebMvcAutoConfiguration$EnableWebMvcConfiguration.class]: Invalid mapping on handler class [com.eclectics.collaboration.Tool.controller.BoardMemberController]: public org.springframework.http.ResponseEntity com.eclectics.collaboration.Tool.controller.BoardMemberController.leaveBoard(java.lang.Long,com.eclectics.collaboration.Tool.security.CustomUserDetails)
2026-08-18 14:57:36 INFO  o.s.o.j.LocalContainerEntityManagerFactoryBean - Closing JPA EntityManagerFactory for persistence unit 'default'
2026-08-18 14:57:36 INFO  com.zaxxer.hikari.HikariDataSource - HikariPool-1 - Shutdown initiated...
2026-08-18 14:57:36 INFO  com.zaxxer.hikari.HikariDataSource - HikariPool-1 - Shutdown completed.
2026-08-18 14:57:36 INFO  o.a.catalina.core.StandardService - Stopping service [Tomcat]
2026-08-18 14:57:36 INFO  o.s.b.a.l.ConditionEvaluationReportLogger - 

Error starting ApplicationContext. To display the condition evaluation report re-run your application with 'debug' enabled.
2026-08-18 14:57:36 ERROR o.s.b.d.LoggingFailureAnalysisReporter - 

***************************
APPLICATION FAILED TO START
***************************

Description:

Invalid mapping pattern detected:
/board/{boardId}/members/{boardId}/leave
                         ^
Not allowed to capture 'boardId' twice in the same pattern

Action:

Fix this pattern in your application or switch to the legacy parser implementation with 'spring.mvc.pathmatch.matching-strategy=ant_path_matcher'.

2026-08-18 15:02:25 INFO  c.e.c.T.CollaborationToolApplication - Starting CollaborationToolApplication using Java 21.0.8 with PID 13692 (C:\Abraham\Code\Eclectics\Collaboration-Tool\target\classes started by pc in C:\Abraham\Code\Eclectics\Collaboration-Tool)
2026-08-18 15:02:25 INFO  c.e.c.T.CollaborationToolApplication - The following 1 profile is active: "prod"
2026-08-18 15:02:31 INFO  o.s.d.r.c.RepositoryConfigurationDelegate - Multiple Spring Data modules found, entering strict repository configuration mode
2026-08-18 15:02:31 INFO  o.s.d.r.c.RepositoryConfigurationDelegate - Bootstrapping Spring Data JPA repositories in DEFAULT mode.
2026-08-18 15:02:32 INFO  o.s.d.r.c.RepositoryConfigurationDelegate - Finished Spring Data repository scanning in 991 ms. Found 25 JPA repository interfaces.
2026-08-18 15:02:32 INFO  o.s.d.r.c.RepositoryConfigurationDelegate - Multiple Spring Data modules found, entering strict repository configuration mode
2026-08-18 15:02:32 INFO  o.s.d.r.c.RepositoryConfigurationDelegate - Bootstrapping Spring Data Redis repositories in DEFAULT mode.
2026-08-18 15:02:32 INFO  o.s.d.r.c.RepositoryConfigurationExtensionSupport - Spring Data Redis - Could not safely identify store assignment for repository candidate interface com.eclectics.collaboration.Tool.repository.ActivityLogRepository; If you want this repository to be a Redis repository, consider annotating your entities with one of these annotations: org.springframework.data.redis.core.RedisHash (preferred), or consider extending one of the following types with your repository: org.springframework.data.keyvalue.repository.KeyValueRepository
2026-08-18 15:02:32 INFO  o.s.d.r.c.RepositoryConfigurationExtensionSupport - Spring Data Redis - Could not safely identify store assignment for repository candidate interface com.eclectics.collaboration.Tool.repository.BoardMemberRepository; If you want this repository to be a Redis repository, consider annotating your entities with one of these annotations: org.springframework.data.redis.core.RedisHash (preferred), or consider extending one of the following types with your repository: org.springframework.data.keyvalue.repository.KeyValueRepository
2026-08-18 15:02:32 INFO  o.s.d.r.c.RepositoryConfigurationExtensionSupport - Spring Data Redis - Could not safely identify store assignment for repository candidate interface com.eclectics.collaboration.Tool.repository.BoardsRepository; If you want this repository to be a Redis repository, consider annotating your entities with one of these annotations: org.springframework.data.redis.core.RedisHash (preferred), or consider extending one of the following types with your repository: org.springframework.data.keyvalue.repository.KeyValueRepository
2026-08-18 15:02:32 INFO  o.s.d.r.c.RepositoryConfigurationExtensionSupport - Spring Data Redis - Could not safely identify store assignment for repository candidate interface com.eclectics.collaboration.Tool.repository.CardAssigneeRepository; If you want this repository to be a Redis repository, consider annotating your entities with one of these annotations: org.springframework.data.redis.core.RedisHash (preferred), or consider extending one of the following types with your repository: org.springframework.data.keyvalue.repository.KeyValueRepository
2026-08-18 15:02:32 INFO  o.s.d.r.c.RepositoryConfigurationExtensionSupport - Spring Data Redis - Could not safely identify store assignment for repository candidate interface com.eclectics.collaboration.Tool.repository.CardLabelRepository; If you want this repository to be a Redis repository, consider annotating your entities with one of these annotations: org.springframework.data.redis.core.RedisHash (preferred), or consider extending one of the following types with your repository: org.springframework.data.keyvalue.repository.KeyValueRepository
2026-08-18 15:02:32 INFO  o.s.d.r.c.RepositoryConfigurationExtensionSupport - Spring Data Redis - Could not safely identify store assignment for repository candidate interface com.eclectics.collaboration.Tool.repository.CardRepository; If you want this repository to be a Redis repository, consider annotating your entities with one of these annotations: org.springframework.data.redis.core.RedisHash (preferred), or consider extending one of the following types with your repository: org.springframework.data.keyvalue.repository.KeyValueRepository
2026-08-18 15:02:32 INFO  o.s.d.r.c.RepositoryConfigurationExtensionSupport - Spring Data Redis - Could not safely identify store assignment for repository candidate interface com.eclectics.collaboration.Tool.repository.CommentMentionRepository; If you want this repository to be a Redis repository, consider annotating your entities with one of these annotations: org.springframework.data.redis.core.RedisHash (preferred), or consider extending one of the following types with your repository: org.springframework.data.keyvalue.repository.KeyValueRepository
2026-08-18 15:02:32 INFO  o.s.d.r.c.RepositoryConfigurationExtensionSupport - Spring Data Redis - Could not safely identify store assignment for repository candidate interface com.eclectics.collaboration.Tool.repository.CommentRepository; If you want this repository to be a Redis repository, consider annotating your entities with one of these annotations: org.springframework.data.redis.core.RedisHash (preferred), or consider extending one of the following types with your repository: org.springframework.data.keyvalue.repository.KeyValueRepository
2026-08-18 15:02:32 INFO  o.s.d.r.c.RepositoryConfigurationExtensionSupport - Spring Data Redis - Could not safely identify store assignment for repository candidate interface com.eclectics.collaboration.Tool.repository.DueDateReminderRepository; If you want this repository to be a Redis repository, consider annotating your entities with one of these annotations: org.springframework.data.redis.core.RedisHash (preferred), or consider extending one of the following types with your repository: org.springframework.data.keyvalue.repository.KeyValueRepository
2026-08-18 15:02:32 INFO  o.s.d.r.c.RepositoryConfigurationExtensionSupport - Spring Data Redis - Could not safely identify store assignment for repository candidate interface com.eclectics.collaboration.Tool.repository.FAQRepository; If you want this repository to be a Redis repository, consider annotating your entities with one of these annotations: org.springframework.data.redis.core.RedisHash (preferred), or consider extending one of the following types with your repository: org.springframework.data.keyvalue.repository.KeyValueRepository
2026-08-18 15:02:32 INFO  o.s.d.r.c.RepositoryConfigurationExtensionSupport - Spring Data Redis - Could not safely identify store assignment for repository candidate interface com.eclectics.collaboration.Tool.repository.InvitationRepository; If you want this repository to be a Redis repository, consider annotating your entities with one of these annotations: org.springframework.data.redis.core.RedisHash (preferred), or consider extending one of the following types with your repository: org.springframework.data.keyvalue.repository.KeyValueRepository
2026-08-18 15:02:32 INFO  o.s.d.r.c.RepositoryConfigurationExtensionSupport - Spring Data Redis - Could not safely identify store assignment for repository candidate interface com.eclectics.collaboration.Tool.repository.IssueRepository; If you want this repository to be a Redis repository, consider annotating your entities with one of these annotations: org.springframework.data.redis.core.RedisHash (preferred), or consider extending one of the following types with your repository: org.springframework.data.keyvalue.repository.KeyValueRepository
2026-08-18 15:02:32 INFO  o.s.d.r.c.RepositoryConfigurationExtensionSupport - Spring Data Redis - Could not safely identify store assignment for repository candidate interface com.eclectics.collaboration.Tool.repository.LabelRepository; If you want this repository to be a Redis repository, consider annotating your entities with one of these annotations: org.springframework.data.redis.core.RedisHash (preferred), or consider extending one of the following types with your repository: org.springframework.data.keyvalue.repository.KeyValueRepository
2026-08-18 15:02:32 INFO  o.s.d.r.c.RepositoryConfigurationExtensionSupport - Spring Data Redis - Could not safely identify store assignment for repository candidate interface com.eclectics.collaboration.Tool.repository.ListEntityRepository; If you want this repository to be a Redis repository, consider annotating your entities with one of these annotations: org.springframework.data.redis.core.RedisHash (preferred), or consider extending one of the following types with your repository: org.springframework.data.keyvalue.repository.KeyValueRepository
2026-08-18 15:02:32 INFO  o.s.d.r.c.RepositoryConfigurationExtensionSupport - Spring Data Redis - Could not safely identify store assignment for repository candidate interface com.eclectics.collaboration.Tool.repository.NotificationPreferenceRepository; If you want this repository to be a Redis repository, consider annotating your entities with one of these annotations: org.springframework.data.redis.core.RedisHash (preferred), or consider extending one of the following types with your repository: org.springframework.data.keyvalue.repository.KeyValueRepository
2026-08-18 15:02:32 INFO  o.s.d.r.c.RepositoryConfigurationExtensionSupport - Spring Data Redis - Could not safely identify store assignment for repository candidate interface com.eclectics.collaboration.Tool.repository.NotificationRepository; If you want this repository to be a Redis repository, consider annotating your entities with one of these annotations: org.springframework.data.redis.core.RedisHash (preferred), or consider extending one of the following types with your repository: org.springframework.data.keyvalue.repository.KeyValueRepository
2026-08-18 15:02:32 INFO  o.s.d.r.c.RepositoryConfigurationExtensionSupport - Spring Data Redis - Could not safely identify store assignment for repository candidate interface com.eclectics.collaboration.Tool.repository.RefreshTokenRepository; If you want this repository to be a Redis repository, consider annotating your entities with one of these annotations: org.springframework.data.redis.core.RedisHash (preferred), or consider extending one of the following types with your repository: org.springframework.data.keyvalue.repository.KeyValueRepository
2026-08-18 15:02:32 INFO  o.s.d.r.c.RepositoryConfigurationExtensionSupport - Spring Data Redis - Could not safely identify store assignment for repository candidate interface com.eclectics.collaboration.Tool.repository.StarredBoardRepository; If you want this repository to be a Redis repository, consider annotating your entities with one of these annotations: org.springframework.data.redis.core.RedisHash (preferred), or consider extending one of the following types with your repository: org.springframework.data.keyvalue.repository.KeyValueRepository
2026-08-18 15:02:32 INFO  o.s.d.r.c.RepositoryConfigurationExtensionSupport - Spring Data Redis - Could not safely identify store assignment for repository candidate interface com.eclectics.collaboration.Tool.repository.StarredWorkspaceRepository; If you want this repository to be a Redis repository, consider annotating your entities with one of these annotations: org.springframework.data.redis.core.RedisHash (preferred), or consider extending one of the following types with your repository: org.springframework.data.keyvalue.repository.KeyValueRepository
2026-08-18 15:02:32 INFO  o.s.d.r.c.RepositoryConfigurationExtensionSupport - Spring Data Redis - Could not safely identify store assignment for repository candidate interface com.eclectics.collaboration.Tool.repository.SystemConfigRepository; If you want this repository to be a Redis repository, consider annotating your entities with one of these annotations: org.springframework.data.redis.core.RedisHash (preferred), or consider extending one of the following types with your repository: org.springframework.data.keyvalue.repository.KeyValueRepository
2026-08-18 15:02:32 INFO  o.s.d.r.c.RepositoryConfigurationExtensionSupport - Spring Data Redis - Could not safely identify store assignment for repository candidate interface com.eclectics.collaboration.Tool.repository.TalkRepository; If you want this repository to be a Redis repository, consider annotating your entities with one of these annotations: org.springframework.data.redis.core.RedisHash (preferred), or consider extending one of the following types with your repository: org.springframework.data.keyvalue.repository.KeyValueRepository
2026-08-18 15:02:32 INFO  o.s.d.r.c.RepositoryConfigurationExtensionSupport - Spring Data Redis - Could not safely identify store assignment for repository candidate interface com.eclectics.collaboration.Tool.repository.UserRecentBoardRepository; If you want this repository to be a Redis repository, consider annotating your entities with one of these annotations: org.springframework.data.redis.core.RedisHash (preferred), or consider extending one of the following types with your repository: org.springframework.data.keyvalue.repository.KeyValueRepository
2026-08-18 15:02:32 INFO  o.s.d.r.c.RepositoryConfigurationExtensionSupport - Spring Data Redis - Could not safely identify store assignment for repository candidate interface com.eclectics.collaboration.Tool.repository.UserRespository; If you want this repository to be a Redis repository, consider annotating your entities with one of these annotations: org.springframework.data.redis.core.RedisHash (preferred), or consider extending one of the following types with your repository: org.springframework.data.keyvalue.repository.KeyValueRepository
2026-08-18 15:02:32 INFO  o.s.d.r.c.RepositoryConfigurationExtensionSupport - Spring Data Redis - Could not safely identify store assignment for repository candidate interface com.eclectics.collaboration.Tool.repository.WorkSpaceMemberRepository; If you want this repository to be a Redis repository, consider annotating your entities with one of these annotations: org.springframework.data.redis.core.RedisHash (preferred), or consider extending one of the following types with your repository: org.springframework.data.keyvalue.repository.KeyValueRepository
2026-08-18 15:02:32 INFO  o.s.d.r.c.RepositoryConfigurationExtensionSupport - Spring Data Redis - Could not safely identify store assignment for repository candidate interface com.eclectics.collaboration.Tool.repository.WorkSpaceReposiroty; If you want this repository to be a Redis repository, consider annotating your entities with one of these annotations: org.springframework.data.redis.core.RedisHash (preferred), or consider extending one of the following types with your repository: org.springframework.data.keyvalue.repository.KeyValueRepository
2026-08-18 15:02:32 INFO  o.s.d.r.c.RepositoryConfigurationDelegate - Finished Spring Data repository scanning in 73 ms. Found 0 Redis repository interfaces.
2026-08-18 15:02:37 INFO  o.s.boot.tomcat.TomcatWebServer - Tomcat initialized with port 8084 (http)
2026-08-18 15:02:37 INFO  o.a.coyote.http11.Http11NioProtocol - Initializing ProtocolHandler ["http-nio-0.0.0.0-8084"]
2026-08-18 15:02:37 INFO  o.a.catalina.core.StandardService - Starting service [Tomcat]
2026-08-18 15:02:37 INFO  o.a.catalina.core.StandardEngine - Starting Servlet engine: [Apache Tomcat/11.0.15]
2026-08-18 15:02:37 INFO  o.s.b.w.c.s.WebApplicationContextInitializer - Root WebApplicationContext: initialization completed in 11993 ms
2026-08-18 15:02:37 INFO  com.zaxxer.hikari.HikariDataSource - HikariPool-1 - Starting...
2026-08-18 15:02:38 INFO  com.zaxxer.hikari.pool.HikariPool - HikariPool-1 - Added connection org.postgresql.jdbc.PgConnection@38968752
2026-08-18 15:02:38 INFO  com.zaxxer.hikari.HikariDataSource - HikariPool-1 - Start completed.
2026-08-18 15:02:39 INFO  org.hibernate.orm.jpa - HHH008540: Processing PersistenceUnitInfo [name: default]
2026-08-18 15:02:39 INFO  org.hibernate.orm.core - HHH000001: Hibernate ORM core version 7.2.1.Final
2026-08-18 15:02:41 INFO  o.s.o.j.p.SpringPersistenceUnitInfo - No LoadTimeWeaver setup: ignoring JPA class transformer
2026-08-18 15:02:42 INFO  o.hibernate.orm.connections.pooling - HHH10001005: Database info:
	Database JDBC URL [jdbc:postgresql://localhost:5432/collaborationTool]
	Database driver: PostgreSQL JDBC Driver
	Database dialect: PostgreSQLDialect
	Database version: 17.6
	Default catalog/schema: collaborationTool/public
	Autocommit mode: undefined/unknown
	Isolation level: READ_COMMITTED [default READ_COMMITTED]
	JDBC fetch size: none
	Pool: DataSourceConnectionProvider
	Minimum pool size: undefined/unknown
	Maximum pool size: undefined/unknown
2026-08-18 15:02:45 INFO  org.hibernate.orm.core - HHH000489: No JTA platform available (set 'hibernate.transaction.jta.platform' to enable JTA platform integration)
2026-08-18 15:02:46 INFO  o.s.o.j.LocalContainerEntityManagerFactoryBean - Initialized JPA EntityManagerFactory for persistence unit 'default'
2026-08-18 15:02:46 INFO  o.s.d.j.r.q.QueryEnhancerFactories - Hibernate is in classpath; If applicable, HQL parser will be used.
2026-08-18 15:02:54 WARN  o.s.b.j.a.JpaBaseConfiguration$JpaWebConfiguration - spring.jpa.open-in-view is enabled by default. Therefore, database queries may be performed during view rendering. Explicitly configure spring.jpa.open-in-view to disable this warning
2026-08-18 15:02:55 INFO  o.s.v.b.OptionalValidatorFactoryBean - Failed to set up a Bean Validation provider: jakarta.validation.NoProviderFoundException: Unable to create a Configuration, because no Jakarta Validation provider could be found. Add a provider like Hibernate Validator (RI) to your classpath.
2026-08-18 15:02:57 INFO  o.s.m.s.b.SimpleBrokerMessageHandler - Starting...
2026-08-18 15:02:57 INFO  o.s.m.s.b.SimpleBrokerMessageHandler - BrokerAvailabilityEvent[available=true, SimpleBrokerMessageHandler [org.springframework.messaging.simp.broker.DefaultSubscriptionRegistry@7cc89f6]]
2026-08-18 15:02:57 INFO  o.s.m.s.b.SimpleBrokerMessageHandler - Started.
2026-08-18 15:02:57 INFO  o.a.coyote.http11.Http11NioProtocol - Starting ProtocolHandler ["http-nio-0.0.0.0-8084"]
2026-08-18 15:02:57 INFO  o.s.boot.tomcat.TomcatWebServer - Tomcat started on port 8084 (http) with context path '/'
2026-08-18 15:02:57 INFO  c.e.c.T.CollaborationToolApplication - Started CollaborationToolApplication in 35.223 seconds (process running for 38.507)
2026-08-18 15:02:58 INFO  c.e.c.Tool.configuration.AdminSeeder - >>> Admin already exists, skipping: nthengeabraham952@gmail.com
2026-08-18 15:02:58 INFO  c.e.c.Tool.configuration.AdminSeeder - >>> Admin already exists, skipping: chepkemoisheilah794@gmail.com
2026-08-18 15:03:55 INFO  o.a.c.c.C.[Tomcat].[localhost].[/] - Initializing Spring DispatcherServlet 'dispatcherServlet'
2026-08-18 15:03:55 INFO  o.s.web.servlet.DispatcherServlet - Initializing Servlet 'dispatcherServlet'
2026-08-18 15:03:55 INFO  o.s.web.servlet.DispatcherServlet - Completed initialization in 16 ms
2026-08-18 15:03:55 INFO  c.e.c.Tool.security.RateLimitFilter - Request from IP: 10.235.148.185 | URI: /user/login | Tokens remaining: 50
2026-08-18 15:03:56 INFO  c.e.c.Tool.security.RateLimitFilter - Request from IP: 10.235.148.185 | URI: /user/recent-boards | Tokens remaining: 50
2026-08-18 15:03:56 INFO  c.e.c.Tool.security.RateLimitFilter - Request from IP: 10.235.148.185 | URI: /workspace/my-workspaces | Tokens remaining: 49
2026-08-18 15:03:56 INFO  c.e.c.Tool.security.RateLimitFilter - Request from IP: 10.235.148.185 | URI: /user/scratchpad | Tokens remaining: 48
2026-08-18 15:03:56 INFO  c.e.c.Tool.security.RateLimitFilter - Request from IP: 10.235.148.185 | URI: /boards/starred | Tokens remaining: 47
2026-08-18 15:03:56 INFO  c.e.c.Tool.security.RateLimitFilter - Request from IP: 10.235.148.185 | URI: /workspace/starred | Tokens remaining: 46
2026-08-18 15:03:56 INFO  c.e.c.Tool.security.RateLimitFilter - Request from IP: 10.235.148.185 | URI: /user/notifications/unread-count | Tokens remaining: 45
2026-08-18 15:03:57 INFO  o.s.w.s.c.WebSocketMessageBrokerStats - WebSocketSession[0 current WS(0)-HttpStream(0)-HttpPoll(0), 0 total, 0 closed abnormally (0 connect failure, 0 send limit, 0 transport error)], stompSubProtocol[processed CONNECT(0)-CONNECTED(0)-DISCONNECT(0)], stompBrokerRelay[null], inboundChannel[pool size = 0, active threads = 0, queued tasks = 0, completed tasks = 0], outboundChannel[pool size = 0, active threads = 0, queued tasks = 0, completed tasks = 0], sockJsScheduler[pool size = 4, active threads = 1, queued tasks = 3, completed tasks = 3]
2026-08-18 15:04:04 INFO  c.e.c.Tool.security.RateLimitFilter - Request from IP: 10.235.148.185 | URI: /boards/workspace/2 | Tokens remaining: 50
2026-08-18 15:04:05 INFO  c.e.c.Tool.security.RateLimitFilter - Request from IP: 10.235.148.185 | URI: /boards/4/lists | Tokens remaining: 49
2026-08-18 15:04:09 INFO  c.e.c.Tool.security.RateLimitFilter - Request from IP: 10.235.148.185 | URI: /user/notifications | Tokens remaining: 50
2026-08-18 15:04:09 WARN  o.s.d.w.c.SpringDataJackson3Configuration$PageModule$WarningLoggingModifier - Serializing PageImpl instances as-is is not supported, meaning that there is no guarantee about the stability of the resulting JSON structure!
	For a stable JSON structure, please use Spring Data's PagedModel (globally via @EnableSpringDataWebSupport(pageSerializationMode = VIA_DTO))
	or Spring HATEOAS and Spring Data's PagedResourcesAssembler as documented in https://docs.spring.io/spring-data/commons/reference/repositories/core-extensions.html#core.web.pageables.

2026-08-18 15:04:16 INFO  c.e.c.Tool.security.RateLimitFilter - Request from IP: 10.235.148.185 | URI: /user/notifications/24/read | Tokens remaining: 50
2026-08-18 15:04:46 INFO  c.e.c.Tool.security.RateLimitFilter - Request from IP: 10.235.148.185 | URI: /faqs/active | Tokens remaining: 50
2026-08-18 15:04:46 INFO  c.e.c.Tool.security.RateLimitFilter - Request from IP: 10.235.148.185 | URI: /issues/active | Tokens remaining: 49
2026-08-18 15:04:49 INFO  c.e.c.Tool.security.RateLimitFilter - Request from IP: 10.235.148.185 | URI: /workspace/my-workspaces | Tokens remaining: 50
2026-08-18 15:04:49 INFO  c.e.c.Tool.security.RateLimitFilter - Request from IP: 10.235.148.185 | URI: /user/scratchpad | Tokens remaining: 49
2026-08-18 15:04:49 INFO  c.e.c.Tool.security.RateLimitFilter - Request from IP: 10.235.148.185 | URI: /user/recent-boards | Tokens remaining: 48
2026-08-18 15:04:49 INFO  c.e.c.Tool.security.RateLimitFilter - Request from IP: 10.235.148.185 | URI: /boards/starred | Tokens remaining: 47
2026-08-18 15:04:49 INFO  c.e.c.Tool.security.RateLimitFilter - Request from IP: 10.235.148.185 | URI: /workspace/starred | Tokens remaining: 46
2026-08-18 15:04:49 INFO  c.e.c.Tool.security.RateLimitFilter - Request from IP: 10.235.148.185 | URI: /user/notifications/unread-count | Tokens remaining: 45
2026-08-18 15:04:50 INFO  c.e.c.Tool.security.RateLimitFilter - Request from IP: 10.235.148.185 | URI: /boards/workspace/2 | Tokens remaining: 44
2026-08-18 15:04:50 INFO  c.e.c.Tool.security.RateLimitFilter - Request from IP: 10.235.148.185 | URI: /boards/4/lists | Tokens remaining: 43
2026-08-18 15:04:52 INFO  c.e.c.Tool.security.RateLimitFilter - Request from IP: 10.235.148.185 | URI: /boards/workspace/2 | Tokens remaining: 44
2026-08-18 15:04:53 INFO  c.e.c.Tool.security.RateLimitFilter - Request from IP: 10.235.148.185 | URI: /workspace/2 | Tokens remaining: 43
2026-08-18 15:04:53 INFO  c.e.c.Tool.security.RateLimitFilter - Request from IP: 10.235.148.185 | URI: /boards/4/lists | Tokens remaining: 43
2026-08-18 15:04:53 INFO  c.e.c.Tool.security.RateLimitFilter - Request from IP: 10.235.148.185 | URI: /board/4/members | Tokens remaining: 42
2026-08-18 15:05:23 INFO  c.e.c.Tool.security.RateLimitFilter - Request from IP: 10.235.148.185 | URI: /board/4/members/leave | Tokens remaining: 50
2026-08-18 15:05:24 INFO  c.e.c.Tool.security.RateLimitFilter - Request from IP: 10.235.148.185 | URI: /boards/5/lists | Tokens remaining: 49
2026-08-18 15:05:24 INFO  c.e.c.Tool.security.RateLimitFilter - Request from IP: 10.235.148.185 | URI: /board/5/members | Tokens remaining: 48
2026-08-18 15:05:24 INFO  c.e.c.Tool.security.RateLimitFilter - Request from IP: 10.235.148.185 | URI: /cards/lists/7/cards | Tokens remaining: 47
2026-08-18 15:05:24 INFO  c.e.c.Tool.security.RateLimitFilter - Request from IP: 10.235.148.185 | URI: /cards/lists/8/cards | Tokens remaining: 46
2026-08-18 15:06:07 INFO  c.e.c.Tool.security.RateLimitFilter - Request from IP: 10.235.148.185 | URI: /user/recent-boards | Tokens remaining: 50
2026-08-18 15:06:07 INFO  c.e.c.Tool.security.RateLimitFilter - Request from IP: 10.235.148.185 | URI: /workspace/my-workspaces | Tokens remaining: 50
2026-08-18 15:06:07 INFO  c.e.c.Tool.security.RateLimitFilter - Request from IP: 10.235.148.185 | URI: /user/scratchpad | Tokens remaining: 48
2026-08-18 15:06:07 INFO  c.e.c.Tool.security.RateLimitFilter - Request from IP: 10.235.148.185 | URI: /boards/starred | Tokens remaining: 47
2026-08-18 15:06:07 INFO  c.e.c.Tool.security.RateLimitFilter - Request from IP: 10.235.148.185 | URI: /workspace/starred | Tokens remaining: 46
2026-08-18 15:06:07 INFO  c.e.c.Tool.security.RateLimitFilter - Request from IP: 10.235.148.185 | URI: /user/notifications/unread-count | Tokens remaining: 45
2026-08-18 15:06:08 INFO  c.e.c.Tool.security.RateLimitFilter - Request from IP: 10.235.148.185 | URI: /boards/workspace/2 | Tokens remaining: 44
2026-08-18 15:06:08 INFO  c.e.c.Tool.security.RateLimitFilter - Request from IP: 10.235.148.185 | URI: /boards/4/lists | Tokens remaining: 43
2026-08-18 15:06:16 INFO  c.e.c.Tool.security.RateLimitFilter - Request from IP: 10.235.148.185 | URI: /boards/workspace/2 | Tokens remaining: 49
2026-08-18 15:06:16 INFO  c.e.c.Tool.security.RateLimitFilter - Request from IP: 10.235.148.185 | URI: /workspace/2 | Tokens remaining: 48
2026-08-18 15:06:17 INFO  c.e.c.Tool.security.RateLimitFilter - Request from IP: 10.235.148.185 | URI: /boards/4/lists | Tokens remaining: 48
2026-08-18 15:06:17 INFO  c.e.c.Tool.security.RateLimitFilter - Request from IP: 10.235.148.185 | URI: /board/4/members | Tokens remaining: 47
2026-08-18 15:06:38 INFO  c.e.c.Tool.security.RateLimitFilter - Request from IP: 10.235.148.185 | URI: /boards/6/lists | Tokens remaining: 50
2026-08-18 15:06:38 INFO  c.e.c.Tool.security.RateLimitFilter - Request from IP: 10.235.148.185 | URI: /board/6/members | Tokens remaining: 49
2026-08-18 15:06:39 INFO  c.e.c.Tool.security.RateLimitFilter - Request from IP: 10.235.148.185 | URI: /boards/6/lists | Tokens remaining: 48
2026-08-18 15:06:39 INFO  c.e.c.Tool.security.RateLimitFilter - Request from IP: 10.235.148.185 | URI: /board/6/members | Tokens remaining: 47
2026-08-18 15:07:20 INFO  c.e.c.Tool.security.RateLimitFilter - Request from IP: 10.235.148.185 | URI: /boards/5/lists | Tokens remaining: 50
2026-08-18 15:07:20 INFO  c.e.c.Tool.security.RateLimitFilter - Request from IP: 10.235.148.185 | URI: /board/5/members | Tokens remaining: 49
2026-08-18 15:07:20 INFO  c.e.c.Tool.security.RateLimitFilter - Request from IP: 10.235.148.185 | URI: /cards/lists/7/cards | Tokens remaining: 48
2026-08-18 15:07:20 INFO  c.e.c.Tool.security.RateLimitFilter - Request from IP: 10.235.148.185 | URI: /cards/lists/8/cards | Tokens remaining: 47
2026-08-18 15:07:25 INFO  c.e.c.Tool.security.RateLimitFilter - Request from IP: 10.235.148.185 | URI: /cards/12/move | Tokens remaining: 50
2026-08-18 15:07:26 WARN  c.e.c.T.e.CollaborationExceptionHandler - Forbidden action: User is not a member of the board
2026-08-18 15:07:29 INFO  c.e.c.Tool.security.RateLimitFilter - Request from IP: 10.235.148.185 | URI: /cards/12/move | Tokens remaining: 50
2026-08-18 15:07:29 WARN  c.e.c.T.e.CollaborationExceptionHandler - Forbidden action: User is not a member of the board
2026-08-18 15:08:10 INFO  c.e.c.Tool.security.RateLimitFilter - Request from IP: 10.235.148.185 | URI: /board/5/members | Tokens remaining: 50
2026-08-18 15:08:10 INFO  c.e.c.T.s.Impl.EmailServiceImpl - Attempting to send email to: abrahamnetsec@gmail.com
2026-08-18 15:08:14 INFO  c.e.c.T.s.Impl.EmailServiceImpl - Email sent successfully to: abrahamnetsec@gmail.com
2026-08-18 15:08:14 INFO  c.e.c.Tool.security.RateLimitFilter - Request from IP: 10.235.148.185 | URI: /board/5/members | Tokens remaining: 50
2026-08-18 15:08:19 INFO  c.e.c.Tool.security.RateLimitFilter - Request from IP: 10.235.148.185 | URI: /cards/12/move | Tokens remaining: 50
2026-08-18 15:10:23 INFO  o.s.boot.tomcat.GracefulShutdown - Commencing graceful shutdown. Waiting for active requests to complete
2026-08-18 15:10:23 INFO  o.s.boot.tomcat.GracefulShutdown - Graceful shutdown complete
2026-08-18 15:10:23 INFO  o.s.m.s.b.SimpleBrokerMessageHandler - Stopping...
2026-08-18 15:10:23 INFO  o.s.m.s.b.SimpleBrokerMessageHandler - BrokerAvailabilityEvent[available=false, SimpleBrokerMessageHandler [org.springframework.messaging.simp.broker.DefaultSubscriptionRegistry@7cc89f6]]
2026-08-18 15:10:23 INFO  o.s.m.s.b.SimpleBrokerMessageHandler - Stopped.
2026-08-18 15:10:25 INFO  o.s.o.j.LocalContainerEntityManagerFactoryBean - Closing JPA EntityManagerFactory for persistence unit 'default'
2026-08-18 15:10:25 INFO  com.zaxxer.hikari.HikariDataSource - HikariPool-1 - Shutdown initiated...
2026-08-18 15:10:25 INFO  com.zaxxer.hikari.HikariDataSource - HikariPool-1 - Shutdown completed.
2026-08-18 15:10:42 INFO  c.e.c.T.CollaborationToolApplication - Starting CollaborationToolApplication using Java 21.0.8 with PID 7792 (C:\Abraham\Code\Eclectics\Collaboration-Tool\target\classes started by pc in C:\Abraham\Code\Eclectics\Collaboration-Tool)
2026-08-18 15:10:42 INFO  c.e.c.T.CollaborationToolApplication - The following 1 profile is active: "prod"
2026-08-18 15:10:46 INFO  o.s.d.r.c.RepositoryConfigurationDelegate - Multiple Spring Data modules found, entering strict repository configuration mode
2026-08-18 15:10:46 INFO  o.s.d.r.c.RepositoryConfigurationDelegate - Bootstrapping Spring Data JPA repositories in DEFAULT mode.
2026-08-18 15:10:47 INFO  o.s.d.r.c.RepositoryConfigurationDelegate - Finished Spring Data repository scanning in 771 ms. Found 25 JPA repository interfaces.
2026-08-18 15:10:47 INFO  o.s.d.r.c.RepositoryConfigurationDelegate - Multiple Spring Data modules found, entering strict repository configuration mode
2026-08-18 15:10:47 INFO  o.s.d.r.c.RepositoryConfigurationDelegate - Bootstrapping Spring Data Redis repositories in DEFAULT mode.
2026-08-18 15:10:47 INFO  o.s.d.r.c.RepositoryConfigurationExtensionSupport - Spring Data Redis - Could not safely identify store assignment for repository candidate interface com.eclectics.collaboration.Tool.repository.ActivityLogRepository; If you want this repository to be a Redis repository, consider annotating your entities with one of these annotations: org.springframework.data.redis.core.RedisHash (preferred), or consider extending one of the following types with your repository: org.springframework.data.keyvalue.repository.KeyValueRepository
2026-08-18 15:10:47 INFO  o.s.d.r.c.RepositoryConfigurationExtensionSupport - Spring Data Redis - Could not safely identify store assignment for repository candidate interface com.eclectics.collaboration.Tool.repository.BoardMemberRepository; If you want this repository to be a Redis repository, consider annotating your entities with one of these annotations: org.springframework.data.redis.core.RedisHash (preferred), or consider extending one of the following types with your repository: org.springframework.data.keyvalue.repository.KeyValueRepository
2026-08-18 15:10:47 INFO  o.s.d.r.c.RepositoryConfigurationExtensionSupport - Spring Data Redis - Could not safely identify store assignment for repository candidate interface com.eclectics.collaboration.Tool.repository.BoardsRepository; If you want this repository to be a Redis repository, consider annotating your entities with one of these annotations: org.springframework.data.redis.core.RedisHash (preferred), or consider extending one of the following types with your repository: org.springframework.data.keyvalue.repository.KeyValueRepository
2026-08-18 15:10:47 INFO  o.s.d.r.c.RepositoryConfigurationExtensionSupport - Spring Data Redis - Could not safely identify store assignment for repository candidate interface com.eclectics.collaboration.Tool.repository.CardAssigneeRepository; If you want this repository to be a Redis repository, consider annotating your entities with one of these annotations: org.springframework.data.redis.core.RedisHash (preferred), or consider extending one of the following types with your repository: org.springframework.data.keyvalue.repository.KeyValueRepository
2026-08-18 15:10:47 INFO  o.s.d.r.c.RepositoryConfigurationExtensionSupport - Spring Data Redis - Could not safely identify store assignment for repository candidate interface com.eclectics.collaboration.Tool.repository.CardLabelRepository; If you want this repository to be a Redis repository, consider annotating your entities with one of these annotations: org.springframework.data.redis.core.RedisHash (preferred), or consider extending one of the following types with your repository: org.springframework.data.keyvalue.repository.KeyValueRepository
2026-08-18 15:10:47 INFO  o.s.d.r.c.RepositoryConfigurationExtensionSupport - Spring Data Redis - Could not safely identify store assignment for repository candidate interface com.eclectics.collaboration.Tool.repository.CardRepository; If you want this repository to be a Redis repository, consider annotating your entities with one of these annotations: org.springframework.data.redis.core.RedisHash (preferred), or consider extending one of the following types with your repository: org.springframework.data.keyvalue.repository.KeyValueRepository
2026-08-18 15:10:47 INFO  o.s.d.r.c.RepositoryConfigurationExtensionSupport - Spring Data Redis - Could not safely identify store assignment for repository candidate interface com.eclectics.collaboration.Tool.repository.CommentMentionRepository; If you want this repository to be a Redis repository, consider annotating your entities with one of these annotations: org.springframework.data.redis.core.RedisHash (preferred), or consider extending one of the following types with your repository: org.springframework.data.keyvalue.repository.KeyValueRepository
2026-08-18 15:10:47 INFO  o.s.d.r.c.RepositoryConfigurationExtensionSupport - Spring Data Redis - Could not safely identify store assignment for repository candidate interface com.eclectics.collaboration.Tool.repository.CommentRepository; If you want this repository to be a Redis repository, consider annotating your entities with one of these annotations: org.springframework.data.redis.core.RedisHash (preferred), or consider extending one of the following types with your repository: org.springframework.data.keyvalue.repository.KeyValueRepository
2026-08-18 15:10:47 INFO  o.s.d.r.c.RepositoryConfigurationExtensionSupport - Spring Data Redis - Could not safely identify store assignment for repository candidate interface com.eclectics.collaboration.Tool.repository.DueDateReminderRepository; If you want this repository to be a Redis repository, consider annotating your entities with one of these annotations: org.springframework.data.redis.core.RedisHash (preferred), or consider extending one of the following types with your repository: org.springframework.data.keyvalue.repository.KeyValueRepository
2026-08-18 15:10:47 INFO  o.s.d.r.c.RepositoryConfigurationExtensionSupport - Spring Data Redis - Could not safely identify store assignment for repository candidate interface com.eclectics.collaboration.Tool.repository.FAQRepository; If you want this repository to be a Redis repository, consider annotating your entities with one of these annotations: org.springframework.data.redis.core.RedisHash (preferred), or consider extending one of the following types with your repository: org.springframework.data.keyvalue.repository.KeyValueRepository
2026-08-18 15:10:47 INFO  o.s.d.r.c.RepositoryConfigurationExtensionSupport - Spring Data Redis - Could not safely identify store assignment for repository candidate interface com.eclectics.collaboration.Tool.repository.InvitationRepository; If you want this repository to be a Redis repository, consider annotating your entities with one of these annotations: org.springframework.data.redis.core.RedisHash (preferred), or consider extending one of the following types with your repository: org.springframework.data.keyvalue.repository.KeyValueRepository
2026-08-18 15:10:47 INFO  o.s.d.r.c.RepositoryConfigurationExtensionSupport - Spring Data Redis - Could not safely identify store assignment for repository candidate interface com.eclectics.collaboration.Tool.repository.IssueRepository; If you want this repository to be a Redis repository, consider annotating your entities with one of these annotations: org.springframework.data.redis.core.RedisHash (preferred), or consider extending one of the following types with your repository: org.springframework.data.keyvalue.repository.KeyValueRepository
2026-08-18 15:10:47 INFO  o.s.d.r.c.RepositoryConfigurationExtensionSupport - Spring Data Redis - Could not safely identify store assignment for repository candidate interface com.eclectics.collaboration.Tool.repository.LabelRepository; If you want this repository to be a Redis repository, consider annotating your entities with one of these annotations: org.springframework.data.redis.core.RedisHash (preferred), or consider extending one of the following types with your repository: org.springframework.data.keyvalue.repository.KeyValueRepository
2026-08-18 15:10:47 INFO  o.s.d.r.c.RepositoryConfigurationExtensionSupport - Spring Data Redis - Could not safely identify store assignment for repository candidate interface com.eclectics.collaboration.Tool.repository.ListEntityRepository; If you want this repository to be a Redis repository, consider annotating your entities with one of these annotations: org.springframework.data.redis.core.RedisHash (preferred), or consider extending one of the following types with your repository: org.springframework.data.keyvalue.repository.KeyValueRepository
2026-08-18 15:10:47 INFO  o.s.d.r.c.RepositoryConfigurationExtensionSupport - Spring Data Redis - Could not safely identify store assignment for repository candidate interface com.eclectics.collaboration.Tool.repository.NotificationPreferenceRepository; If you want this repository to be a Redis repository, consider annotating your entities with one of these annotations: org.springframework.data.redis.core.RedisHash (preferred), or consider extending one of the following types with your repository: org.springframework.data.keyvalue.repository.KeyValueRepository
2026-08-18 15:10:47 INFO  o.s.d.r.c.RepositoryConfigurationExtensionSupport - Spring Data Redis - Could not safely identify store assignment for repository candidate interface com.eclectics.collaboration.Tool.repository.NotificationRepository; If you want this repository to be a Redis repository, consider annotating your entities with one of these annotations: org.springframework.data.redis.core.RedisHash (preferred), or consider extending one of the following types with your repository: org.springframework.data.keyvalue.repository.KeyValueRepository
2026-08-18 15:10:47 INFO  o.s.d.r.c.RepositoryConfigurationExtensionSupport - Spring Data Redis - Could not safely identify store assignment for repository candidate interface com.eclectics.collaboration.Tool.repository.RefreshTokenRepository; If you want this repository to be a Redis repository, consider annotating your entities with one of these annotations: org.springframework.data.redis.core.RedisHash (preferred), or consider extending one of the following types with your repository: org.springframework.data.keyvalue.repository.KeyValueRepository
2026-08-18 15:10:47 INFO  o.s.d.r.c.RepositoryConfigurationExtensionSupport - Spring Data Redis - Could not safely identify store assignment for repository candidate interface com.eclectics.collaboration.Tool.repository.StarredBoardRepository; If you want this repository to be a Redis repository, consider annotating your entities with one of these annotations: org.springframework.data.redis.core.RedisHash (preferred), or consider extending one of the following types with your repository: org.springframework.data.keyvalue.repository.KeyValueRepository
2026-08-18 15:10:47 INFO  o.s.d.r.c.RepositoryConfigurationExtensionSupport - Spring Data Redis - Could not safely identify store assignment for repository candidate interface com.eclectics.collaboration.Tool.repository.StarredWorkspaceRepository; If you want this repository to be a Redis repository, consider annotating your entities with one of these annotations: org.springframework.data.redis.core.RedisHash (preferred), or consider extending one of the following types with your repository: org.springframework.data.keyvalue.repository.KeyValueRepository
2026-08-18 15:10:47 INFO  o.s.d.r.c.RepositoryConfigurationExtensionSupport - Spring Data Redis - Could not safely identify store assignment for repository candidate interface com.eclectics.collaboration.Tool.repository.SystemConfigRepository; If you want this repository to be a Redis repository, consider annotating your entities with one of these annotations: org.springframework.data.redis.core.RedisHash (preferred), or consider extending one of the following types with your repository: org.springframework.data.keyvalue.repository.KeyValueRepository
2026-08-18 15:10:47 INFO  o.s.d.r.c.RepositoryConfigurationExtensionSupport - Spring Data Redis - Could not safely identify store assignment for repository candidate interface com.eclectics.collaboration.Tool.repository.TalkRepository; If you want this repository to be a Redis repository, consider annotating your entities with one of these annotations: org.springframework.data.redis.core.RedisHash (preferred), or consider extending one of the following types with your repository: org.springframework.data.keyvalue.repository.KeyValueRepository
2026-08-18 15:10:47 INFO  o.s.d.r.c.RepositoryConfigurationExtensionSupport - Spring Data Redis - Could not safely identify store assignment for repository candidate interface com.eclectics.collaboration.Tool.repository.UserRecentBoardRepository; If you want this repository to be a Redis repository, consider annotating your entities with one of these annotations: org.springframework.data.redis.core.RedisHash (preferred), or consider extending one of the following types with your repository: org.springframework.data.keyvalue.repository.KeyValueRepository
2026-08-18 15:10:47 INFO  o.s.d.r.c.RepositoryConfigurationExtensionSupport - Spring Data Redis - Could not safely identify store assignment for repository candidate interface com.eclectics.collaboration.Tool.repository.UserRespository; If you want this repository to be a Redis repository, consider annotating your entities with one of these annotations: org.springframework.data.redis.core.RedisHash (preferred), or consider extending one of the following types with your repository: org.springframework.data.keyvalue.repository.KeyValueRepository
2026-08-18 15:10:47 INFO  o.s.d.r.c.RepositoryConfigurationExtensionSupport - Spring Data Redis - Could not safely identify store assignment for repository candidate interface com.eclectics.collaboration.Tool.repository.WorkSpaceMemberRepository; If you want this repository to be a Redis repository, consider annotating your entities with one of these annotations: org.springframework.data.redis.core.RedisHash (preferred), or consider extending one of the following types with your repository: org.springframework.data.keyvalue.repository.KeyValueRepository
2026-08-18 15:10:47 INFO  o.s.d.r.c.RepositoryConfigurationExtensionSupport - Spring Data Redis - Could not safely identify store assignment for repository candidate interface com.eclectics.collaboration.Tool.repository.WorkSpaceReposiroty; If you want this repository to be a Redis repository, consider annotating your entities with one of these annotations: org.springframework.data.redis.core.RedisHash (preferred), or consider extending one of the following types with your repository: org.springframework.data.keyvalue.repository.KeyValueRepository
2026-08-18 15:10:47 INFO  o.s.d.r.c.RepositoryConfigurationDelegate - Finished Spring Data repository scanning in 77 ms. Found 0 Redis repository interfaces.
2026-08-18 15:10:50 INFO  o.s.boot.tomcat.TomcatWebServer - Tomcat initialized with port 8084 (http)
2026-08-18 15:10:50 INFO  o.a.coyote.http11.Http11NioProtocol - Initializing ProtocolHandler ["http-nio-0.0.0.0-8084"]
2026-08-18 15:10:50 INFO  o.a.catalina.core.StandardService - Starting service [Tomcat]
2026-08-18 15:10:50 INFO  o.a.catalina.core.StandardEngine - Starting Servlet engine: [Apache Tomcat/11.0.15]
2026-08-18 15:10:51 INFO  o.s.b.w.c.s.WebApplicationContextInitializer - Root WebApplicationContext: initialization completed in 8670 ms
2026-08-18 15:10:51 INFO  com.zaxxer.hikari.HikariDataSource - HikariPool-1 - Starting...
2026-08-18 15:10:52 INFO  com.zaxxer.hikari.pool.HikariPool - HikariPool-1 - Added connection org.postgresql.jdbc.PgConnection@27a0e6ce
2026-08-18 15:10:52 INFO  com.zaxxer.hikari.HikariDataSource - HikariPool-1 - Start completed.
2026-08-18 15:10:52 INFO  org.hibernate.orm.jpa - HHH008540: Processing PersistenceUnitInfo [name: default]
2026-08-18 15:10:53 INFO  org.hibernate.orm.core - HHH000001: Hibernate ORM core version 7.2.1.Final
2026-08-18 15:10:55 INFO  o.s.o.j.p.SpringPersistenceUnitInfo - No LoadTimeWeaver setup: ignoring JPA class transformer
2026-08-18 15:10:56 INFO  o.hibernate.orm.connections.pooling - HHH10001005: Database info:
	Database JDBC URL [jdbc:postgresql://localhost:5432/collaborationTool]
	Database driver: PostgreSQL JDBC Driver
	Database dialect: PostgreSQLDialect
	Database version: 17.6
	Default catalog/schema: collaborationTool/public
	Autocommit mode: undefined/unknown
	Isolation level: READ_COMMITTED [default READ_COMMITTED]
	JDBC fetch size: none
	Pool: DataSourceConnectionProvider
	Minimum pool size: undefined/unknown
	Maximum pool size: undefined/unknown
2026-08-18 15:11:00 INFO  org.hibernate.orm.core - HHH000489: No JTA platform available (set 'hibernate.transaction.jta.platform' to enable JTA platform integration)
2026-08-18 15:11:00 INFO  o.s.o.j.LocalContainerEntityManagerFactoryBean - Initialized JPA EntityManagerFactory for persistence unit 'default'
2026-08-18 15:11:01 INFO  o.s.d.j.r.q.QueryEnhancerFactories - Hibernate is in classpath; If applicable, HQL parser will be used.
2026-08-18 15:11:09 WARN  o.s.b.j.a.JpaBaseConfiguration$JpaWebConfiguration - spring.jpa.open-in-view is enabled by default. Therefore, database queries may be performed during view rendering. Explicitly configure spring.jpa.open-in-view to disable this warning
2026-08-18 15:11:10 INFO  o.s.v.b.OptionalValidatorFactoryBean - Failed to set up a Bean Validation provider: jakarta.validation.NoProviderFoundException: Unable to create a Configuration, because no Jakarta Validation provider could be found. Add a provider like Hibernate Validator (RI) to your classpath.
2026-08-18 15:11:12 INFO  o.s.m.s.b.SimpleBrokerMessageHandler - Starting...
2026-08-18 15:11:12 INFO  o.s.m.s.b.SimpleBrokerMessageHandler - BrokerAvailabilityEvent[available=true, SimpleBrokerMessageHandler [org.springframework.messaging.simp.broker.DefaultSubscriptionRegistry@3894400]]
2026-08-18 15:11:12 INFO  o.s.m.s.b.SimpleBrokerMessageHandler - Started.
2026-08-18 15:11:12 INFO  o.a.coyote.http11.Http11NioProtocol - Starting ProtocolHandler ["http-nio-0.0.0.0-8084"]
2026-08-18 15:11:12 INFO  o.s.boot.tomcat.TomcatWebServer - Tomcat started on port 8084 (http) with context path '/'
2026-08-18 15:11:12 INFO  c.e.c.T.CollaborationToolApplication - Started CollaborationToolApplication in 32.651 seconds (process running for 35.457)
2026-08-18 15:11:12 INFO  c.e.c.Tool.configuration.AdminSeeder - >>> Admin already exists, skipping: nthengeabraham952@gmail.com
2026-08-18 15:11:12 INFO  c.e.c.Tool.configuration.AdminSeeder - >>> Admin already exists, skipping: chepkemoisheilah794@gmail.com
2026-08-18 15:11:54 INFO  o.a.c.c.C.[Tomcat].[localhost].[/] - Initializing Spring DispatcherServlet 'dispatcherServlet'
2026-08-18 15:11:54 INFO  o.s.web.servlet.DispatcherServlet - Initializing Servlet 'dispatcherServlet'
2026-08-18 15:11:54 INFO  o.s.web.servlet.DispatcherServlet - Completed initialization in 8 ms
2026-08-18 15:11:54 INFO  c.e.c.Tool.security.RateLimitFilter - Request from IP: 10.235.148.185 | URI: /cards/12/assignee | Tokens remaining: 50
2026-08-18 15:12:00 WARN  org.hibernate.orm.jdbc.error - HHH000247: ErrorCode: 0, SQLState: 23514
2026-08-18 15:12:00 WARN  org.hibernate.orm.jdbc.error - ERROR: new row for relation "notifications" violates check constraint "notifications_type_check"
  Detail: Failing row contains (26, 2026-08-18 15:12:00.568833, f, CARD_ASSIGNED, Nt Abraham assigned you to "Fix IRA Token Credentials", 12, CARD, 4).
2026-08-18 15:12:00 ERROR c.e.c.T.service.Impl.CardServiceImpl - Failed to send card assignment notification to user 4 for card 12: could not execute statement [ERROR: new row for relation "notifications" violates check constraint "notifications_type_check"
  Detail: Failing row contains (26, 2026-08-18 15:12:00.568833, f, CARD_ASSIGNED, Nt Abraham assigned you to "Fix IRA Token Credentials", 12, CARD, 4).] [insert into public.notifications (created_at,message,read,recipient_id,reference_id,reference_type,type) values (?,?,?,?,?,?,?)]; SQL [insert into public.notifications (created_at,message,read,recipient_id,reference_id,reference_type,type) values (?,?,?,?,?,?,?)]; constraint [notifications_type_check]
org.springframework.dao.DataIntegrityViolationException: could not execute statement [ERROR: new row for relation "notifications" violates check constraint "notifications_type_check"
  Detail: Failing row contains (26, 2026-08-18 15:12:00.568833, f, CARD_ASSIGNED, Nt Abraham assigned you to "Fix IRA Token Credentials", 12, CARD, 4).] [insert into public.notifications (created_at,message,read,recipient_id,reference_id,reference_type,type) values (?,?,?,?,?,?,?)]; SQL [insert into public.notifications (created_at,message,read,recipient_id,reference_id,reference_type,type) values (?,?,?,?,?,?,?)]; constraint [notifications_type_check]
	at org.springframework.orm.jpa.hibernate.HibernateExceptionTranslator.convertHibernateAccessException(HibernateExceptionTranslator.java:169)
	at org.springframework.orm.jpa.hibernate.HibernateExceptionTranslator.convertHibernateAccessException(HibernateExceptionTranslator.java:131)
	at org.springframework.orm.jpa.hibernate.HibernateExceptionTranslator.translateExceptionIfPossible(HibernateExceptionTranslator.java:105)
	at org.springframework.orm.jpa.vendor.HibernateJpaDialect.translateExceptionIfPossible(HibernateJpaDialect.java:199)
	at org.springframework.orm.jpa.AbstractEntityManagerFactoryBean.translateExceptionIfPossible(AbstractEntityManagerFactoryBean.java:556)
	at org.springframework.dao.support.ChainedPersistenceExceptionTranslator.translateExceptionIfPossible(ChainedPersistenceExceptionTranslator.java:61)
	at org.springframework.dao.support.DataAccessUtils.translateIfNecessary(DataAccessUtils.java:346)
	at org.springframework.dao.support.PersistenceExceptionTranslationInterceptor.invoke(PersistenceExceptionTranslationInterceptor.java:157)
	at org.springframework.aop.framework.ReflectiveMethodInvocation.proceed(ReflectiveMethodInvocation.java:179)
	at org.springframework.data.jpa.repository.support.CrudMethodMetadataPostProcessor$CrudMethodMetadataPopulatingMethodInterceptor.invoke(CrudMethodMetadataPostProcessor.java:166)
	at org.springframework.aop.framework.ReflectiveMethodInvocation.proceed(ReflectiveMethodInvocation.java:179)
	at org.springframework.aop.framework.JdkDynamicAopProxy.invoke(JdkDynamicAopProxy.java:222)
	at jdk.proxy2/jdk.proxy2.$Proxy192.save(Unknown Source)
	at com.eclectics.collaboration.Tool.service.Impl.NotificationServiceImpl.create(NotificationServiceImpl.java:83)
	at java.base/jdk.internal.reflect.DirectMethodHandleAccessor.invoke(DirectMethodHandleAccessor.java:103)
	at java.base/java.lang.reflect.Method.invoke(Method.java:580)
	at org.springframework.aop.support.AopUtils.invokeJoinpointUsingReflection(AopUtils.java:359)
	at org.springframework.aop.framework.ReflectiveMethodInvocation.invokeJoinpoint(ReflectiveMethodInvocation.java:190)
	at org.springframework.aop.framework.ReflectiveMethodInvocation.proceed(ReflectiveMethodInvocation.java:158)
	at org.springframework.transaction.interceptor.TransactionInterceptor$1.proceedWithInvocation(TransactionInterceptor.java:133)
	at org.springframework.transaction.interceptor.TransactionAspectSupport.invokeWithinTransaction(TransactionAspectSupport.java:371)
	at org.springframework.transaction.interceptor.TransactionInterceptor.invoke(TransactionInterceptor.java:130)
	at org.springframework.aop.framework.ReflectiveMethodInvocation.proceed(ReflectiveMethodInvocation.java:179)
	at org.springframework.aop.framework.CglibAopProxy$DynamicAdvisedInterceptor.intercept(CglibAopProxy.java:719)
	at com.eclectics.collaboration.Tool.service.Impl.NotificationServiceImpl$$SpringCGLIB$$0.create(<generated>)
	at com.eclectics.collaboration.Tool.service.Impl.CardServiceImpl.notifyAssignment(CardServiceImpl.java:266)
	at com.eclectics.collaboration.Tool.service.Impl.CardServiceImpl.reassignCard(CardServiceImpl.java:255)
	at java.base/jdk.internal.reflect.DirectMethodHandleAccessor.invoke(DirectMethodHandleAccessor.java:103)
	at java.base/java.lang.reflect.Method.invoke(Method.java:580)
	at org.springframework.aop.support.AopUtils.invokeJoinpointUsingReflection(AopUtils.java:359)
	at org.springframework.aop.framework.ReflectiveMethodInvocation.invokeJoinpoint(ReflectiveMethodInvocation.java:190)
	at org.springframework.aop.framework.ReflectiveMethodInvocation.proceed(ReflectiveMethodInvocation.java:158)
	at org.springframework.transaction.interceptor.TransactionInterceptor$1.proceedWithInvocation(TransactionInterceptor.java:133)
	at org.springframework.transaction.interceptor.TransactionAspectSupport.invokeWithinTransaction(TransactionAspectSupport.java:371)
	at org.springframework.transaction.interceptor.TransactionInterceptor.invoke(TransactionInterceptor.java:130)
	at org.springframework.aop.framework.ReflectiveMethodInvocation.proceed(ReflectiveMethodInvocation.java:179)
	at org.springframework.aop.framework.CglibAopProxy$DynamicAdvisedInterceptor.intercept(CglibAopProxy.java:719)
	at com.eclectics.collaboration.Tool.service.Impl.CardServiceImpl$$SpringCGLIB$$0.reassignCard(<generated>)
	at com.eclectics.collaboration.Tool.controller.CardController.reassignCard(CardController.java:103)
	at java.base/jdk.internal.reflect.DirectMethodHandleAccessor.invoke(DirectMethodHandleAccessor.java:103)
	at java.base/java.lang.reflect.Method.invoke(Method.java:580)
	at org.springframework.web.method.support.InvocableHandlerMethod.doInvoke(InvocableHandlerMethod.java:258)
	at org.springframework.web.method.support.InvocableHandlerMethod.invokeForRequest(InvocableHandlerMethod.java:190)
	at org.springframework.web.servlet.mvc.method.annotation.ServletInvocableHandlerMethod.invokeAndHandle(ServletInvocableHandlerMethod.java:117)
	at org.springframework.web.servlet.mvc.method.annotation.RequestMappingHandlerAdapter.invokeHandlerMethod(RequestMappingHandlerAdapter.java:934)
	at org.springframework.web.servlet.mvc.method.annotation.RequestMappingHandlerAdapter.handleInternal(RequestMappingHandlerAdapter.java:853)
	at org.springframework.web.servlet.mvc.method.AbstractHandlerMethodAdapter.handle(AbstractHandlerMethodAdapter.java:86)
	at org.springframework.web.servlet.DispatcherServlet.doDispatch(DispatcherServlet.java:963)
	at org.springframework.web.servlet.DispatcherServlet.doService(DispatcherServlet.java:866)
	at org.springframework.web.servlet.FrameworkServlet.processRequest(FrameworkServlet.java:1003)
	at org.springframework.web.servlet.FrameworkServlet.doPut(FrameworkServlet.java:914)
	at jakarta.servlet.http.HttpServlet.service(HttpServlet.java:650)
	at org.springframework.web.servlet.FrameworkServlet.service(FrameworkServlet.java:874)
	at jakarta.servlet.http.HttpServlet.service(HttpServlet.java:710)
	at org.apache.catalina.core.ApplicationFilterChain.doFilter(ApplicationFilterChain.java:128)
	at org.apache.tomcat.websocket.server.WsFilter.doFilter(WsFilter.java:53)
	at org.apache.catalina.core.ApplicationFilterChain.doFilter(ApplicationFilterChain.java:107)
	at org.springframework.web.filter.OncePerRequestFilter.doFilter(OncePerRequestFilter.java:110)
	at org.apache.catalina.core.ApplicationFilterChain.doFilter(ApplicationFilterChain.java:107)
	at org.springframework.web.filter.OncePerRequestFilter.doFilter(OncePerRequestFilter.java:110)
	at org.apache.catalina.core.ApplicationFilterChain.doFilter(ApplicationFilterChain.java:107)
	at org.springframework.web.filter.CompositeFilter$VirtualFilterChain.doFilter(CompositeFilter.java:108)
	at org.springframework.security.web.FilterChainProxy.lambda$doFilterInternal$3(FilterChainProxy.java:235)
	at org.springframework.security.web.FilterChainProxy$VirtualFilterChain.doFilter(FilterChainProxy.java:371)
	at org.springframework.security.web.access.intercept.AuthorizationFilter.doFilter(AuthorizationFilter.java:101)
	at org.springframework.security.web.FilterChainProxy$VirtualFilterChain.doFilter(FilterChainProxy.java:380)
	at org.springframework.security.web.access.ExceptionTranslationFilter.doFilter(ExceptionTranslationFilter.java:126)
	at org.springframework.security.web.access.ExceptionTranslationFilter.doFilter(ExceptionTranslationFilter.java:120)
	at org.springframework.security.web.FilterChainProxy$VirtualFilterChain.doFilter(FilterChainProxy.java:380)
	at org.springframework.security.web.session.SessionManagementFilter.doFilter(SessionManagementFilter.java:132)
	at org.springframework.security.web.session.SessionManagementFilter.doFilter(SessionManagementFilter.java:86)
	at org.springframework.security.web.FilterChainProxy$VirtualFilterChain.doFilter(FilterChainProxy.java:380)
	at org.springframework.security.web.authentication.AnonymousAuthenticationFilter.doFilter(AnonymousAuthenticationFilter.java:100)
	at org.springframework.security.web.FilterChainProxy$VirtualFilterChain.doFilter(FilterChainProxy.java:380)
	at org.springframework.security.web.servletapi.SecurityContextHolderAwareRequestFilter.doFilter(SecurityContextHolderAwareRequestFilter.java:181)
	at org.springframework.security.web.FilterChainProxy$VirtualFilterChain.doFilter(FilterChainProxy.java:380)
	at org.springframework.security.web.savedrequest.RequestCacheAwareFilter.doFilter(RequestCacheAwareFilter.java:63)
	at org.springframework.security.web.FilterChainProxy$VirtualFilterChain.doFilter(FilterChainProxy.java:380)
	at com.eclectics.collaboration.Tool.security.JwtFilter.doFilterInternal(JwtFilter.java:85)
	at org.springframework.web.filter.OncePerRequestFilter.doFilter(OncePerRequestFilter.java:116)
	at org.springframework.security.web.FilterChainProxy$VirtualFilterChain.doFilter(FilterChainProxy.java:380)
	at com.eclectics.collaboration.Tool.security.RateLimitFilter.doFilterInternal(RateLimitFilter.java:50)
	at org.springframework.web.filter.OncePerRequestFilter.doFilter(OncePerRequestFilter.java:116)
	at org.springframework.security.web.FilterChainProxy$VirtualFilterChain.doFilter(FilterChainProxy.java:380)
	at org.springframework.security.web.authentication.logout.LogoutFilter.doFilter(LogoutFilter.java:110)
	at org.springframework.security.web.authentication.logout.LogoutFilter.doFilter(LogoutFilter.java:96)
	at org.springframework.security.web.FilterChainProxy$VirtualFilterChain.doFilter(FilterChainProxy.java:380)
	at org.springframework.web.filter.CorsFilter.doFilterInternal(CorsFilter.java:91)
	at org.springframework.web.filter.OncePerRequestFilter.doFilter(OncePerRequestFilter.java:116)
	at org.springframework.security.web.FilterChainProxy$VirtualFilterChain.doFilter(FilterChainProxy.java:380)
	at org.springframework.security.web.header.HeaderWriterFilter.doHeadersAfter(HeaderWriterFilter.java:90)
	at org.springframework.security.web.header.HeaderWriterFilter.doFilterInternal(HeaderWriterFilter.java:75)
	at org.springframework.web.filter.OncePerRequestFilter.doFilter(OncePerRequestFilter.java:116)
	at org.springframework.security.web.FilterChainProxy$VirtualFilterChain.doFilter(FilterChainProxy.java:380)
	at org.springframework.security.web.context.SecurityContextHolderFilter.doFilter(SecurityContextHolderFilter.java:82)
	at org.springframework.security.web.context.SecurityContextHolderFilter.doFilter(SecurityContextHolderFilter.java:69)
	at org.springframework.security.web.FilterChainProxy$VirtualFilterChain.doFilter(FilterChainProxy.java:380)
	at org.springframework.security.web.context.request.async.WebAsyncManagerIntegrationFilter.doFilterInternal(WebAsyncManagerIntegrationFilter.java:62)
	at org.springframework.web.filter.OncePerRequestFilter.doFilter(OncePerRequestFilter.java:116)
	at org.springframework.security.web.FilterChainProxy$VirtualFilterChain.doFilter(FilterChainProxy.java:380)
	at org.springframework.security.web.session.DisableEncodeUrlFilter.doFilterInternal(DisableEncodeUrlFilter.java:42)
	at org.springframework.web.filter.OncePerRequestFilter.doFilter(OncePerRequestFilter.java:116)
	at org.springframework.security.web.FilterChainProxy$VirtualFilterChain.doFilter(FilterChainProxy.java:380)
	at org.springframework.security.web.FilterChainProxy.doFilterInternal(FilterChainProxy.java:237)
	at org.springframework.security.web.FilterChainProxy.doFilter(FilterChainProxy.java:195)
	at org.springframework.web.filter.CompositeFilter$VirtualFilterChain.doFilter(CompositeFilter.java:113)
	at org.springframework.web.filter.ServletRequestPathFilter.doFilter(ServletRequestPathFilter.java:52)
	at org.springframework.web.filter.CompositeFilter$VirtualFilterChain.doFilter(CompositeFilter.java:113)
	at org.springframework.web.filter.CompositeFilter.doFilter(CompositeFilter.java:74)
	at org.springframework.security.config.annotation.web.configuration.WebSecurityConfiguration$CompositeFilterChainProxy.doFilter(WebSecurityConfiguration.java:317)
	at org.springframework.web.filter.DelegatingFilterProxy.invokeDelegate(DelegatingFilterProxy.java:355)
	at org.springframework.web.filter.DelegatingFilterProxy.doFilter(DelegatingFilterProxy.java:272)
	at org.apache.catalina.core.ApplicationFilterChain.doFilter(ApplicationFilterChain.java:107)
	at org.springframework.web.filter.RequestContextFilter.doFilterInternal(RequestContextFilter.java:100)
	at org.springframework.web.filter.OncePerRequestFilter.doFilter(OncePerRequestFilter.java:116)
	at org.apache.catalina.core.ApplicationFilterChain.doFilter(ApplicationFilterChain.java:107)
	at org.springframework.web.filter.FormContentFilter.doFilterInternal(FormContentFilter.java:93)
	at org.springframework.web.filter.OncePerRequestFilter.doFilter(OncePerRequestFilter.java:116)
	at org.apache.catalina.core.ApplicationFilterChain.doFilter(ApplicationFilterChain.java:107)
	at org.springframework.session.web.http.SessionRepositoryFilter.doFilterInternal(SessionRepositoryFilter.java:142)
	at org.springframework.session.web.http.OncePerRequestFilter.doFilter(OncePerRequestFilter.java:82)
	at org.springframework.web.filter.DelegatingFilterProxy.invokeDelegate(DelegatingFilterProxy.java:355)
	at org.springframework.web.filter.DelegatingFilterProxy.doFilter(DelegatingFilterProxy.java:272)
	at org.apache.catalina.core.ApplicationFilterChain.doFilter(ApplicationFilterChain.java:107)
	at org.springframework.web.filter.CharacterEncodingFilter.doFilterInternal(CharacterEncodingFilter.java:199)
	at org.springframework.web.filter.OncePerRequestFilter.doFilter(OncePerRequestFilter.java:116)
	at org.apache.catalina.core.ApplicationFilterChain.doFilter(ApplicationFilterChain.java:107)
	at org.apache.catalina.core.StandardWrapperValve.invoke(StandardWrapperValve.java:165)
	at org.apache.catalina.core.StandardContextValve.invoke(StandardContextValve.java:77)
	at org.apache.catalina.authenticator.AuthenticatorBase.invoke(AuthenticatorBase.java:482)
	at org.apache.catalina.core.StandardHostValve.invoke(StandardHostValve.java:113)
	at org.apache.catalina.valves.ErrorReportValve.invoke(ErrorReportValve.java:83)
	at org.apache.catalina.core.StandardEngineValve.invoke(StandardEngineValve.java:72)
	at org.apache.catalina.connector.CoyoteAdapter.service(CoyoteAdapter.java:341)
	at org.apache.coyote.http11.Http11Processor.service(Http11Processor.java:397)
	at org.apache.coyote.AbstractProcessorLight.process(AbstractProcessorLight.java:63)
	at org.apache.coyote.AbstractProtocol$ConnectionHandler.process(AbstractProtocol.java:903)
	at org.apache.tomcat.util.net.NioEndpoint$SocketProcessor.doRun(NioEndpoint.java:1778)
	at org.apache.tomcat.util.net.SocketProcessorBase.run(SocketProcessorBase.java:52)
	at org.apache.tomcat.util.threads.ThreadPoolExecutor.runWorker(ThreadPoolExecutor.java:946)
	at org.apache.tomcat.util.threads.ThreadPoolExecutor$Worker.run(ThreadPoolExecutor.java:480)
	at org.apache.tomcat.util.threads.TaskThread$WrappingRunnable.run(TaskThread.java:57)
	at java.base/java.lang.Thread.run(Thread.java:1583)
Caused by: org.hibernate.exception.ConstraintViolationException: could not execute statement [ERROR: new row for relation "notifications" violates check constraint "notifications_type_check"
  Detail: Failing row contains (26, 2026-08-18 15:12:00.568833, f, CARD_ASSIGNED, Nt Abraham assigned you to "Fix IRA Token Credentials", 12, CARD, 4).] [insert into public.notifications (created_at,message,read,recipient_id,reference_id,reference_type,type) values (?,?,?,?,?,?,?)]
	at org.hibernate.exception.internal.SQLStateConversionDelegate.convert(SQLStateConversionDelegate.java:73)
	at org.hibernate.exception.internal.StandardSQLExceptionConverter.convert(StandardSQLExceptionConverter.java:34)
	at org.hibernate.engine.jdbc.spi.SqlExceptionHelper.convert(SqlExceptionHelper.java:115)
	at org.hibernate.engine.jdbc.internal.ResultSetReturnImpl.executeUpdate(ResultSetReturnImpl.java:184)
	at org.hibernate.id.insert.GetGeneratedKeysDelegate.performMutation(GetGeneratedKeysDelegate.java:103)
	at org.hibernate.engine.jdbc.mutation.internal.MutationExecutorSingleNonBatched.performNonBatchedOperations(MutationExecutorSingleNonBatched.java:45)
	at org.hibernate.engine.jdbc.mutation.internal.AbstractMutationExecutor.execute(AbstractMutationExecutor.java:66)
	at org.hibernate.engine.jdbc.mutation.internal.AbstractMutationExecutor.execute(AbstractMutationExecutor.java:55)
	at org.hibernate.persister.entity.mutation.InsertCoordinatorStandard.doStaticInserts(InsertCoordinatorStandard.java:180)
	at org.hibernate.persister.entity.mutation.InsertCoordinatorStandard.coordinateInsert(InsertCoordinatorStandard.java:120)
	at org.hibernate.persister.entity.mutation.InsertCoordinatorStandard.insert(InsertCoordinatorStandard.java:84)
	at org.hibernate.action.internal.EntityIdentityInsertAction.execute(EntityIdentityInsertAction.java:85)
	at org.hibernate.engine.spi.ActionQueue.execute(ActionQueue.java:667)
	at org.hibernate.engine.spi.ActionQueue.addResolvedEntityInsertAction(ActionQueue.java:291)
	at org.hibernate.engine.spi.ActionQueue.addInsertAction(ActionQueue.java:270)
	at org.hibernate.engine.spi.ActionQueue.addAction(ActionQueue.java:322)
	at org.hibernate.event.internal.AbstractSaveEventListener.addInsertAction(AbstractSaveEventListener.java:371)
	at org.hibernate.event.internal.AbstractSaveEventListener.performSaveOrReplicate(AbstractSaveEventListener.java:285)
	at org.hibernate.event.internal.AbstractSaveEventListener.performSave(AbstractSaveEventListener.java:215)
	at org.hibernate.event.internal.AbstractSaveEventListener.saveWithGeneratedId(AbstractSaveEventListener.java:133)
	at org.hibernate.event.internal.DefaultPersistEventListener.entityIsTransient(DefaultPersistEventListener.java:145)
	at org.hibernate.event.internal.DefaultPersistEventListener.persist(DefaultPersistEventListener.java:89)
	at org.hibernate.event.internal.DefaultPersistEventListener.onPersist(DefaultPersistEventListener.java:73)
	at org.hibernate.event.internal.DefaultPersistEventListener.onPersist(DefaultPersistEventListener.java:49)
	at org.hibernate.event.service.internal.EventListenerGroupImpl.fireEventOnEachListener(EventListenerGroupImpl.java:138)
	at org.hibernate.internal.SessionImpl.firePersist(SessionImpl.java:689)
	at org.hibernate.internal.SessionImpl.persist(SessionImpl.java:672)
	at java.base/jdk.internal.reflect.DirectMethodHandleAccessor.invoke(DirectMethodHandleAccessor.java:103)
	at java.base/java.lang.reflect.Method.invoke(Method.java:580)
	at org.springframework.orm.jpa.SharedEntityManagerCreator$SharedEntityManagerInvocationHandler.invoke(SharedEntityManagerCreator.java:317)
	at jdk.proxy2/jdk.proxy2.$Proxy161.persist(Unknown Source)
	at org.springframework.data.jpa.repository.support.SimpleJpaRepository.save(SimpleJpaRepository.java:664)
	at java.base/jdk.internal.reflect.DirectMethodHandleAccessor.invoke(DirectMethodHandleAccessor.java:103)
	at java.base/java.lang.reflect.Method.invoke(Method.java:580)
	at org.springframework.aop.support.AopUtils.invokeJoinpointUsingReflection(AopUtils.java:359)
	at org.springframework.data.repository.core.support.RepositoryMethodInvoker$RepositoryFragmentMethodInvoker.lambda$new$0(RepositoryMethodInvoker.java:278)
	at org.springframework.data.repository.core.support.RepositoryMethodInvoker.doInvoke(RepositoryMethodInvoker.java:169)
	at org.springframework.data.repository.core.support.RepositoryMethodInvoker.invoke(RepositoryMethodInvoker.java:158)
	at org.springframework.data.repository.core.support.RepositoryComposition$RepositoryFragments.invoke(RepositoryComposition.java:545)
	at org.springframework.data.repository.core.support.RepositoryComposition.invoke(RepositoryComposition.java:290)
	at org.springframework.data.repository.core.support.RepositoryFactorySupport$ImplementationMethodExecutionInterceptor.invoke(RepositoryFactorySupport.java:690)
	at org.springframework.aop.framework.ReflectiveMethodInvocation.proceed(ReflectiveMethodInvocation.java:179)
	at org.springframework.data.repository.core.support.QueryExecutorMethodInterceptor.doInvoke(QueryExecutorMethodInterceptor.java:171)
	at org.springframework.data.repository.core.support.QueryExecutorMethodInterceptor.invoke(QueryExecutorMethodInterceptor.java:146)
	at org.springframework.aop.framework.ReflectiveMethodInvocation.proceed(ReflectiveMethodInvocation.java:179)
	at org.springframework.data.projection.DefaultMethodInvokingMethodInterceptor.invoke(DefaultMethodInvokingMethodInterceptor.java:69)
	at org.springframework.aop.framework.ReflectiveMethodInvocation.proceed(ReflectiveMethodInvocation.java:179)
	at org.springframework.transaction.interceptor.TransactionInterceptor$1.proceedWithInvocation(TransactionInterceptor.java:133)
	at org.springframework.transaction.interceptor.TransactionAspectSupport.invokeWithinTransaction(TransactionAspectSupport.java:371)
	at org.springframework.transaction.interceptor.TransactionInterceptor.invoke(TransactionInterceptor.java:130)
	at org.springframework.aop.framework.ReflectiveMethodInvocation.proceed(ReflectiveMethodInvocation.java:179)
	at org.springframework.dao.support.PersistenceExceptionTranslationInterceptor.invoke(PersistenceExceptionTranslationInterceptor.java:135)
	... 135 common frames omitted
Caused by: org.postgresql.util.PSQLException: ERROR: new row for relation "notifications" violates check constraint "notifications_type_check"
  Detail: Failing row contains (26, 2026-08-18 15:12:00.568833, f, CARD_ASSIGNED, Nt Abraham assigned you to "Fix IRA Token Credentials", 12, CARD, 4).
	at org.postgresql.core.v3.QueryExecutorImpl.receiveErrorResponse(QueryExecutorImpl.java:2846)
	at org.postgresql.core.v3.QueryExecutorImpl.processResults(QueryExecutorImpl.java:2531)
	at org.postgresql.core.v3.QueryExecutorImpl.execute(QueryExecutorImpl.java:429)
	at org.postgresql.jdbc.PgStatement.executeInternal(PgStatement.java:526)
	at org.postgresql.jdbc.PgStatement.execute(PgStatement.java:436)
	at org.postgresql.jdbc.PgPreparedStatement.executeWithFlags(PgPreparedStatement.java:196)
	at org.postgresql.jdbc.PgPreparedStatement.executeUpdate(PgPreparedStatement.java:157)
	at com.zaxxer.hikari.pool.ProxyPreparedStatement.executeUpdate(ProxyPreparedStatement.java:61)
	at com.zaxxer.hikari.pool.HikariProxyPreparedStatement.executeUpdate(HikariProxyPreparedStatement.java)
	at org.hibernate.engine.jdbc.internal.ResultSetReturnImpl.executeUpdate(ResultSetReturnImpl.java:181)
	... 183 common frames omitted
2026-08-18 15:12:10 INFO  c.e.c.Tool.security.RateLimitFilter - Request from IP: 10.235.148.185 | URI: /cards/12/comments | Tokens remaining: 50
2026-08-18 15:12:10 INFO  c.e.c.Tool.security.RateLimitFilter - Request from IP: 10.235.148.185 | URI: /boards/5/labels | Tokens remaining: 49
2026-08-18 15:12:10 INFO  c.e.c.Tool.security.RateLimitFilter - Request from IP: 10.235.148.185 | URI: /board/5/members | Tokens remaining: 48
2026-08-18 15:12:12 INFO  o.s.w.s.c.WebSocketMessageBrokerStats - WebSocketSession[0 current WS(0)-HttpStream(0)-HttpPoll(0), 0 total, 0 closed abnormally (0 connect failure, 0 send limit, 0 transport error)], stompSubProtocol[processed CONNECT(0)-CONNECTED(0)-DISCONNECT(0)], stompBrokerRelay[null], inboundChannel[pool size = 0, active threads = 0, queued tasks = 0, completed tasks = 0], outboundChannel[pool size = 0, active threads = 0, queued tasks = 0, completed tasks = 0], sockJsScheduler[pool size = 4, active threads = 1, queued tasks = 3, completed tasks = 3]
2026-08-18 15:13:37 INFO  c.e.c.Tool.security.RateLimitFilter - Request from IP: 10.235.148.185 | URI: /cards/12 | Tokens remaining: 50
2026-08-18 15:13:45 INFO  c.e.c.Tool.security.RateLimitFilter - Request from IP: 10.235.148.185 | URI: /boards/workspace/2 | Tokens remaining: 50
2026-08-18 15:13:45 INFO  c.e.c.Tool.security.RateLimitFilter - Request from IP: 10.235.148.185 | URI: /workspace/2 | Tokens remaining: 49
2026-08-18 15:13:46 INFO  c.e.c.Tool.security.RateLimitFilter - Request from IP: 10.235.148.185 | URI: /boards/4/lists | Tokens remaining: 48
2026-08-18 15:13:46 INFO  c.e.c.Tool.security.RateLimitFilter - Request from IP: 10.235.148.185 | URI: /board/4/members | Tokens remaining: 47
2026-08-18 15:13:49 INFO  c.e.c.Tool.security.RateLimitFilter - Request from IP: 10.235.148.185 | URI: /board/5/members | Tokens remaining: 49
2026-08-18 15:13:49 INFO  c.e.c.Tool.security.RateLimitFilter - Request from IP: 10.235.148.185 | URI: /boards/5/lists | Tokens remaining: 48
2026-08-18 15:13:50 INFO  c.e.c.Tool.security.RateLimitFilter - Request from IP: 10.235.148.185 | URI: /cards/lists/7/cards | Tokens remaining: 48
2026-08-18 15:13:50 INFO  c.e.c.Tool.security.RateLimitFilter - Request from IP: 10.235.148.185 | URI: /cards/lists/8/cards | Tokens remaining: 47
2026-08-18 15:13:53 INFO  c.e.c.Tool.security.RateLimitFilter - Request from IP: 10.235.148.185 | URI: /cards/12/comments | Tokens remaining: 48
2026-08-18 15:13:53 INFO  c.e.c.Tool.security.RateLimitFilter - Request from IP: 10.235.148.185 | URI: /board/5/members | Tokens remaining: 47
2026-08-18 15:13:53 INFO  c.e.c.Tool.security.RateLimitFilter - Request from IP: 10.235.148.185 | URI: /boards/5/labels | Tokens remaining: 46
2026-08-18 15:14:14 INFO  c.e.c.Tool.security.RateLimitFilter - Request from IP: 10.235.148.185 | URI: /cards/12/move | Tokens remaining: 50
2026-08-18 15:14:18 INFO  c.e.c.Tool.security.RateLimitFilter - Request from IP: 10.235.148.185 | URI: /cards/12/move | Tokens remaining: 50
2026-08-18 15:14:23 INFO  c.e.c.Tool.security.RateLimitFilter - Request from IP: 10.235.148.185 | URI: /cards/12/move | Tokens remaining: 50
2026-08-18 15:37:11 INFO  o.s.boot.tomcat.GracefulShutdown - Commencing graceful shutdown. Waiting for active requests to complete
2026-08-18 15:37:11 INFO  o.s.boot.tomcat.GracefulShutdown - Graceful shutdown complete
2026-08-18 15:37:11 INFO  o.s.m.s.b.SimpleBrokerMessageHandler - Stopping...
2026-08-18 15:37:11 INFO  o.s.m.s.b.SimpleBrokerMessageHandler - BrokerAvailabilityEvent[available=false, SimpleBrokerMessageHandler [org.springframework.messaging.simp.broker.DefaultSubscriptionRegistry@3894400]]
2026-08-18 15:37:11 INFO  o.s.m.s.b.SimpleBrokerMessageHandler - Stopped.
2026-08-18 15:37:13 INFO  o.s.o.j.LocalContainerEntityManagerFactoryBean - Closing JPA EntityManagerFactory for persistence unit 'default'
2026-08-18 15:37:13 INFO  com.zaxxer.hikari.HikariDataSource - HikariPool-1 - Shutdown initiated...
2026-08-18 15:37:13 INFO  com.zaxxer.hikari.HikariDataSource - HikariPool-1 - Shutdown completed.
2026-08-18 15:38:13 INFO  c.e.c.T.CollaborationToolApplication - Starting CollaborationToolApplication using Java 21.0.8 with PID 8880 (C:\Abraham\Code\Eclectics\Collaboration-Tool\target\classes started by pc in C:\Abraham\Code\Eclectics\Collaboration-Tool)
2026-08-18 15:38:14 INFO  c.e.c.T.CollaborationToolApplication - The following 1 profile is active: "prod"
2026-08-18 15:38:19 INFO  o.s.d.r.c.RepositoryConfigurationDelegate - Multiple Spring Data modules found, entering strict repository configuration mode
2026-08-18 15:38:19 INFO  o.s.d.r.c.RepositoryConfigurationDelegate - Bootstrapping Spring Data JPA repositories in DEFAULT mode.
2026-08-18 15:38:20 INFO  o.s.d.r.c.RepositoryConfigurationDelegate - Finished Spring Data repository scanning in 1062 ms. Found 25 JPA repository interfaces.
2026-08-18 15:38:21 INFO  o.s.d.r.c.RepositoryConfigurationDelegate - Multiple Spring Data modules found, entering strict repository configuration mode
2026-08-18 15:38:21 INFO  o.s.d.r.c.RepositoryConfigurationDelegate - Bootstrapping Spring Data Redis repositories in DEFAULT mode.
2026-08-18 15:38:21 INFO  o.s.d.r.c.RepositoryConfigurationExtensionSupport - Spring Data Redis - Could not safely identify store assignment for repository candidate interface com.eclectics.collaboration.Tool.repository.ActivityLogRepository; If you want this repository to be a Redis repository, consider annotating your entities with one of these annotations: org.springframework.data.redis.core.RedisHash (preferred), or consider extending one of the following types with your repository: org.springframework.data.keyvalue.repository.KeyValueRepository
2026-08-18 15:38:21 INFO  o.s.d.r.c.RepositoryConfigurationExtensionSupport - Spring Data Redis - Could not safely identify store assignment for repository candidate interface com.eclectics.collaboration.Tool.repository.BoardMemberRepository; If you want this repository to be a Redis repository, consider annotating your entities with one of these annotations: org.springframework.data.redis.core.RedisHash (preferred), or consider extending one of the following types with your repository: org.springframework.data.keyvalue.repository.KeyValueRepository
2026-08-18 15:38:21 INFO  o.s.d.r.c.RepositoryConfigurationExtensionSupport - Spring Data Redis - Could not safely identify store assignment for repository candidate interface com.eclectics.collaboration.Tool.repository.BoardsRepository; If you want this repository to be a Redis repository, consider annotating your entities with one of these annotations: org.springframework.data.redis.core.RedisHash (preferred), or consider extending one of the following types with your repository: org.springframework.data.keyvalue.repository.KeyValueRepository
2026-08-18 15:38:21 INFO  o.s.d.r.c.RepositoryConfigurationExtensionSupport - Spring Data Redis - Could not safely identify store assignment for repository candidate interface com.eclectics.collaboration.Tool.repository.CardAssigneeRepository; If you want this repository to be a Redis repository, consider annotating your entities with one of these annotations: org.springframework.data.redis.core.RedisHash (preferred), or consider extending one of the following types with your repository: org.springframework.data.keyvalue.repository.KeyValueRepository
2026-08-18 15:38:21 INFO  o.s.d.r.c.RepositoryConfigurationExtensionSupport - Spring Data Redis - Could not safely identify store assignment for repository candidate interface com.eclectics.collaboration.Tool.repository.CardLabelRepository; If you want this repository to be a Redis repository, consider annotating your entities with one of these annotations: org.springframework.data.redis.core.RedisHash (preferred), or consider extending one of the following types with your repository: org.springframework.data.keyvalue.repository.KeyValueRepository
2026-08-18 15:38:21 INFO  o.s.d.r.c.RepositoryConfigurationExtensionSupport - Spring Data Redis - Could not safely identify store assignment for repository candidate interface com.eclectics.collaboration.Tool.repository.CardRepository; If you want this repository to be a Redis repository, consider annotating your entities with one of these annotations: org.springframework.data.redis.core.RedisHash (preferred), or consider extending one of the following types with your repository: org.springframework.data.keyvalue.repository.KeyValueRepository
2026-08-18 15:38:21 INFO  o.s.d.r.c.RepositoryConfigurationExtensionSupport - Spring Data Redis - Could not safely identify store assignment for repository candidate interface com.eclectics.collaboration.Tool.repository.CommentMentionRepository; If you want this repository to be a Redis repository, consider annotating your entities with one of these annotations: org.springframework.data.redis.core.RedisHash (preferred), or consider extending one of the following types with your repository: org.springframework.data.keyvalue.repository.KeyValueRepository
2026-08-18 15:38:21 INFO  o.s.d.r.c.RepositoryConfigurationExtensionSupport - Spring Data Redis - Could not safely identify store assignment for repository candidate interface com.eclectics.collaboration.Tool.repository.CommentRepository; If you want this repository to be a Redis repository, consider annotating your entities with one of these annotations: org.springframework.data.redis.core.RedisHash (preferred), or consider extending one of the following types with your repository: org.springframework.data.keyvalue.repository.KeyValueRepository
2026-08-18 15:38:21 INFO  o.s.d.r.c.RepositoryConfigurationExtensionSupport - Spring Data Redis - Could not safely identify store assignment for repository candidate interface com.eclectics.collaboration.Tool.repository.DueDateReminderRepository; If you want this repository to be a Redis repository, consider annotating your entities with one of these annotations: org.springframework.data.redis.core.RedisHash (preferred), or consider extending one of the following types with your repository: org.springframework.data.keyvalue.repository.KeyValueRepository
2026-08-18 15:38:21 INFO  o.s.d.r.c.RepositoryConfigurationExtensionSupport - Spring Data Redis - Could not safely identify store assignment for repository candidate interface com.eclectics.collaboration.Tool.repository.FAQRepository; If you want this repository to be a Redis repository, consider annotating your entities with one of these annotations: org.springframework.data.redis.core.RedisHash (preferred), or consider extending one of the following types with your repository: org.springframework.data.keyvalue.repository.KeyValueRepository
2026-08-18 15:38:21 INFO  o.s.d.r.c.RepositoryConfigurationExtensionSupport - Spring Data Redis - Could not safely identify store assignment for repository candidate interface com.eclectics.collaboration.Tool.repository.InvitationRepository; If you want this repository to be a Redis repository, consider annotating your entities with one of these annotations: org.springframework.data.redis.core.RedisHash (preferred), or consider extending one of the following types with your repository: org.springframework.data.keyvalue.repository.KeyValueRepository
2026-08-18 15:38:21 INFO  o.s.d.r.c.RepositoryConfigurationExtensionSupport - Spring Data Redis - Could not safely identify store assignment for repository candidate interface com.eclectics.collaboration.Tool.repository.IssueRepository; If you want this repository to be a Redis repository, consider annotating your entities with one of these annotations: org.springframework.data.redis.core.RedisHash (preferred), or consider extending one of the following types with your repository: org.springframework.data.keyvalue.repository.KeyValueRepository
2026-08-18 15:38:21 INFO  o.s.d.r.c.RepositoryConfigurationExtensionSupport - Spring Data Redis - Could not safely identify store assignment for repository candidate interface com.eclectics.collaboration.Tool.repository.LabelRepository; If you want this repository to be a Redis repository, consider annotating your entities with one of these annotations: org.springframework.data.redis.core.RedisHash (preferred), or consider extending one of the following types with your repository: org.springframework.data.keyvalue.repository.KeyValueRepository
2026-08-18 15:38:21 INFO  o.s.d.r.c.RepositoryConfigurationExtensionSupport - Spring Data Redis - Could not safely identify store assignment for repository candidate interface com.eclectics.collaboration.Tool.repository.ListEntityRepository; If you want this repository to be a Redis repository, consider annotating your entities with one of these annotations: org.springframework.data.redis.core.RedisHash (preferred), or consider extending one of the following types with your repository: org.springframework.data.keyvalue.repository.KeyValueRepository
2026-08-18 15:38:21 INFO  o.s.d.r.c.RepositoryConfigurationExtensionSupport - Spring Data Redis - Could not safely identify store assignment for repository candidate interface com.eclectics.collaboration.Tool.repository.NotificationPreferenceRepository; If you want this repository to be a Redis repository, consider annotating your entities with one of these annotations: org.springframework.data.redis.core.RedisHash (preferred), or consider extending one of the following types with your repository: org.springframework.data.keyvalue.repository.KeyValueRepository
2026-08-18 15:38:21 INFO  o.s.d.r.c.RepositoryConfigurationExtensionSupport - Spring Data Redis - Could not safely identify store assignment for repository candidate interface com.eclectics.collaboration.Tool.repository.NotificationRepository; If you want this repository to be a Redis repository, consider annotating your entities with one of these annotations: org.springframework.data.redis.core.RedisHash (preferred), or consider extending one of the following types with your repository: org.springframework.data.keyvalue.repository.KeyValueRepository
2026-08-18 15:38:21 INFO  o.s.d.r.c.RepositoryConfigurationExtensionSupport - Spring Data Redis - Could not safely identify store assignment for repository candidate interface com.eclectics.collaboration.Tool.repository.RefreshTokenRepository; If you want this repository to be a Redis repository, consider annotating your entities with one of these annotations: org.springframework.data.redis.core.RedisHash (preferred), or consider extending one of the following types with your repository: org.springframework.data.keyvalue.repository.KeyValueRepository
2026-08-18 15:38:21 INFO  o.s.d.r.c.RepositoryConfigurationExtensionSupport - Spring Data Redis - Could not safely identify store assignment for repository candidate interface com.eclectics.collaboration.Tool.repository.StarredBoardRepository; If you want this repository to be a Redis repository, consider annotating your entities with one of these annotations: org.springframework.data.redis.core.RedisHash (preferred), or consider extending one of the following types with your repository: org.springframework.data.keyvalue.repository.KeyValueRepository
2026-08-18 15:38:21 INFO  o.s.d.r.c.RepositoryConfigurationExtensionSupport - Spring Data Redis - Could not safely identify store assignment for repository candidate interface com.eclectics.collaboration.Tool.repository.StarredWorkspaceRepository; If you want this repository to be a Redis repository, consider annotating your entities with one of these annotations: org.springframework.data.redis.core.RedisHash (preferred), or consider extending one of the following types with your repository: org.springframework.data.keyvalue.repository.KeyValueRepository
2026-08-18 15:38:21 INFO  o.s.d.r.c.RepositoryConfigurationExtensionSupport - Spring Data Redis - Could not safely identify store assignment for repository candidate interface com.eclectics.collaboration.Tool.repository.SystemConfigRepository; If you want this repository to be a Redis repository, consider annotating your entities with one of these annotations: org.springframework.data.redis.core.RedisHash (preferred), or consider extending one of the following types with your repository: org.springframework.data.keyvalue.repository.KeyValueRepository
2026-08-18 15:38:21 INFO  o.s.d.r.c.RepositoryConfigurationExtensionSupport - Spring Data Redis - Could not safely identify store assignment for repository candidate interface com.eclectics.collaboration.Tool.repository.TalkRepository; If you want this repository to be a Redis repository, consider annotating your entities with one of these annotations: org.springframework.data.redis.core.RedisHash (preferred), or consider extending one of the following types with your repository: org.springframework.data.keyvalue.repository.KeyValueRepository
2026-08-18 15:38:21 INFO  o.s.d.r.c.RepositoryConfigurationExtensionSupport - Spring Data Redis - Could not safely identify store assignment for repository candidate interface com.eclectics.collaboration.Tool.repository.UserRecentBoardRepository; If you want this repository to be a Redis repository, consider annotating your entities with one of these annotations: org.springframework.data.redis.core.RedisHash (preferred), or consider extending one of the following types with your repository: org.springframework.data.keyvalue.repository.KeyValueRepository
2026-08-18 15:38:21 INFO  o.s.d.r.c.RepositoryConfigurationExtensionSupport - Spring Data Redis - Could not safely identify store assignment for repository candidate interface com.eclectics.collaboration.Tool.repository.UserRespository; If you want this repository to be a Redis repository, consider annotating your entities with one of these annotations: org.springframework.data.redis.core.RedisHash (preferred), or consider extending one of the following types with your repository: org.springframework.data.keyvalue.repository.KeyValueRepository
2026-08-18 15:38:21 INFO  o.s.d.r.c.RepositoryConfigurationExtensionSupport - Spring Data Redis - Could not safely identify store assignment for repository candidate interface com.eclectics.collaboration.Tool.repository.WorkSpaceMemberRepository; If you want this repository to be a Redis repository, consider annotating your entities with one of these annotations: org.springframework.data.redis.core.RedisHash (preferred), or consider extending one of the following types with your repository: org.springframework.data.keyvalue.repository.KeyValueRepository
2026-08-18 15:38:21 INFO  o.s.d.r.c.RepositoryConfigurationExtensionSupport - Spring Data Redis - Could not safely identify store assignment for repository candidate interface com.eclectics.collaboration.Tool.repository.WorkSpaceReposiroty; If you want this repository to be a Redis repository, consider annotating your entities with one of these annotations: org.springframework.data.redis.core.RedisHash (preferred), or consider extending one of the following types with your repository: org.springframework.data.keyvalue.repository.KeyValueRepository
2026-08-18 15:38:21 INFO  o.s.d.r.c.RepositoryConfigurationDelegate - Finished Spring Data repository scanning in 116 ms. Found 0 Redis repository interfaces.
2026-08-18 15:38:25 INFO  o.s.boot.tomcat.TomcatWebServer - Tomcat initialized with port 8084 (http)
2026-08-18 15:38:25 INFO  o.a.coyote.http11.Http11NioProtocol - Initializing ProtocolHandler ["http-nio-0.0.0.0-8084"]
2026-08-18 15:38:25 INFO  o.a.catalina.core.StandardService - Starting service [Tomcat]
2026-08-18 15:38:25 INFO  o.a.catalina.core.StandardEngine - Starting Servlet engine: [Apache Tomcat/11.0.15]
2026-08-18 15:38:25 INFO  o.s.b.w.c.s.WebApplicationContextInitializer - Root WebApplicationContext: initialization completed in 11641 ms
2026-08-18 15:38:26 INFO  com.zaxxer.hikari.HikariDataSource - HikariPool-1 - Starting...
2026-08-18 15:38:27 INFO  com.zaxxer.hikari.pool.HikariPool - HikariPool-1 - Added connection org.postgresql.jdbc.PgConnection@4f7ae05
2026-08-18 15:38:27 INFO  com.zaxxer.hikari.HikariDataSource - HikariPool-1 - Start completed.
2026-08-18 15:38:28 INFO  org.hibernate.orm.jpa - HHH008540: Processing PersistenceUnitInfo [name: default]
2026-08-18 15:38:29 INFO  org.hibernate.orm.core - HHH000001: Hibernate ORM core version 7.2.1.Final
2026-08-18 15:38:31 INFO  o.s.o.j.p.SpringPersistenceUnitInfo - No LoadTimeWeaver setup: ignoring JPA class transformer
2026-08-18 15:38:31 INFO  o.hibernate.orm.connections.pooling - HHH10001005: Database info:
	Database JDBC URL [jdbc:postgresql://localhost:5432/collaborationTool]
	Database driver: PostgreSQL JDBC Driver
	Database dialect: PostgreSQLDialect
	Database version: 17.6
	Default catalog/schema: collaborationTool/public
	Autocommit mode: undefined/unknown
	Isolation level: READ_COMMITTED [default READ_COMMITTED]
	JDBC fetch size: none
	Pool: DataSourceConnectionProvider
	Minimum pool size: undefined/unknown
	Maximum pool size: undefined/unknown
2026-08-18 15:38:35 INFO  org.hibernate.orm.core - HHH000489: No JTA platform available (set 'hibernate.transaction.jta.platform' to enable JTA platform integration)
2026-08-18 15:38:35 INFO  o.s.o.j.LocalContainerEntityManagerFactoryBean - Initialized JPA EntityManagerFactory for persistence unit 'default'
2026-08-18 15:38:36 INFO  o.s.d.j.r.q.QueryEnhancerFactories - Hibernate is in classpath; If applicable, HQL parser will be used.
2026-08-18 15:38:45 WARN  o.s.b.j.a.JpaBaseConfiguration$JpaWebConfiguration - spring.jpa.open-in-view is enabled by default. Therefore, database queries may be performed during view rendering. Explicitly configure spring.jpa.open-in-view to disable this warning
2026-08-18 15:38:46 INFO  o.s.v.b.OptionalValidatorFactoryBean - Failed to set up a Bean Validation provider: jakarta.validation.NoProviderFoundException: Unable to create a Configuration, because no Jakarta Validation provider could be found. Add a provider like Hibernate Validator (RI) to your classpath.
2026-08-18 15:38:49 INFO  o.s.m.s.b.SimpleBrokerMessageHandler - Starting...
2026-08-18 15:38:49 INFO  o.s.m.s.b.SimpleBrokerMessageHandler - BrokerAvailabilityEvent[available=true, SimpleBrokerMessageHandler [org.springframework.messaging.simp.broker.DefaultSubscriptionRegistry@5eb35a26]]
2026-08-18 15:38:49 INFO  o.s.m.s.b.SimpleBrokerMessageHandler - Started.
2026-08-18 15:38:49 INFO  o.a.coyote.http11.Http11NioProtocol - Starting ProtocolHandler ["http-nio-0.0.0.0-8084"]
2026-08-18 15:38:49 INFO  o.s.boot.tomcat.TomcatWebServer - Tomcat started on port 8084 (http) with context path '/'
2026-08-18 15:38:49 INFO  c.e.c.T.CollaborationToolApplication - Started CollaborationToolApplication in 39.325 seconds (process running for 42.646)
2026-08-18 15:38:49 INFO  c.e.c.Tool.configuration.AdminSeeder - >>> Admin already exists, skipping: nthengeabraham952@gmail.com
2026-08-18 15:38:49 INFO  c.e.c.Tool.configuration.AdminSeeder - >>> Admin already exists, skipping: chepkemoisheilah794@gmail.com
2026-08-18 15:39:13 INFO  o.a.c.c.C.[Tomcat].[localhost].[/] - Initializing Spring DispatcherServlet 'dispatcherServlet'
2026-08-18 15:39:13 INFO  o.s.web.servlet.DispatcherServlet - Initializing Servlet 'dispatcherServlet'
2026-08-18 15:39:14 INFO  o.s.web.servlet.DispatcherServlet - Completed initialization in 102 ms
2026-08-18 15:39:15 INFO  c.e.c.Tool.security.RateLimitFilter - Request from IP: 10.235.148.185 | URI: /issues/active | Tokens remaining: 50
2026-08-18 15:39:20 INFO  c.e.c.Tool.security.RateLimitFilter - Request from IP: 10.235.148.185 | URI: /user/login | Tokens remaining: 50
2026-08-18 15:39:21 INFO  c.e.c.Tool.security.RateLimitFilter - Request from IP: 10.235.148.185 | URI: /workspace/my-workspaces | Tokens remaining: 50
2026-08-18 15:39:21 INFO  c.e.c.Tool.security.RateLimitFilter - Request from IP: 10.235.148.185 | URI: /user/scratchpad | Tokens remaining: 49
2026-08-18 15:39:21 INFO  c.e.c.Tool.security.RateLimitFilter - Request from IP: 10.235.148.185 | URI: /user/recent-boards | Tokens remaining: 48
2026-08-18 15:39:21 INFO  c.e.c.Tool.security.RateLimitFilter - Request from IP: 10.235.148.185 | URI: /workspace/starred | Tokens remaining: 47
2026-08-18 15:39:22 INFO  c.e.c.Tool.security.RateLimitFilter - Request from IP: 10.235.148.185 | URI: /user/notifications/unread-count | Tokens remaining: 46
2026-08-18 15:39:22 INFO  c.e.c.Tool.security.RateLimitFilter - Request from IP: 10.235.148.185 | URI: /boards/starred | Tokens remaining: 45
2026-08-18 15:39:28 INFO  c.e.c.Tool.security.RateLimitFilter - Request from IP: 10.235.148.185 | URI: /boards/workspace/2 | Tokens remaining: 49
2026-08-18 15:39:29 INFO  c.e.c.Tool.security.RateLimitFilter - Request from IP: 10.235.148.185 | URI: /boards/4/lists | Tokens remaining: 49
2026-08-18 15:39:49 INFO  o.s.w.s.c.WebSocketMessageBrokerStats - WebSocketSession[0 current WS(0)-HttpStream(0)-HttpPoll(0), 0 total, 0 closed abnormally (0 connect failure, 0 send limit, 0 transport error)], stompSubProtocol[processed CONNECT(0)-CONNECTED(0)-DISCONNECT(0)], stompBrokerRelay[null], inboundChannel[pool size = 0, active threads = 0, queued tasks = 0, completed tasks = 0], outboundChannel[pool size = 0, active threads = 0, queued tasks = 0, completed tasks = 0], sockJsScheduler[pool size = 4, active threads = 1, queued tasks = 3, completed tasks = 3]
2026-08-18 15:46:34 INFO  o.s.boot.tomcat.GracefulShutdown - Commencing graceful shutdown. Waiting for active requests to complete
2026-08-18 15:46:34 INFO  o.s.boot.tomcat.GracefulShutdown - Graceful shutdown complete
2026-08-18 15:46:35 INFO  o.s.m.s.b.SimpleBrokerMessageHandler - Stopping...
2026-08-18 15:46:35 INFO  o.s.m.s.b.SimpleBrokerMessageHandler - BrokerAvailabilityEvent[available=false, SimpleBrokerMessageHandler [org.springframework.messaging.simp.broker.DefaultSubscriptionRegistry@5eb35a26]]
2026-08-18 15:46:35 INFO  o.s.m.s.b.SimpleBrokerMessageHandler - Stopped.
2026-08-18 15:46:35 INFO  o.s.o.j.LocalContainerEntityManagerFactoryBean - Closing JPA EntityManagerFactory for persistence unit 'default'
2026-08-18 15:46:35 INFO  com.zaxxer.hikari.HikariDataSource - HikariPool-1 - Shutdown initiated...
2026-08-18 15:46:35 INFO  com.zaxxer.hikari.HikariDataSource - HikariPool-1 - Shutdown completed.
2026-08-18 15:46:49 INFO  c.e.c.T.CollaborationToolApplication - Starting CollaborationToolApplication using Java 21.0.8 with PID 4852 (C:\Abraham\Code\Eclectics\Collaboration-Tool\target\classes started by pc in C:\Abraham\Code\Eclectics\Collaboration-Tool)
2026-08-18 15:46:49 INFO  c.e.c.T.CollaborationToolApplication - The following 1 profile is active: "prod"
2026-08-18 15:46:53 INFO  o.s.d.r.c.RepositoryConfigurationDelegate - Multiple Spring Data modules found, entering strict repository configuration mode
2026-08-18 15:46:53 INFO  o.s.d.r.c.RepositoryConfigurationDelegate - Bootstrapping Spring Data JPA repositories in DEFAULT mode.
2026-08-18 15:46:54 INFO  o.s.d.r.c.RepositoryConfigurationDelegate - Finished Spring Data repository scanning in 824 ms. Found 25 JPA repository interfaces.
2026-08-18 15:46:54 INFO  o.s.d.r.c.RepositoryConfigurationDelegate - Multiple Spring Data modules found, entering strict repository configuration mode
2026-08-18 15:46:54 INFO  o.s.d.r.c.RepositoryConfigurationDelegate - Bootstrapping Spring Data Redis repositories in DEFAULT mode.
2026-08-18 15:46:54 INFO  o.s.d.r.c.RepositoryConfigurationExtensionSupport - Spring Data Redis - Could not safely identify store assignment for repository candidate interface com.eclectics.collaboration.Tool.repository.ActivityLogRepository; If you want this repository to be a Redis repository, consider annotating your entities with one of these annotations: org.springframework.data.redis.core.RedisHash (preferred), or consider extending one of the following types with your repository: org.springframework.data.keyvalue.repository.KeyValueRepository
2026-08-18 15:46:54 INFO  o.s.d.r.c.RepositoryConfigurationExtensionSupport - Spring Data Redis - Could not safely identify store assignment for repository candidate interface com.eclectics.collaboration.Tool.repository.BoardMemberRepository; If you want this repository to be a Redis repository, consider annotating your entities with one of these annotations: org.springframework.data.redis.core.RedisHash (preferred), or consider extending one of the following types with your repository: org.springframework.data.keyvalue.repository.KeyValueRepository
2026-08-18 15:46:54 INFO  o.s.d.r.c.RepositoryConfigurationExtensionSupport - Spring Data Redis - Could not safely identify store assignment for repository candidate interface com.eclectics.collaboration.Tool.repository.BoardsRepository; If you want this repository to be a Redis repository, consider annotating your entities with one of these annotations: org.springframework.data.redis.core.RedisHash (preferred), or consider extending one of the following types with your repository: org.springframework.data.keyvalue.repository.KeyValueRepository
2026-08-18 15:46:54 INFO  o.s.d.r.c.RepositoryConfigurationExtensionSupport - Spring Data Redis - Could not safely identify store assignment for repository candidate interface com.eclectics.collaboration.Tool.repository.CardAssigneeRepository; If you want this repository to be a Redis repository, consider annotating your entities with one of these annotations: org.springframework.data.redis.core.RedisHash (preferred), or consider extending one of the following types with your repository: org.springframework.data.keyvalue.repository.KeyValueRepository
2026-08-18 15:46:54 INFO  o.s.d.r.c.RepositoryConfigurationExtensionSupport - Spring Data Redis - Could not safely identify store assignment for repository candidate interface com.eclectics.collaboration.Tool.repository.CardLabelRepository; If you want this repository to be a Redis repository, consider annotating your entities with one of these annotations: org.springframework.data.redis.core.RedisHash (preferred), or consider extending one of the following types with your repository: org.springframework.data.keyvalue.repository.KeyValueRepository
2026-08-18 15:46:54 INFO  o.s.d.r.c.RepositoryConfigurationExtensionSupport - Spring Data Redis - Could not safely identify store assignment for repository candidate interface com.eclectics.collaboration.Tool.repository.CardRepository; If you want this repository to be a Redis repository, consider annotating your entities with one of these annotations: org.springframework.data.redis.core.RedisHash (preferred), or consider extending one of the following types with your repository: org.springframework.data.keyvalue.repository.KeyValueRepository
2026-08-18 15:46:54 INFO  o.s.d.r.c.RepositoryConfigurationExtensionSupport - Spring Data Redis - Could not safely identify store assignment for repository candidate interface com.eclectics.collaboration.Tool.repository.CommentMentionRepository; If you want this repository to be a Redis repository, consider annotating your entities with one of these annotations: org.springframework.data.redis.core.RedisHash (preferred), or consider extending one of the following types with your repository: org.springframework.data.keyvalue.repository.KeyValueRepository
2026-08-18 15:46:54 INFO  o.s.d.r.c.RepositoryConfigurationExtensionSupport - Spring Data Redis - Could not safely identify store assignment for repository candidate interface com.eclectics.collaboration.Tool.repository.CommentRepository; If you want this repository to be a Redis repository, consider annotating your entities with one of these annotations: org.springframework.data.redis.core.RedisHash (preferred), or consider extending one of the following types with your repository: org.springframework.data.keyvalue.repository.KeyValueRepository
2026-08-18 15:46:54 INFO  o.s.d.r.c.RepositoryConfigurationExtensionSupport - Spring Data Redis - Could not safely identify store assignment for repository candidate interface com.eclectics.collaboration.Tool.repository.DueDateReminderRepository; If you want this repository to be a Redis repository, consider annotating your entities with one of these annotations: org.springframework.data.redis.core.RedisHash (preferred), or consider extending one of the following types with your repository: org.springframework.data.keyvalue.repository.KeyValueRepository
2026-08-18 15:46:54 INFO  o.s.d.r.c.RepositoryConfigurationExtensionSupport - Spring Data Redis - Could not safely identify store assignment for repository candidate interface com.eclectics.collaboration.Tool.repository.FAQRepository; If you want this repository to be a Redis repository, consider annotating your entities with one of these annotations: org.springframework.data.redis.core.RedisHash (preferred), or consider extending one of the following types with your repository: org.springframework.data.keyvalue.repository.KeyValueRepository
2026-08-18 15:46:54 INFO  o.s.d.r.c.RepositoryConfigurationExtensionSupport - Spring Data Redis - Could not safely identify store assignment for repository candidate interface com.eclectics.collaboration.Tool.repository.InvitationRepository; If you want this repository to be a Redis repository, consider annotating your entities with one of these annotations: org.springframework.data.redis.core.RedisHash (preferred), or consider extending one of the following types with your repository: org.springframework.data.keyvalue.repository.KeyValueRepository
2026-08-18 15:46:54 INFO  o.s.d.r.c.RepositoryConfigurationExtensionSupport - Spring Data Redis - Could not safely identify store assignment for repository candidate interface com.eclectics.collaboration.Tool.repository.IssueRepository; If you want this repository to be a Redis repository, consider annotating your entities with one of these annotations: org.springframework.data.redis.core.RedisHash (preferred), or consider extending one of the following types with your repository: org.springframework.data.keyvalue.repository.KeyValueRepository
2026-08-18 15:46:54 INFO  o.s.d.r.c.RepositoryConfigurationExtensionSupport - Spring Data Redis - Could not safely identify store assignment for repository candidate interface com.eclectics.collaboration.Tool.repository.LabelRepository; If you want this repository to be a Redis repository, consider annotating your entities with one of these annotations: org.springframework.data.redis.core.RedisHash (preferred), or consider extending one of the following types with your repository: org.springframework.data.keyvalue.repository.KeyValueRepository
2026-08-18 15:46:54 INFO  o.s.d.r.c.RepositoryConfigurationExtensionSupport - Spring Data Redis - Could not safely identify store assignment for repository candidate interface com.eclectics.collaboration.Tool.repository.ListEntityRepository; If you want this repository to be a Redis repository, consider annotating your entities with one of these annotations: org.springframework.data.redis.core.RedisHash (preferred), or consider extending one of the following types with your repository: org.springframework.data.keyvalue.repository.KeyValueRepository
2026-08-18 15:46:54 INFO  o.s.d.r.c.RepositoryConfigurationExtensionSupport - Spring Data Redis - Could not safely identify store assignment for repository candidate interface com.eclectics.collaboration.Tool.repository.NotificationPreferenceRepository; If you want this repository to be a Redis repository, consider annotating your entities with one of these annotations: org.springframework.data.redis.core.RedisHash (preferred), or consider extending one of the following types with your repository: org.springframework.data.keyvalue.repository.KeyValueRepository
2026-08-18 15:46:54 INFO  o.s.d.r.c.RepositoryConfigurationExtensionSupport - Spring Data Redis - Could not safely identify store assignment for repository candidate interface com.eclectics.collaboration.Tool.repository.NotificationRepository; If you want this repository to be a Redis repository, consider annotating your entities with one of these annotations: org.springframework.data.redis.core.RedisHash (preferred), or consider extending one of the following types with your repository: org.springframework.data.keyvalue.repository.KeyValueRepository
2026-08-18 15:46:54 INFO  o.s.d.r.c.RepositoryConfigurationExtensionSupport - Spring Data Redis - Could not safely identify store assignment for repository candidate interface com.eclectics.collaboration.Tool.repository.RefreshTokenRepository; If you want this repository to be a Redis repository, consider annotating your entities with one of these annotations: org.springframework.data.redis.core.RedisHash (preferred), or consider extending one of the following types with your repository: org.springframework.data.keyvalue.repository.KeyValueRepository
2026-08-18 15:46:54 INFO  o.s.d.r.c.RepositoryConfigurationExtensionSupport - Spring Data Redis - Could not safely identify store assignment for repository candidate interface com.eclectics.collaboration.Tool.repository.StarredBoardRepository; If you want this repository to be a Redis repository, consider annotating your entities with one of these annotations: org.springframework.data.redis.core.RedisHash (preferred), or consider extending one of the following types with your repository: org.springframework.data.keyvalue.repository.KeyValueRepository
2026-08-18 15:46:54 INFO  o.s.d.r.c.RepositoryConfigurationExtensionSupport - Spring Data Redis - Could not safely identify store assignment for repository candidate interface com.eclectics.collaboration.Tool.repository.StarredWorkspaceRepository; If you want this repository to be a Redis repository, consider annotating your entities with one of these annotations: org.springframework.data.redis.core.RedisHash (preferred), or consider extending one of the following types with your repository: org.springframework.data.keyvalue.repository.KeyValueRepository
2026-08-18 15:46:54 INFO  o.s.d.r.c.RepositoryConfigurationExtensionSupport - Spring Data Redis - Could not safely identify store assignment for repository candidate interface com.eclectics.collaboration.Tool.repository.SystemConfigRepository; If you want this repository to be a Redis repository, consider annotating your entities with one of these annotations: org.springframework.data.redis.core.RedisHash (preferred), or consider extending one of the following types with your repository: org.springframework.data.keyvalue.repository.KeyValueRepository
2026-08-18 15:46:54 INFO  o.s.d.r.c.RepositoryConfigurationExtensionSupport - Spring Data Redis - Could not safely identify store assignment for repository candidate interface com.eclectics.collaboration.Tool.repository.TalkRepository; If you want this repository to be a Redis repository, consider annotating your entities with one of these annotations: org.springframework.data.redis.core.RedisHash (preferred), or consider extending one of the following types with your repository: org.springframework.data.keyvalue.repository.KeyValueRepository
2026-08-18 15:46:54 INFO  o.s.d.r.c.RepositoryConfigurationExtensionSupport - Spring Data Redis - Could not safely identify store assignment for repository candidate interface com.eclectics.collaboration.Tool.repository.UserRecentBoardRepository; If you want this repository to be a Redis repository, consider annotating your entities with one of these annotations: org.springframework.data.redis.core.RedisHash (preferred), or consider extending one of the following types with your repository: org.springframework.data.keyvalue.repository.KeyValueRepository
2026-08-18 15:46:54 INFO  o.s.d.r.c.RepositoryConfigurationExtensionSupport - Spring Data Redis - Could not safely identify store assignment for repository candidate interface com.eclectics.collaboration.Tool.repository.UserRespository; If you want this repository to be a Redis repository, consider annotating your entities with one of these annotations: org.springframework.data.redis.core.RedisHash (preferred), or consider extending one of the following types with your repository: org.springframework.data.keyvalue.repository.KeyValueRepository
2026-08-18 15:46:54 INFO  o.s.d.r.c.RepositoryConfigurationExtensionSupport - Spring Data Redis - Could not safely identify store assignment for repository candidate interface com.eclectics.collaboration.Tool.repository.WorkSpaceMemberRepository; If you want this repository to be a Redis repository, consider annotating your entities with one of these annotations: org.springframework.data.redis.core.RedisHash (preferred), or consider extending one of the following types with your repository: org.springframework.data.keyvalue.repository.KeyValueRepository
2026-08-18 15:46:54 INFO  o.s.d.r.c.RepositoryConfigurationExtensionSupport - Spring Data Redis - Could not safely identify store assignment for repository candidate interface com.eclectics.collaboration.Tool.repository.WorkSpaceReposiroty; If you want this repository to be a Redis repository, consider annotating your entities with one of these annotations: org.springframework.data.redis.core.RedisHash (preferred), or consider extending one of the following types with your repository: org.springframework.data.keyvalue.repository.KeyValueRepository
2026-08-18 15:46:54 INFO  o.s.d.r.c.RepositoryConfigurationDelegate - Finished Spring Data repository scanning in 120 ms. Found 0 Redis repository interfaces.
2026-08-18 15:46:57 INFO  o.s.boot.tomcat.TomcatWebServer - Tomcat initialized with port 8084 (http)
2026-08-18 15:46:57 INFO  o.a.coyote.http11.Http11NioProtocol - Initializing ProtocolHandler ["http-nio-0.0.0.0-8084"]
2026-08-18 15:46:57 INFO  o.a.catalina.core.StandardService - Starting service [Tomcat]
2026-08-18 15:46:57 INFO  o.a.catalina.core.StandardEngine - Starting Servlet engine: [Apache Tomcat/11.0.15]
2026-08-18 15:46:58 INFO  o.s.b.w.c.s.WebApplicationContextInitializer - Root WebApplicationContext: initialization completed in 8531 ms
2026-08-18 15:46:58 INFO  com.zaxxer.hikari.HikariDataSource - HikariPool-1 - Starting...
2026-08-18 15:46:59 INFO  com.zaxxer.hikari.pool.HikariPool - HikariPool-1 - Added connection org.postgresql.jdbc.PgConnection@3c6fb501
2026-08-18 15:46:59 INFO  com.zaxxer.hikari.HikariDataSource - HikariPool-1 - Start completed.
2026-08-18 15:46:59 INFO  org.hibernate.orm.jpa - HHH008540: Processing PersistenceUnitInfo [name: default]
2026-08-18 15:47:00 INFO  org.hibernate.orm.core - HHH000001: Hibernate ORM core version 7.2.1.Final
2026-08-18 15:47:02 INFO  o.s.o.j.p.SpringPersistenceUnitInfo - No LoadTimeWeaver setup: ignoring JPA class transformer
2026-08-18 15:47:02 INFO  o.hibernate.orm.connections.pooling - HHH10001005: Database info:
	Database JDBC URL [jdbc:postgresql://localhost:5432/collaborationTool]
	Database driver: PostgreSQL JDBC Driver
	Database dialect: PostgreSQLDialect
	Database version: 17.6
	Default catalog/schema: collaborationTool/public
	Autocommit mode: undefined/unknown
	Isolation level: READ_COMMITTED [default READ_COMMITTED]
	JDBC fetch size: none
	Pool: DataSourceConnectionProvider
	Minimum pool size: undefined/unknown
	Maximum pool size: undefined/unknown
2026-08-18 15:47:05 INFO  org.hibernate.orm.core - HHH000489: No JTA platform available (set 'hibernate.transaction.jta.platform' to enable JTA platform integration)
2026-08-18 15:47:06 INFO  o.s.o.j.LocalContainerEntityManagerFactoryBean - Initialized JPA EntityManagerFactory for persistence unit 'default'
2026-08-18 15:47:06 INFO  o.s.d.j.r.q.QueryEnhancerFactories - Hibernate is in classpath; If applicable, HQL parser will be used.
2026-08-18 15:47:17 WARN  o.s.b.j.a.JpaBaseConfiguration$JpaWebConfiguration - spring.jpa.open-in-view is enabled by default. Therefore, database queries may be performed during view rendering. Explicitly configure spring.jpa.open-in-view to disable this warning
2026-08-18 15:47:19 INFO  o.s.v.b.OptionalValidatorFactoryBean - Failed to set up a Bean Validation provider: jakarta.validation.NoProviderFoundException: Unable to create a Configuration, because no Jakarta Validation provider could be found. Add a provider like Hibernate Validator (RI) to your classpath.
2026-08-18 15:47:21 INFO  o.s.m.s.b.SimpleBrokerMessageHandler - Starting...
2026-08-18 15:47:21 INFO  o.s.m.s.b.SimpleBrokerMessageHandler - BrokerAvailabilityEvent[available=true, SimpleBrokerMessageHandler [org.springframework.messaging.simp.broker.DefaultSubscriptionRegistry@27f8fdfb]]
2026-08-18 15:47:21 INFO  o.s.m.s.b.SimpleBrokerMessageHandler - Started.
2026-08-18 15:47:21 INFO  o.a.coyote.http11.Http11NioProtocol - Starting ProtocolHandler ["http-nio-0.0.0.0-8084"]
2026-08-18 15:47:21 INFO  o.s.boot.tomcat.TomcatWebServer - Tomcat started on port 8084 (http) with context path '/'
2026-08-18 15:47:21 INFO  c.e.c.T.CollaborationToolApplication - Started CollaborationToolApplication in 35.329 seconds (process running for 37.716)
2026-08-18 15:47:22 INFO  c.e.c.Tool.configuration.AdminSeeder - >>> Admin already exists, skipping: nthengeabraham952@gmail.com
2026-08-18 15:47:22 INFO  c.e.c.Tool.configuration.AdminSeeder - >>> Admin already exists, skipping: chepkemoisheilah794@gmail.com
2026-08-18 15:47:31 INFO  o.a.c.c.C.[Tomcat].[localhost].[/] - Initializing Spring DispatcherServlet 'dispatcherServlet'
2026-08-18 15:47:31 INFO  o.s.web.servlet.DispatcherServlet - Initializing Servlet 'dispatcherServlet'
2026-08-18 15:47:31 INFO  o.s.web.servlet.DispatcherServlet - Completed initialization in 5 ms
2026-08-18 15:47:31 INFO  c.e.c.Tool.security.RateLimitFilter - Request from IP: 10.235.148.185 | URI: /issues/active | Tokens remaining: 50
2026-08-18 15:47:37 INFO  c.e.c.Tool.security.RateLimitFilter - Request from IP: 10.235.148.185 | URI: /user/login | Tokens remaining: 50
2026-08-18 15:47:40 INFO  c.e.c.Tool.security.RateLimitFilter - Request from IP: 10.235.148.185 | URI: /workspace/my-workspaces | Tokens remaining: 50
2026-08-18 15:47:40 INFO  c.e.c.Tool.security.RateLimitFilter - Request from IP: 10.235.148.185 | URI: /user/recent-boards | Tokens remaining: 49
2026-08-18 15:47:40 INFO  c.e.c.Tool.security.RateLimitFilter - Request from IP: 10.235.148.185 | URI: /user/scratchpad | Tokens remaining: 48
2026-08-18 15:47:40 INFO  c.e.c.Tool.security.RateLimitFilter - Request from IP: 10.235.148.185 | URI: /boards/starred | Tokens remaining: 47
2026-08-18 15:47:40 INFO  c.e.c.Tool.security.RateLimitFilter - Request from IP: 10.235.148.185 | URI: /workspace/starred | Tokens remaining: 46
2026-08-18 15:47:40 INFO  c.e.c.Tool.security.RateLimitFilter - Request from IP: 10.235.148.185 | URI: /user/notifications/unread-count | Tokens remaining: 45
2026-08-18 15:47:49 ERROR c.e.c.T.e.CollaborationExceptionHandler - Unexpected error occurred: EL1004E: Method call: Method getCurrentUserId(null) cannot be found on type com.eclectics.collaboration.Tool.service.Impl.WorkSpaceServiceImpl
org.springframework.expression.spel.SpelEvaluationException: EL1004E: Method call: Method getCurrentUserId(null) cannot be found on type com.eclectics.collaboration.Tool.service.Impl.WorkSpaceServiceImpl
	at org.springframework.expression.spel.ast.MethodReference.getValueInternal(MethodReference.java:214)
	at org.springframework.expression.spel.ast.MethodReference$MethodValueRef.getValue(MethodReference.java:453)
	at org.springframework.expression.spel.ast.CompoundExpression.getValueInternal(CompoundExpression.java:97)
	at org.springframework.expression.spel.ast.SpelNodeImpl.getValue(SpelNodeImpl.java:114)
	at org.springframework.expression.spel.standard.SpelExpression.getValue(SpelExpression.java:267)
	at org.springframework.cache.interceptor.CacheOperationExpressionEvaluator.key(CacheOperationExpressionEvaluator.java:106)
	at org.springframework.cache.interceptor.CacheAspectSupport$CacheOperationContext.generateKey(CacheAspectSupport.java:950)
	at org.springframework.cache.interceptor.CacheAspectSupport.generateKey(CacheAspectSupport.java:743)
	at org.springframework.cache.interceptor.CacheAspectSupport.findCachedValue(CacheAspectSupport.java:512)
	at org.springframework.cache.interceptor.CacheAspectSupport.execute(CacheAspectSupport.java:438)
	at org.springframework.cache.interceptor.CacheAspectSupport.execute(CacheAspectSupport.java:404)
	at org.springframework.cache.interceptor.CacheInterceptor.invoke(CacheInterceptor.java:64)
	at org.springframework.aop.framework.ReflectiveMethodInvocation.proceed(ReflectiveMethodInvocation.java:179)
	at org.springframework.aop.framework.CglibAopProxy$DynamicAdvisedInterceptor.intercept(CglibAopProxy.java:719)
	at com.eclectics.collaboration.Tool.service.Impl.WorkSpaceServiceImpl$$SpringCGLIB$$0.myWorkspaces(<generated>)
	at com.eclectics.collaboration.Tool.controller.WorkSpaceController.getMyWorkspaces(WorkSpaceController.java:119)
	at java.base/jdk.internal.reflect.DirectMethodHandleAccessor.invoke(DirectMethodHandleAccessor.java:103)
	at java.base/java.lang.reflect.Method.invoke(Method.java:580)
	at org.springframework.web.method.support.InvocableHandlerMethod.doInvoke(InvocableHandlerMethod.java:258)
	at org.springframework.web.method.support.InvocableHandlerMethod.invokeForRequest(InvocableHandlerMethod.java:190)
	at org.springframework.web.servlet.mvc.method.annotation.ServletInvocableHandlerMethod.invokeAndHandle(ServletInvocableHandlerMethod.java:117)
	at org.springframework.web.servlet.mvc.method.annotation.RequestMappingHandlerAdapter.invokeHandlerMethod(RequestMappingHandlerAdapter.java:934)
	at org.springframework.web.servlet.mvc.method.annotation.RequestMappingHandlerAdapter.handleInternal(RequestMappingHandlerAdapter.java:853)
	at org.springframework.web.servlet.mvc.method.AbstractHandlerMethodAdapter.handle(AbstractHandlerMethodAdapter.java:86)
	at org.springframework.web.servlet.DispatcherServlet.doDispatch(DispatcherServlet.java:963)
	at org.springframework.web.servlet.DispatcherServlet.doService(DispatcherServlet.java:866)
	at org.springframework.web.servlet.FrameworkServlet.processRequest(FrameworkServlet.java:1003)
	at org.springframework.web.servlet.FrameworkServlet.doGet(FrameworkServlet.java:892)
	at jakarta.servlet.http.HttpServlet.service(HttpServlet.java:622)
	at org.springframework.web.servlet.FrameworkServlet.service(FrameworkServlet.java:874)
	at jakarta.servlet.http.HttpServlet.service(HttpServlet.java:710)
	at org.apache.catalina.core.ApplicationFilterChain.doFilter(ApplicationFilterChain.java:128)
	at org.apache.tomcat.websocket.server.WsFilter.doFilter(WsFilter.java:53)
	at org.apache.catalina.core.ApplicationFilterChain.doFilter(ApplicationFilterChain.java:107)
	at org.springframework.web.filter.OncePerRequestFilter.doFilter(OncePerRequestFilter.java:110)
	at org.apache.catalina.core.ApplicationFilterChain.doFilter(ApplicationFilterChain.java:107)
	at org.springframework.web.filter.OncePerRequestFilter.doFilter(OncePerRequestFilter.java:110)
	at org.apache.catalina.core.ApplicationFilterChain.doFilter(ApplicationFilterChain.java:107)
	at org.springframework.web.filter.CompositeFilter$VirtualFilterChain.doFilter(CompositeFilter.java:108)
	at org.springframework.security.web.FilterChainProxy.lambda$doFilterInternal$3(FilterChainProxy.java:235)
	at org.springframework.security.web.FilterChainProxy$VirtualFilterChain.doFilter(FilterChainProxy.java:371)
	at org.springframework.security.web.access.intercept.AuthorizationFilter.doFilter(AuthorizationFilter.java:101)
	at org.springframework.security.web.FilterChainProxy$VirtualFilterChain.doFilter(FilterChainProxy.java:380)
	at org.springframework.security.web.access.ExceptionTranslationFilter.doFilter(ExceptionTranslationFilter.java:126)
	at org.springframework.security.web.access.ExceptionTranslationFilter.doFilter(ExceptionTranslationFilter.java:120)
	at org.springframework.security.web.FilterChainProxy$VirtualFilterChain.doFilter(FilterChainProxy.java:380)
	at org.springframework.security.web.session.SessionManagementFilter.doFilter(SessionManagementFilter.java:132)
	at org.springframework.security.web.session.SessionManagementFilter.doFilter(SessionManagementFilter.java:86)
	at org.springframework.security.web.FilterChainProxy$VirtualFilterChain.doFilter(FilterChainProxy.java:380)
	at org.springframework.security.web.authentication.AnonymousAuthenticationFilter.doFilter(AnonymousAuthenticationFilter.java:100)
	at org.springframework.security.web.FilterChainProxy$VirtualFilterChain.doFilter(FilterChainProxy.java:380)
	at org.springframework.security.web.servletapi.SecurityContextHolderAwareRequestFilter.doFilter(SecurityContextHolderAwareRequestFilter.java:181)
	at org.springframework.security.web.FilterChainProxy$VirtualFilterChain.doFilter(FilterChainProxy.java:380)
	at org.springframework.security.web.savedrequest.RequestCacheAwareFilter.doFilter(RequestCacheAwareFilter.java:63)
	at org.springframework.security.web.FilterChainProxy$VirtualFilterChain.doFilter(FilterChainProxy.java:380)
	at com.eclectics.collaboration.Tool.security.JwtFilter.doFilterInternal(JwtFilter.java:85)
	at org.springframework.web.filter.OncePerRequestFilter.doFilter(OncePerRequestFilter.java:116)
	at org.springframework.security.web.FilterChainProxy$VirtualFilterChain.doFilter(FilterChainProxy.java:380)
	at com.eclectics.collaboration.Tool.security.RateLimitFilter.doFilterInternal(RateLimitFilter.java:50)
	at org.springframework.web.filter.OncePerRequestFilter.doFilter(OncePerRequestFilter.java:116)
	at org.springframework.security.web.FilterChainProxy$VirtualFilterChain.doFilter(FilterChainProxy.java:380)
	at org.springframework.security.web.authentication.logout.LogoutFilter.doFilter(LogoutFilter.java:110)
	at org.springframework.security.web.authentication.logout.LogoutFilter.doFilter(LogoutFilter.java:96)
	at org.springframework.security.web.FilterChainProxy$VirtualFilterChain.doFilter(FilterChainProxy.java:380)
	at org.springframework.web.filter.CorsFilter.doFilterInternal(CorsFilter.java:91)
	at org.springframework.web.filter.OncePerRequestFilter.doFilter(OncePerRequestFilter.java:116)
	at org.springframework.security.web.FilterChainProxy$VirtualFilterChain.doFilter(FilterChainProxy.java:380)
	at org.springframework.security.web.header.HeaderWriterFilter.doHeadersAfter(HeaderWriterFilter.java:90)
	at org.springframework.security.web.header.HeaderWriterFilter.doFilterInternal(HeaderWriterFilter.java:75)
	at org.springframework.web.filter.OncePerRequestFilter.doFilter(OncePerRequestFilter.java:116)
	at org.springframework.security.web.FilterChainProxy$VirtualFilterChain.doFilter(FilterChainProxy.java:380)
	at org.springframework.security.web.context.SecurityContextHolderFilter.doFilter(SecurityContextHolderFilter.java:82)
	at org.springframework.security.web.context.SecurityContextHolderFilter.doFilter(SecurityContextHolderFilter.java:69)
	at org.springframework.security.web.FilterChainProxy$VirtualFilterChain.doFilter(FilterChainProxy.java:380)
	at org.springframework.security.web.context.request.async.WebAsyncManagerIntegrationFilter.doFilterInternal(WebAsyncManagerIntegrationFilter.java:62)
	at org.springframework.web.filter.OncePerRequestFilter.doFilter(OncePerRequestFilter.java:116)
	at org.springframework.security.web.FilterChainProxy$VirtualFilterChain.doFilter(FilterChainProxy.java:380)
	at org.springframework.security.web.session.DisableEncodeUrlFilter.doFilterInternal(DisableEncodeUrlFilter.java:42)
	at org.springframework.web.filter.OncePerRequestFilter.doFilter(OncePerRequestFilter.java:116)
	at org.springframework.security.web.FilterChainProxy$VirtualFilterChain.doFilter(FilterChainProxy.java:380)
	at org.springframework.security.web.FilterChainProxy.doFilterInternal(FilterChainProxy.java:237)
	at org.springframework.security.web.FilterChainProxy.doFilter(FilterChainProxy.java:195)
	at org.springframework.web.filter.CompositeFilter$VirtualFilterChain.doFilter(CompositeFilter.java:113)
	at org.springframework.web.filter.ServletRequestPathFilter.doFilter(ServletRequestPathFilter.java:52)
	at org.springframework.web.filter.CompositeFilter$VirtualFilterChain.doFilter(CompositeFilter.java:113)
	at org.springframework.web.filter.CompositeFilter.doFilter(CompositeFilter.java:74)
	at org.springframework.security.config.annotation.web.configuration.WebSecurityConfiguration$CompositeFilterChainProxy.doFilter(WebSecurityConfiguration.java:317)
	at org.springframework.web.filter.DelegatingFilterProxy.invokeDelegate(DelegatingFilterProxy.java:355)
	at org.springframework.web.filter.DelegatingFilterProxy.doFilter(DelegatingFilterProxy.java:272)
	at org.apache.catalina.core.ApplicationFilterChain.doFilter(ApplicationFilterChain.java:107)
	at org.springframework.web.filter.RequestContextFilter.doFilterInternal(RequestContextFilter.java:100)
	at org.springframework.web.filter.OncePerRequestFilter.doFilter(OncePerRequestFilter.java:116)
	at org.apache.catalina.core.ApplicationFilterChain.doFilter(ApplicationFilterChain.java:107)
	at org.springframework.web.filter.FormContentFilter.doFilterInternal(FormContentFilter.java:93)
	at org.springframework.web.filter.OncePerRequestFilter.doFilter(OncePerRequestFilter.java:116)
	at org.apache.catalina.core.ApplicationFilterChain.doFilter(ApplicationFilterChain.java:107)
	at org.springframework.session.web.http.SessionRepositoryFilter.doFilterInternal(SessionRepositoryFilter.java:142)
	at org.springframework.session.web.http.OncePerRequestFilter.doFilter(OncePerRequestFilter.java:82)
	at org.springframework.web.filter.DelegatingFilterProxy.invokeDelegate(DelegatingFilterProxy.java:355)
	at org.springframework.web.filter.DelegatingFilterProxy.doFilter(DelegatingFilterProxy.java:272)
	at org.apache.catalina.core.ApplicationFilterChain.doFilter(ApplicationFilterChain.java:107)
	at org.springframework.web.filter.CharacterEncodingFilter.doFilterInternal(CharacterEncodingFilter.java:199)
	at org.springframework.web.filter.OncePerRequestFilter.doFilter(OncePerRequestFilter.java:116)
	at org.apache.catalina.core.ApplicationFilterChain.doFilter(ApplicationFilterChain.java:107)
	at org.apache.catalina.core.StandardWrapperValve.invoke(StandardWrapperValve.java:165)
	at org.apache.catalina.core.StandardContextValve.invoke(StandardContextValve.java:77)
	at org.apache.catalina.authenticator.AuthenticatorBase.invoke(AuthenticatorBase.java:482)
	at org.apache.catalina.core.StandardHostValve.invoke(StandardHostValve.java:113)
	at org.apache.catalina.valves.ErrorReportValve.invoke(ErrorReportValve.java:83)
	at org.apache.catalina.core.StandardEngineValve.invoke(StandardEngineValve.java:72)
	at org.apache.catalina.connector.CoyoteAdapter.service(CoyoteAdapter.java:341)
	at org.apache.coyote.http11.Http11Processor.service(Http11Processor.java:397)
	at org.apache.coyote.AbstractProcessorLight.process(AbstractProcessorLight.java:63)
	at org.apache.coyote.AbstractProtocol$ConnectionHandler.process(AbstractProtocol.java:903)
	at org.apache.tomcat.util.net.NioEndpoint$SocketProcessor.doRun(NioEndpoint.java:1778)
	at org.apache.tomcat.util.net.SocketProcessorBase.run(SocketProcessorBase.java:52)
	at org.apache.tomcat.util.threads.ThreadPoolExecutor.runWorker(ThreadPoolExecutor.java:946)
	at org.apache.tomcat.util.threads.ThreadPoolExecutor$Worker.run(ThreadPoolExecutor.java:480)
	at org.apache.tomcat.util.threads.TaskThread$WrappingRunnable.run(TaskThread.java:57)
	at java.base/java.lang.Thread.run(Thread.java:1583)
2026-08-18 15:47:55 INFO  c.e.c.Tool.security.RateLimitFilter - Request from IP: 10.235.148.185 | URI: /issues/active | Tokens remaining: 50
2026-08-18 15:48:02 INFO  c.e.c.Tool.security.RateLimitFilter - Request from IP: 10.235.148.185 | URI: /user/login | Tokens remaining: 50
2026-08-18 15:48:02 INFO  c.e.c.Tool.security.RateLimitFilter - Request from IP: 10.235.148.185 | URI: /workspace/my-workspaces | Tokens remaining: 49
2026-08-18 15:48:03 INFO  c.e.c.Tool.security.RateLimitFilter - Request from IP: 10.235.148.185 | URI: /user/scratchpad | Tokens remaining: 48
2026-08-18 15:48:03 INFO  c.e.c.Tool.security.RateLimitFilter - Request from IP: 10.235.148.185 | URI: /user/recent-boards | Tokens remaining: 47
2026-08-18 15:48:03 INFO  c.e.c.Tool.security.RateLimitFilter - Request from IP: 10.235.148.185 | URI: /boards/starred | Tokens remaining: 46
2026-08-18 15:48:03 INFO  c.e.c.Tool.security.RateLimitFilter - Request from IP: 10.235.148.185 | URI: /workspace/starred | Tokens remaining: 45
2026-08-18 15:48:03 INFO  c.e.c.Tool.security.RateLimitFilter - Request from IP: 10.235.148.185 | URI: /user/notifications/unread-count | Tokens remaining: 44
2026-08-18 15:48:03 ERROR c.e.c.T.e.CollaborationExceptionHandler - Unexpected error occurred: EL1004E: Method call: Method getCurrentUserId(null) cannot be found on type com.eclectics.collaboration.Tool.service.Impl.WorkSpaceServiceImpl
org.springframework.expression.spel.SpelEvaluationException: EL1004E: Method call: Method getCurrentUserId(null) cannot be found on type com.eclectics.collaboration.Tool.service.Impl.WorkSpaceServiceImpl
	at org.springframework.expression.spel.ast.MethodReference.getValueInternal(MethodReference.java:214)
	at org.springframework.expression.spel.ast.MethodReference$MethodValueRef.getValue(MethodReference.java:453)
	at org.springframework.expression.spel.ast.CompoundExpression.getValueInternal(CompoundExpression.java:97)
	at org.springframework.expression.spel.ast.SpelNodeImpl.getValue(SpelNodeImpl.java:114)
	at org.springframework.expression.spel.standard.SpelExpression.getValue(SpelExpression.java:267)
	at org.springframework.cache.interceptor.CacheOperationExpressionEvaluator.key(CacheOperationExpressionEvaluator.java:106)
	at org.springframework.cache.interceptor.CacheAspectSupport$CacheOperationContext.generateKey(CacheAspectSupport.java:950)
	at org.springframework.cache.interceptor.CacheAspectSupport.generateKey(CacheAspectSupport.java:743)
	at org.springframework.cache.interceptor.CacheAspectSupport.findCachedValue(CacheAspectSupport.java:512)
	at org.springframework.cache.interceptor.CacheAspectSupport.execute(CacheAspectSupport.java:438)
	at org.springframework.cache.interceptor.CacheAspectSupport.execute(CacheAspectSupport.java:404)
	at org.springframework.cache.interceptor.CacheInterceptor.invoke(CacheInterceptor.java:64)
	at org.springframework.aop.framework.ReflectiveMethodInvocation.proceed(ReflectiveMethodInvocation.java:179)
	at org.springframework.aop.framework.CglibAopProxy$DynamicAdvisedInterceptor.intercept(CglibAopProxy.java:719)
	at com.eclectics.collaboration.Tool.service.Impl.WorkSpaceServiceImpl$$SpringCGLIB$$0.myWorkspaces(<generated>)
	at com.eclectics.collaboration.Tool.controller.WorkSpaceController.getMyWorkspaces(WorkSpaceController.java:119)
	at java.base/jdk.internal.reflect.DirectMethodHandleAccessor.invoke(DirectMethodHandleAccessor.java:103)
	at java.base/java.lang.reflect.Method.invoke(Method.java:580)
	at org.springframework.web.method.support.InvocableHandlerMethod.doInvoke(InvocableHandlerMethod.java:258)
	at org.springframework.web.method.support.InvocableHandlerMethod.invokeForRequest(InvocableHandlerMethod.java:190)
	at org.springframework.web.servlet.mvc.method.annotation.ServletInvocableHandlerMethod.invokeAndHandle(ServletInvocableHandlerMethod.java:117)
	at org.springframework.web.servlet.mvc.method.annotation.RequestMappingHandlerAdapter.invokeHandlerMethod(RequestMappingHandlerAdapter.java:934)
	at org.springframework.web.servlet.mvc.method.annotation.RequestMappingHandlerAdapter.handleInternal(RequestMappingHandlerAdapter.java:853)
	at org.springframework.web.servlet.mvc.method.AbstractHandlerMethodAdapter.handle(AbstractHandlerMethodAdapter.java:86)
	at org.springframework.web.servlet.DispatcherServlet.doDispatch(DispatcherServlet.java:963)
	at org.springframework.web.servlet.DispatcherServlet.doService(DispatcherServlet.java:866)
	at org.springframework.web.servlet.FrameworkServlet.processRequest(FrameworkServlet.java:1003)
	at org.springframework.web.servlet.FrameworkServlet.doGet(FrameworkServlet.java:892)
	at jakarta.servlet.http.HttpServlet.service(HttpServlet.java:622)
	at org.springframework.web.servlet.FrameworkServlet.service(FrameworkServlet.java:874)
	at jakarta.servlet.http.HttpServlet.service(HttpServlet.java:710)
	at org.apache.catalina.core.ApplicationFilterChain.doFilter(ApplicationFilterChain.java:128)
	at org.apache.tomcat.websocket.server.WsFilter.doFilter(WsFilter.java:53)
	at org.apache.catalina.core.ApplicationFilterChain.doFilter(ApplicationFilterChain.java:107)
	at org.springframework.web.filter.OncePerRequestFilter.doFilter(OncePerRequestFilter.java:110)
	at org.apache.catalina.core.ApplicationFilterChain.doFilter(ApplicationFilterChain.java:107)
	at org.springframework.web.filter.OncePerRequestFilter.doFilter(OncePerRequestFilter.java:110)
	at org.apache.catalina.core.ApplicationFilterChain.doFilter(ApplicationFilterChain.java:107)
	at org.springframework.web.filter.CompositeFilter$VirtualFilterChain.doFilter(CompositeFilter.java:108)
	at org.springframework.security.web.FilterChainProxy.lambda$doFilterInternal$3(FilterChainProxy.java:235)
	at org.springframework.security.web.FilterChainProxy$VirtualFilterChain.doFilter(FilterChainProxy.java:371)
	at org.springframework.security.web.access.intercept.AuthorizationFilter.doFilter(AuthorizationFilter.java:101)
	at org.springframework.security.web.FilterChainProxy$VirtualFilterChain.doFilter(FilterChainProxy.java:380)
	at org.springframework.security.web.access.ExceptionTranslationFilter.doFilter(ExceptionTranslationFilter.java:126)
	at org.springframework.security.web.access.ExceptionTranslationFilter.doFilter(ExceptionTranslationFilter.java:120)
	at org.springframework.security.web.FilterChainProxy$VirtualFilterChain.doFilter(FilterChainProxy.java:380)
	at org.springframework.security.web.session.SessionManagementFilter.doFilter(SessionManagementFilter.java:132)
	at org.springframework.security.web.session.SessionManagementFilter.doFilter(SessionManagementFilter.java:86)
	at org.springframework.security.web.FilterChainProxy$VirtualFilterChain.doFilter(FilterChainProxy.java:380)
	at org.springframework.security.web.authentication.AnonymousAuthenticationFilter.doFilter(AnonymousAuthenticationFilter.java:100)
	at org.springframework.security.web.FilterChainProxy$VirtualFilterChain.doFilter(FilterChainProxy.java:380)
	at org.springframework.security.web.servletapi.SecurityContextHolderAwareRequestFilter.doFilter(SecurityContextHolderAwareRequestFilter.java:181)
	at org.springframework.security.web.FilterChainProxy$VirtualFilterChain.doFilter(FilterChainProxy.java:380)
	at org.springframework.security.web.savedrequest.RequestCacheAwareFilter.doFilter(RequestCacheAwareFilter.java:63)
	at org.springframework.security.web.FilterChainProxy$VirtualFilterChain.doFilter(FilterChainProxy.java:380)
	at com.eclectics.collaboration.Tool.security.JwtFilter.doFilterInternal(JwtFilter.java:85)
	at org.springframework.web.filter.OncePerRequestFilter.doFilter(OncePerRequestFilter.java:116)
	at org.springframework.security.web.FilterChainProxy$VirtualFilterChain.doFilter(FilterChainProxy.java:380)
	at com.eclectics.collaboration.Tool.security.RateLimitFilter.doFilterInternal(RateLimitFilter.java:50)
	at org.springframework.web.filter.OncePerRequestFilter.doFilter(OncePerRequestFilter.java:116)
	at org.springframework.security.web.FilterChainProxy$VirtualFilterChain.doFilter(FilterChainProxy.java:380)
	at org.springframework.security.web.authentication.logout.LogoutFilter.doFilter(LogoutFilter.java:110)
	at org.springframework.security.web.authentication.logout.LogoutFilter.doFilter(LogoutFilter.java:96)
	at org.springframework.security.web.FilterChainProxy$VirtualFilterChain.doFilter(FilterChainProxy.java:380)
	at org.springframework.web.filter.CorsFilter.doFilterInternal(CorsFilter.java:91)
	at org.springframework.web.filter.OncePerRequestFilter.doFilter(OncePerRequestFilter.java:116)
	at org.springframework.security.web.FilterChainProxy$VirtualFilterChain.doFilter(FilterChainProxy.java:380)
	at org.springframework.security.web.header.HeaderWriterFilter.doHeadersAfter(HeaderWriterFilter.java:90)
	at org.springframework.security.web.header.HeaderWriterFilter.doFilterInternal(HeaderWriterFilter.java:75)
	at org.springframework.web.filter.OncePerRequestFilter.doFilter(OncePerRequestFilter.java:116)
	at org.springframework.security.web.FilterChainProxy$VirtualFilterChain.doFilter(FilterChainProxy.java:380)
	at org.springframework.security.web.context.SecurityContextHolderFilter.doFilter(SecurityContextHolderFilter.java:82)
	at org.springframework.security.web.context.SecurityContextHolderFilter.doFilter(SecurityContextHolderFilter.java:69)
	at org.springframework.security.web.FilterChainProxy$VirtualFilterChain.doFilter(FilterChainProxy.java:380)
	at org.springframework.security.web.context.request.async.WebAsyncManagerIntegrationFilter.doFilterInternal(WebAsyncManagerIntegrationFilter.java:62)
	at org.springframework.web.filter.OncePerRequestFilter.doFilter(OncePerRequestFilter.java:116)
	at org.springframework.security.web.FilterChainProxy$VirtualFilterChain.doFilter(FilterChainProxy.java:380)
	at org.springframework.security.web.session.DisableEncodeUrlFilter.doFilterInternal(DisableEncodeUrlFilter.java:42)
	at org.springframework.web.filter.OncePerRequestFilter.doFilter(OncePerRequestFilter.java:116)
	at org.springframework.security.web.FilterChainProxy$VirtualFilterChain.doFilter(FilterChainProxy.java:380)
	at org.springframework.security.web.FilterChainProxy.doFilterInternal(FilterChainProxy.java:237)
	at org.springframework.security.web.FilterChainProxy.doFilter(FilterChainProxy.java:195)
	at org.springframework.web.filter.CompositeFilter$VirtualFilterChain.doFilter(CompositeFilter.java:113)
	at org.springframework.web.filter.ServletRequestPathFilter.doFilter(ServletRequestPathFilter.java:52)
	at org.springframework.web.filter.CompositeFilter$VirtualFilterChain.doFilter(CompositeFilter.java:113)
	at org.springframework.web.filter.CompositeFilter.doFilter(CompositeFilter.java:74)
	at org.springframework.security.config.annotation.web.configuration.WebSecurityConfiguration$CompositeFilterChainProxy.doFilter(WebSecurityConfiguration.java:317)
	at org.springframework.web.filter.DelegatingFilterProxy.invokeDelegate(DelegatingFilterProxy.java:355)
	at org.springframework.web.filter.DelegatingFilterProxy.doFilter(DelegatingFilterProxy.java:272)
	at org.apache.catalina.core.ApplicationFilterChain.doFilter(ApplicationFilterChain.java:107)
	at org.springframework.web.filter.RequestContextFilter.doFilterInternal(RequestContextFilter.java:100)
	at org.springframework.web.filter.OncePerRequestFilter.doFilter(OncePerRequestFilter.java:116)
	at org.apache.catalina.core.ApplicationFilterChain.doFilter(ApplicationFilterChain.java:107)
	at org.springframework.web.filter.FormContentFilter.doFilterInternal(FormContentFilter.java:93)
	at org.springframework.web.filter.OncePerRequestFilter.doFilter(OncePerRequestFilter.java:116)
	at org.apache.catalina.core.ApplicationFilterChain.doFilter(ApplicationFilterChain.java:107)
	at org.springframework.session.web.http.SessionRepositoryFilter.doFilterInternal(SessionRepositoryFilter.java:142)
	at org.springframework.session.web.http.OncePerRequestFilter.doFilter(OncePerRequestFilter.java:82)
	at org.springframework.web.filter.DelegatingFilterProxy.invokeDelegate(DelegatingFilterProxy.java:355)
	at org.springframework.web.filter.DelegatingFilterProxy.doFilter(DelegatingFilterProxy.java:272)
	at org.apache.catalina.core.ApplicationFilterChain.doFilter(ApplicationFilterChain.java:107)
	at org.springframework.web.filter.CharacterEncodingFilter.doFilterInternal(CharacterEncodingFilter.java:199)
	at org.springframework.web.filter.OncePerRequestFilter.doFilter(OncePerRequestFilter.java:116)
	at org.apache.catalina.core.ApplicationFilterChain.doFilter(ApplicationFilterChain.java:107)
	at org.apache.catalina.core.StandardWrapperValve.invoke(StandardWrapperValve.java:165)
	at org.apache.catalina.core.StandardContextValve.invoke(StandardContextValve.java:77)
	at org.apache.catalina.authenticator.AuthenticatorBase.invoke(AuthenticatorBase.java:482)
	at org.apache.catalina.core.StandardHostValve.invoke(StandardHostValve.java:113)
	at org.apache.catalina.valves.ErrorReportValve.invoke(ErrorReportValve.java:83)
	at org.apache.catalina.core.StandardEngineValve.invoke(StandardEngineValve.java:72)
	at org.apache.catalina.connector.CoyoteAdapter.service(CoyoteAdapter.java:341)
	at org.apache.coyote.http11.Http11Processor.service(Http11Processor.java:397)
	at org.apache.coyote.AbstractProcessorLight.process(AbstractProcessorLight.java:63)
	at org.apache.coyote.AbstractProtocol$ConnectionHandler.process(AbstractProtocol.java:903)
	at org.apache.tomcat.util.net.NioEndpoint$SocketProcessor.doRun(NioEndpoint.java:1778)
	at org.apache.tomcat.util.net.SocketProcessorBase.run(SocketProcessorBase.java:52)
	at org.apache.tomcat.util.threads.ThreadPoolExecutor.runWorker(ThreadPoolExecutor.java:946)
	at org.apache.tomcat.util.threads.ThreadPoolExecutor$Worker.run(ThreadPoolExecutor.java:480)
	at org.apache.tomcat.util.threads.TaskThread$WrappingRunnable.run(TaskThread.java:57)
	at java.base/java.lang.Thread.run(Thread.java:1583)
2026-08-18 15:48:08 INFO  c.e.c.Tool.security.RateLimitFilter - Request from IP: 10.235.148.185 | URI: /issues/active | Tokens remaining: 48
2026-08-18 15:48:16 INFO  c.e.c.Tool.security.RateLimitFilter - Request from IP: 10.235.148.185 | URI: /user/login | Tokens remaining: 50
2026-08-18 15:48:17 INFO  c.e.c.Tool.security.RateLimitFilter - Request from IP: 10.235.148.185 | URI: /boards/starred | Tokens remaining: 49
2026-08-18 15:48:17 INFO  c.e.c.Tool.security.RateLimitFilter - Request from IP: 10.235.148.185 | URI: /workspace/starred | Tokens remaining: 48
2026-08-18 15:48:17 INFO  c.e.c.Tool.security.RateLimitFilter - Request from IP: 10.235.148.185 | URI: /user/scratchpad | Tokens remaining: 47
2026-08-18 15:48:17 INFO  c.e.c.Tool.security.RateLimitFilter - Request from IP: 10.235.148.185 | URI: /workspace/my-workspaces | Tokens remaining: 46
2026-08-18 15:48:17 INFO  c.e.c.Tool.security.RateLimitFilter - Request from IP: 10.235.148.185 | URI: /user/recent-boards | Tokens remaining: 45
2026-08-18 15:48:17 INFO  c.e.c.Tool.security.RateLimitFilter - Request from IP: 10.235.148.185 | URI: /user/notifications/unread-count | Tokens remaining: 44
2026-08-18 15:48:17 ERROR c.e.c.T.e.CollaborationExceptionHandler - Unexpected error occurred: EL1004E: Method call: Method getCurrentUserId(null) cannot be found on type com.eclectics.collaboration.Tool.service.Impl.WorkSpaceServiceImpl
org.springframework.expression.spel.SpelEvaluationException: EL1004E: Method call: Method getCurrentUserId(null) cannot be found on type com.eclectics.collaboration.Tool.service.Impl.WorkSpaceServiceImpl
	at org.springframework.expression.spel.ast.MethodReference.getValueInternal(MethodReference.java:214)
	at org.springframework.expression.spel.ast.MethodReference$MethodValueRef.getValue(MethodReference.java:453)
	at org.springframework.expression.spel.ast.CompoundExpression.getValueInternal(CompoundExpression.java:97)
	at org.springframework.expression.spel.ast.SpelNodeImpl.getValue(SpelNodeImpl.java:114)
	at org.springframework.expression.spel.standard.SpelExpression.getValue(SpelExpression.java:267)
	at org.springframework.cache.interceptor.CacheOperationExpressionEvaluator.key(CacheOperationExpressionEvaluator.java:106)
	at org.springframework.cache.interceptor.CacheAspectSupport$CacheOperationContext.generateKey(CacheAspectSupport.java:950)
	at org.springframework.cache.interceptor.CacheAspectSupport.generateKey(CacheAspectSupport.java:743)
	at org.springframework.cache.interceptor.CacheAspectSupport.findCachedValue(CacheAspectSupport.java:512)
	at org.springframework.cache.interceptor.CacheAspectSupport.execute(CacheAspectSupport.java:438)
	at org.springframework.cache.interceptor.CacheAspectSupport.execute(CacheAspectSupport.java:404)
	at org.springframework.cache.interceptor.CacheInterceptor.invoke(CacheInterceptor.java:64)
	at org.springframework.aop.framework.ReflectiveMethodInvocation.proceed(ReflectiveMethodInvocation.java:179)
	at org.springframework.aop.framework.CglibAopProxy$DynamicAdvisedInterceptor.intercept(CglibAopProxy.java:719)
	at com.eclectics.collaboration.Tool.service.Impl.WorkSpaceServiceImpl$$SpringCGLIB$$0.myWorkspaces(<generated>)
	at com.eclectics.collaboration.Tool.controller.WorkSpaceController.getMyWorkspaces(WorkSpaceController.java:119)
	at java.base/jdk.internal.reflect.DirectMethodHandleAccessor.invoke(DirectMethodHandleAccessor.java:103)
	at java.base/java.lang.reflect.Method.invoke(Method.java:580)
	at org.springframework.web.method.support.InvocableHandlerMethod.doInvoke(InvocableHandlerMethod.java:258)
	at org.springframework.web.method.support.InvocableHandlerMethod.invokeForRequest(InvocableHandlerMethod.java:190)
	at org.springframework.web.servlet.mvc.method.annotation.ServletInvocableHandlerMethod.invokeAndHandle(ServletInvocableHandlerMethod.java:117)
	at org.springframework.web.servlet.mvc.method.annotation.RequestMappingHandlerAdapter.invokeHandlerMethod(RequestMappingHandlerAdapter.java:934)
	at org.springframework.web.servlet.mvc.method.annotation.RequestMappingHandlerAdapter.handleInternal(RequestMappingHandlerAdapter.java:853)
	at org.springframework.web.servlet.mvc.method.AbstractHandlerMethodAdapter.handle(AbstractHandlerMethodAdapter.java:86)
	at org.springframework.web.servlet.DispatcherServlet.doDispatch(DispatcherServlet.java:963)
	at org.springframework.web.servlet.DispatcherServlet.doService(DispatcherServlet.java:866)
	at org.springframework.web.servlet.FrameworkServlet.processRequest(FrameworkServlet.java:1003)
	at org.springframework.web.servlet.FrameworkServlet.doGet(FrameworkServlet.java:892)
	at jakarta.servlet.http.HttpServlet.service(HttpServlet.java:622)
	at org.springframework.web.servlet.FrameworkServlet.service(FrameworkServlet.java:874)
	at jakarta.servlet.http.HttpServlet.service(HttpServlet.java:710)
	at org.apache.catalina.core.ApplicationFilterChain.doFilter(ApplicationFilterChain.java:128)
	at org.apache.tomcat.websocket.server.WsFilter.doFilter(WsFilter.java:53)
	at org.apache.catalina.core.ApplicationFilterChain.doFilter(ApplicationFilterChain.java:107)
	at org.springframework.web.filter.OncePerRequestFilter.doFilter(OncePerRequestFilter.java:110)
	at org.apache.catalina.core.ApplicationFilterChain.doFilter(ApplicationFilterChain.java:107)
	at org.springframework.web.filter.OncePerRequestFilter.doFilter(OncePerRequestFilter.java:110)
	at org.apache.catalina.core.ApplicationFilterChain.doFilter(ApplicationFilterChain.java:107)
	at org.springframework.web.filter.CompositeFilter$VirtualFilterChain.doFilter(CompositeFilter.java:108)
	at org.springframework.security.web.FilterChainProxy.lambda$doFilterInternal$3(FilterChainProxy.java:235)
	at org.springframework.security.web.FilterChainProxy$VirtualFilterChain.doFilter(FilterChainProxy.java:371)
	at org.springframework.security.web.access.intercept.AuthorizationFilter.doFilter(AuthorizationFilter.java:101)
	at org.springframework.security.web.FilterChainProxy$VirtualFilterChain.doFilter(FilterChainProxy.java:380)
	at org.springframework.security.web.access.ExceptionTranslationFilter.doFilter(ExceptionTranslationFilter.java:126)
	at org.springframework.security.web.access.ExceptionTranslationFilter.doFilter(ExceptionTranslationFilter.java:120)
	at org.springframework.security.web.FilterChainProxy$VirtualFilterChain.doFilter(FilterChainProxy.java:380)
	at org.springframework.security.web.session.SessionManagementFilter.doFilter(SessionManagementFilter.java:132)
	at org.springframework.security.web.session.SessionManagementFilter.doFilter(SessionManagementFilter.java:86)
	at org.springframework.security.web.FilterChainProxy$VirtualFilterChain.doFilter(FilterChainProxy.java:380)
	at org.springframework.security.web.authentication.AnonymousAuthenticationFilter.doFilter(AnonymousAuthenticationFilter.java:100)
	at org.springframework.security.web.FilterChainProxy$VirtualFilterChain.doFilter(FilterChainProxy.java:380)
	at org.springframework.security.web.servletapi.SecurityContextHolderAwareRequestFilter.doFilter(SecurityContextHolderAwareRequestFilter.java:181)
	at org.springframework.security.web.FilterChainProxy$VirtualFilterChain.doFilter(FilterChainProxy.java:380)
	at org.springframework.security.web.savedrequest.RequestCacheAwareFilter.doFilter(RequestCacheAwareFilter.java:63)
	at org.springframework.security.web.FilterChainProxy$VirtualFilterChain.doFilter(FilterChainProxy.java:380)
	at com.eclectics.collaboration.Tool.security.JwtFilter.doFilterInternal(JwtFilter.java:85)
	at org.springframework.web.filter.OncePerRequestFilter.doFilter(OncePerRequestFilter.java:116)
	at org.springframework.security.web.FilterChainProxy$VirtualFilterChain.doFilter(FilterChainProxy.java:380)
	at com.eclectics.collaboration.Tool.security.RateLimitFilter.doFilterInternal(RateLimitFilter.java:50)
	at org.springframework.web.filter.OncePerRequestFilter.doFilter(OncePerRequestFilter.java:116)
	at org.springframework.security.web.FilterChainProxy$VirtualFilterChain.doFilter(FilterChainProxy.java:380)
	at org.springframework.security.web.authentication.logout.LogoutFilter.doFilter(LogoutFilter.java:110)
	at org.springframework.security.web.authentication.logout.LogoutFilter.doFilter(LogoutFilter.java:96)
	at org.springframework.security.web.FilterChainProxy$VirtualFilterChain.doFilter(FilterChainProxy.java:380)
	at org.springframework.web.filter.CorsFilter.doFilterInternal(CorsFilter.java:91)
	at org.springframework.web.filter.OncePerRequestFilter.doFilter(OncePerRequestFilter.java:116)
	at org.springframework.security.web.FilterChainProxy$VirtualFilterChain.doFilter(FilterChainProxy.java:380)
	at org.springframework.security.web.header.HeaderWriterFilter.doHeadersAfter(HeaderWriterFilter.java:90)
	at org.springframework.security.web.header.HeaderWriterFilter.doFilterInternal(HeaderWriterFilter.java:75)
	at org.springframework.web.filter.OncePerRequestFilter.doFilter(OncePerRequestFilter.java:116)
	at org.springframework.security.web.FilterChainProxy$VirtualFilterChain.doFilter(FilterChainProxy.java:380)
	at org.springframework.security.web.context.SecurityContextHolderFilter.doFilter(SecurityContextHolderFilter.java:82)
	at org.springframework.security.web.context.SecurityContextHolderFilter.doFilter(SecurityContextHolderFilter.java:69)
	at org.springframework.security.web.FilterChainProxy$VirtualFilterChain.doFilter(FilterChainProxy.java:380)
	at org.springframework.security.web.context.request.async.WebAsyncManagerIntegrationFilter.doFilterInternal(WebAsyncManagerIntegrationFilter.java:62)
	at org.springframework.web.filter.OncePerRequestFilter.doFilter(OncePerRequestFilter.java:116)
	at org.springframework.security.web.FilterChainProxy$VirtualFilterChain.doFilter(FilterChainProxy.java:380)
	at org.springframework.security.web.session.DisableEncodeUrlFilter.doFilterInternal(DisableEncodeUrlFilter.java:42)
	at org.springframework.web.filter.OncePerRequestFilter.doFilter(OncePerRequestFilter.java:116)
	at org.springframework.security.web.FilterChainProxy$VirtualFilterChain.doFilter(FilterChainProxy.java:380)
	at org.springframework.security.web.FilterChainProxy.doFilterInternal(FilterChainProxy.java:237)
	at org.springframework.security.web.FilterChainProxy.doFilter(FilterChainProxy.java:195)
	at org.springframework.web.filter.CompositeFilter$VirtualFilterChain.doFilter(CompositeFilter.java:113)
	at org.springframework.web.filter.ServletRequestPathFilter.doFilter(ServletRequestPathFilter.java:52)
	at org.springframework.web.filter.CompositeFilter$VirtualFilterChain.doFilter(CompositeFilter.java:113)
	at org.springframework.web.filter.CompositeFilter.doFilter(CompositeFilter.java:74)
	at org.springframework.security.config.annotation.web.configuration.WebSecurityConfiguration$CompositeFilterChainProxy.doFilter(WebSecurityConfiguration.java:317)
	at org.springframework.web.filter.DelegatingFilterProxy.invokeDelegate(DelegatingFilterProxy.java:355)
	at org.springframework.web.filter.DelegatingFilterProxy.doFilter(DelegatingFilterProxy.java:272)
	at org.apache.catalina.core.ApplicationFilterChain.doFilter(ApplicationFilterChain.java:107)
	at org.springframework.web.filter.RequestContextFilter.doFilterInternal(RequestContextFilter.java:100)
	at org.springframework.web.filter.OncePerRequestFilter.doFilter(OncePerRequestFilter.java:116)
	at org.apache.catalina.core.ApplicationFilterChain.doFilter(ApplicationFilterChain.java:107)
	at org.springframework.web.filter.FormContentFilter.doFilterInternal(FormContentFilter.java:93)
	at org.springframework.web.filter.OncePerRequestFilter.doFilter(OncePerRequestFilter.java:116)
	at org.apache.catalina.core.ApplicationFilterChain.doFilter(ApplicationFilterChain.java:107)
	at org.springframework.session.web.http.SessionRepositoryFilter.doFilterInternal(SessionRepositoryFilter.java:142)
	at org.springframework.session.web.http.OncePerRequestFilter.doFilter(OncePerRequestFilter.java:82)
	at org.springframework.web.filter.DelegatingFilterProxy.invokeDelegate(DelegatingFilterProxy.java:355)
	at org.springframework.web.filter.DelegatingFilterProxy.doFilter(DelegatingFilterProxy.java:272)
	at org.apache.catalina.core.ApplicationFilterChain.doFilter(ApplicationFilterChain.java:107)
	at org.springframework.web.filter.CharacterEncodingFilter.doFilterInternal(CharacterEncodingFilter.java:199)
	at org.springframework.web.filter.OncePerRequestFilter.doFilter(OncePerRequestFilter.java:116)
	at org.apache.catalina.core.ApplicationFilterChain.doFilter(ApplicationFilterChain.java:107)
	at org.apache.catalina.core.StandardWrapperValve.invoke(StandardWrapperValve.java:165)
	at org.apache.catalina.core.StandardContextValve.invoke(StandardContextValve.java:77)
	at org.apache.catalina.authenticator.AuthenticatorBase.invoke(AuthenticatorBase.java:482)
	at org.apache.catalina.core.StandardHostValve.invoke(StandardHostValve.java:113)
	at org.apache.catalina.valves.ErrorReportValve.invoke(ErrorReportValve.java:83)
	at org.apache.catalina.core.StandardEngineValve.invoke(StandardEngineValve.java:72)
	at org.apache.catalina.connector.CoyoteAdapter.service(CoyoteAdapter.java:341)
	at org.apache.coyote.http11.Http11Processor.service(Http11Processor.java:397)
	at org.apache.coyote.AbstractProcessorLight.process(AbstractProcessorLight.java:63)
	at org.apache.coyote.AbstractProtocol$ConnectionHandler.process(AbstractProtocol.java:903)
	at org.apache.tomcat.util.net.NioEndpoint$SocketProcessor.doRun(NioEndpoint.java:1778)
	at org.apache.tomcat.util.net.SocketProcessorBase.run(SocketProcessorBase.java:52)
	at org.apache.tomcat.util.threads.ThreadPoolExecutor.runWorker(ThreadPoolExecutor.java:946)
	at org.apache.tomcat.util.threads.ThreadPoolExecutor$Worker.run(ThreadPoolExecutor.java:480)
	at org.apache.tomcat.util.threads.TaskThread$WrappingRunnable.run(TaskThread.java:57)
	at java.base/java.lang.Thread.run(Thread.java:1583)
2026-08-18 15:48:21 INFO  o.s.w.s.c.WebSocketMessageBrokerStats - WebSocketSession[0 current WS(0)-HttpStream(0)-HttpPoll(0), 0 total, 0 closed abnormally (0 connect failure, 0 send limit, 0 transport error)], stompSubProtocol[processed CONNECT(0)-CONNECTED(0)-DISCONNECT(0)], stompBrokerRelay[null], inboundChannel[pool size = 0, active threads = 0, queued tasks = 0, completed tasks = 0], outboundChannel[pool size = 0, active threads = 0, queued tasks = 0, completed tasks = 0], sockJsScheduler[pool size = 4, active threads = 1, queued tasks = 3, completed tasks = 3]
2026-08-18 15:48:22 INFO  c.e.c.Tool.security.RateLimitFilter - Request from IP: 10.235.148.185 | URI: /issues/active | Tokens remaining: 48
2026-08-18 15:48:28 INFO  c.e.c.Tool.security.RateLimitFilter - Request from IP: 10.235.148.185 | URI: /user/login | Tokens remaining: 50
2026-08-18 15:48:29 INFO  c.e.c.Tool.security.RateLimitFilter - Request from IP: 10.235.148.185 | URI: /workspace/my-workspaces | Tokens remaining: 49
2026-08-18 15:48:29 INFO  c.e.c.Tool.security.RateLimitFilter - Request from IP: 10.235.148.185 | URI: /user/scratchpad | Tokens remaining: 48
2026-08-18 15:48:29 INFO  c.e.c.Tool.security.RateLimitFilter - Request from IP: 10.235.148.185 | URI: /boards/starred | Tokens remaining: 47
2026-08-18 15:48:29 INFO  c.e.c.Tool.security.RateLimitFilter - Request from IP: 10.235.148.185 | URI: /workspace/starred | Tokens remaining: 46
2026-08-18 15:48:29 INFO  c.e.c.Tool.security.RateLimitFilter - Request from IP: 10.235.148.185 | URI: /user/notifications/unread-count | Tokens remaining: 45
2026-08-18 15:48:29 INFO  c.e.c.Tool.security.RateLimitFilter - Request from IP: 10.235.148.185 | URI: /user/recent-boards | Tokens remaining: 44
2026-08-18 15:48:29 ERROR c.e.c.T.e.CollaborationExceptionHandler - Unexpected error occurred: EL1004E: Method call: Method getCurrentUserId(null) cannot be found on type com.eclectics.collaboration.Tool.service.Impl.WorkSpaceServiceImpl
org.springframework.expression.spel.SpelEvaluationException: EL1004E: Method call: Method getCurrentUserId(null) cannot be found on type com.eclectics.collaboration.Tool.service.Impl.WorkSpaceServiceImpl
	at org.springframework.expression.spel.ast.MethodReference.getValueInternal(MethodReference.java:214)
	at org.springframework.expression.spel.ast.MethodReference$MethodValueRef.getValue(MethodReference.java:453)
	at org.springframework.expression.spel.ast.CompoundExpression.getValueInternal(CompoundExpression.java:97)
	at org.springframework.expression.spel.ast.SpelNodeImpl.getValue(SpelNodeImpl.java:114)
	at org.springframework.expression.spel.standard.SpelExpression.getValue(SpelExpression.java:267)
	at org.springframework.cache.interceptor.CacheOperationExpressionEvaluator.key(CacheOperationExpressionEvaluator.java:106)
	at org.springframework.cache.interceptor.CacheAspectSupport$CacheOperationContext.generateKey(CacheAspectSupport.java:950)
	at org.springframework.cache.interceptor.CacheAspectSupport.generateKey(CacheAspectSupport.java:743)
	at org.springframework.cache.interceptor.CacheAspectSupport.findCachedValue(CacheAspectSupport.java:512)
	at org.springframework.cache.interceptor.CacheAspectSupport.execute(CacheAspectSupport.java:438)
	at org.springframework.cache.interceptor.CacheAspectSupport.execute(CacheAspectSupport.java:404)
	at org.springframework.cache.interceptor.CacheInterceptor.invoke(CacheInterceptor.java:64)
	at org.springframework.aop.framework.ReflectiveMethodInvocation.proceed(ReflectiveMethodInvocation.java:179)
	at org.springframework.aop.framework.CglibAopProxy$DynamicAdvisedInterceptor.intercept(CglibAopProxy.java:719)
	at com.eclectics.collaboration.Tool.service.Impl.WorkSpaceServiceImpl$$SpringCGLIB$$0.myWorkspaces(<generated>)
	at com.eclectics.collaboration.Tool.controller.WorkSpaceController.getMyWorkspaces(WorkSpaceController.java:119)
	at java.base/jdk.internal.reflect.DirectMethodHandleAccessor.invoke(DirectMethodHandleAccessor.java:103)
	at java.base/java.lang.reflect.Method.invoke(Method.java:580)
	at org.springframework.web.method.support.InvocableHandlerMethod.doInvoke(InvocableHandlerMethod.java:258)
	at org.springframework.web.method.support.InvocableHandlerMethod.invokeForRequest(InvocableHandlerMethod.java:190)
	at org.springframework.web.servlet.mvc.method.annotation.ServletInvocableHandlerMethod.invokeAndHandle(ServletInvocableHandlerMethod.java:117)
	at org.springframework.web.servlet.mvc.method.annotation.RequestMappingHandlerAdapter.invokeHandlerMethod(RequestMappingHandlerAdapter.java:934)
	at org.springframework.web.servlet.mvc.method.annotation.RequestMappingHandlerAdapter.handleInternal(RequestMappingHandlerAdapter.java:853)
	at org.springframework.web.servlet.mvc.method.AbstractHandlerMethodAdapter.handle(AbstractHandlerMethodAdapter.java:86)
	at org.springframework.web.servlet.DispatcherServlet.doDispatch(DispatcherServlet.java:963)
	at org.springframework.web.servlet.DispatcherServlet.doService(DispatcherServlet.java:866)
	at org.springframework.web.servlet.FrameworkServlet.processRequest(FrameworkServlet.java:1003)
	at org.springframework.web.servlet.FrameworkServlet.doGet(FrameworkServlet.java:892)
	at jakarta.servlet.http.HttpServlet.service(HttpServlet.java:622)
	at org.springframework.web.servlet.FrameworkServlet.service(FrameworkServlet.java:874)
	at jakarta.servlet.http.HttpServlet.service(HttpServlet.java:710)
	at org.apache.catalina.core.ApplicationFilterChain.doFilter(ApplicationFilterChain.java:128)
	at org.apache.tomcat.websocket.server.WsFilter.doFilter(WsFilter.java:53)
	at org.apache.catalina.core.ApplicationFilterChain.doFilter(ApplicationFilterChain.java:107)
	at org.springframework.web.filter.OncePerRequestFilter.doFilter(OncePerRequestFilter.java:110)
	at org.apache.catalina.core.ApplicationFilterChain.doFilter(ApplicationFilterChain.java:107)
	at org.springframework.web.filter.OncePerRequestFilter.doFilter(OncePerRequestFilter.java:110)
	at org.apache.catalina.core.ApplicationFilterChain.doFilter(ApplicationFilterChain.java:107)
	at org.springframework.web.filter.CompositeFilter$VirtualFilterChain.doFilter(CompositeFilter.java:108)
	at org.springframework.security.web.FilterChainProxy.lambda$doFilterInternal$3(FilterChainProxy.java:235)
	at org.springframework.security.web.FilterChainProxy$VirtualFilterChain.doFilter(FilterChainProxy.java:371)
	at org.springframework.security.web.access.intercept.AuthorizationFilter.doFilter(AuthorizationFilter.java:101)
	at org.springframework.security.web.FilterChainProxy$VirtualFilterChain.doFilter(FilterChainProxy.java:380)
	at org.springframework.security.web.access.ExceptionTranslationFilter.doFilter(ExceptionTranslationFilter.java:126)
	at org.springframework.security.web.access.ExceptionTranslationFilter.doFilter(ExceptionTranslationFilter.java:120)
	at org.springframework.security.web.FilterChainProxy$VirtualFilterChain.doFilter(FilterChainProxy.java:380)
	at org.springframework.security.web.session.SessionManagementFilter.doFilter(SessionManagementFilter.java:132)
	at org.springframework.security.web.session.SessionManagementFilter.doFilter(SessionManagementFilter.java:86)
	at org.springframework.security.web.FilterChainProxy$VirtualFilterChain.doFilter(FilterChainProxy.java:380)
	at org.springframework.security.web.authentication.AnonymousAuthenticationFilter.doFilter(AnonymousAuthenticationFilter.java:100)
	at org.springframework.security.web.FilterChainProxy$VirtualFilterChain.doFilter(FilterChainProxy.java:380)
	at org.springframework.security.web.servletapi.SecurityContextHolderAwareRequestFilter.doFilter(SecurityContextHolderAwareRequestFilter.java:181)
	at org.springframework.security.web.FilterChainProxy$VirtualFilterChain.doFilter(FilterChainProxy.java:380)
	at org.springframework.security.web.savedrequest.RequestCacheAwareFilter.doFilter(RequestCacheAwareFilter.java:63)
	at org.springframework.security.web.FilterChainProxy$VirtualFilterChain.doFilter(FilterChainProxy.java:380)
	at com.eclectics.collaboration.Tool.security.JwtFilter.doFilterInternal(JwtFilter.java:85)
	at org.springframework.web.filter.OncePerRequestFilter.doFilter(OncePerRequestFilter.java:116)
	at org.springframework.security.web.FilterChainProxy$VirtualFilterChain.doFilter(FilterChainProxy.java:380)
	at com.eclectics.collaboration.Tool.security.RateLimitFilter.doFilterInternal(RateLimitFilter.java:50)
	at org.springframework.web.filter.OncePerRequestFilter.doFilter(OncePerRequestFilter.java:116)
	at org.springframework.security.web.FilterChainProxy$VirtualFilterChain.doFilter(FilterChainProxy.java:380)
	at org.springframework.security.web.authentication.logout.LogoutFilter.doFilter(LogoutFilter.java:110)
	at org.springframework.security.web.authentication.logout.LogoutFilter.doFilter(LogoutFilter.java:96)
	at org.springframework.security.web.FilterChainProxy$VirtualFilterChain.doFilter(FilterChainProxy.java:380)
	at org.springframework.web.filter.CorsFilter.doFilterInternal(CorsFilter.java:91)
	at org.springframework.web.filter.OncePerRequestFilter.doFilter(OncePerRequestFilter.java:116)
	at org.springframework.security.web.FilterChainProxy$VirtualFilterChain.doFilter(FilterChainProxy.java:380)
	at org.springframework.security.web.header.HeaderWriterFilter.doHeadersAfter(HeaderWriterFilter.java:90)
	at org.springframework.security.web.header.HeaderWriterFilter.doFilterInternal(HeaderWriterFilter.java:75)
	at org.springframework.web.filter.OncePerRequestFilter.doFilter(OncePerRequestFilter.java:116)
	at org.springframework.security.web.FilterChainProxy$VirtualFilterChain.doFilter(FilterChainProxy.java:380)
	at org.springframework.security.web.context.SecurityContextHolderFilter.doFilter(SecurityContextHolderFilter.java:82)
	at org.springframework.security.web.context.SecurityContextHolderFilter.doFilter(SecurityContextHolderFilter.java:69)
	at org.springframework.security.web.FilterChainProxy$VirtualFilterChain.doFilter(FilterChainProxy.java:380)
	at org.springframework.security.web.context.request.async.WebAsyncManagerIntegrationFilter.doFilterInternal(WebAsyncManagerIntegrationFilter.java:62)
	at org.springframework.web.filter.OncePerRequestFilter.doFilter(OncePerRequestFilter.java:116)
	at org.springframework.security.web.FilterChainProxy$VirtualFilterChain.doFilter(FilterChainProxy.java:380)
	at org.springframework.security.web.session.DisableEncodeUrlFilter.doFilterInternal(DisableEncodeUrlFilter.java:42)
	at org.springframework.web.filter.OncePerRequestFilter.doFilter(OncePerRequestFilter.java:116)
	at org.springframework.security.web.FilterChainProxy$VirtualFilterChain.doFilter(FilterChainProxy.java:380)
	at org.springframework.security.web.FilterChainProxy.doFilterInternal(FilterChainProxy.java:237)
	at org.springframework.security.web.FilterChainProxy.doFilter(FilterChainProxy.java:195)
	at org.springframework.web.filter.CompositeFilter$VirtualFilterChain.doFilter(CompositeFilter.java:113)
	at org.springframework.web.filter.ServletRequestPathFilter.doFilter(ServletRequestPathFilter.java:52)
	at org.springframework.web.filter.CompositeFilter$VirtualFilterChain.doFilter(CompositeFilter.java:113)
	at org.springframework.web.filter.CompositeFilter.doFilter(CompositeFilter.java:74)
	at org.springframework.security.config.annotation.web.configuration.WebSecurityConfiguration$CompositeFilterChainProxy.doFilter(WebSecurityConfiguration.java:317)
	at org.springframework.web.filter.DelegatingFilterProxy.invokeDelegate(DelegatingFilterProxy.java:355)
	at org.springframework.web.filter.DelegatingFilterProxy.doFilter(DelegatingFilterProxy.java:272)
	at org.apache.catalina.core.ApplicationFilterChain.doFilter(ApplicationFilterChain.java:107)
	at org.springframework.web.filter.RequestContextFilter.doFilterInternal(RequestContextFilter.java:100)
	at org.springframework.web.filter.OncePerRequestFilter.doFilter(OncePerRequestFilter.java:116)
	at org.apache.catalina.core.ApplicationFilterChain.doFilter(ApplicationFilterChain.java:107)
	at org.springframework.web.filter.FormContentFilter.doFilterInternal(FormContentFilter.java:93)
	at org.springframework.web.filter.OncePerRequestFilter.doFilter(OncePerRequestFilter.java:116)
	at org.apache.catalina.core.ApplicationFilterChain.doFilter(ApplicationFilterChain.java:107)
	at org.springframework.session.web.http.SessionRepositoryFilter.doFilterInternal(SessionRepositoryFilter.java:142)
	at org.springframework.session.web.http.OncePerRequestFilter.doFilter(OncePerRequestFilter.java:82)
	at org.springframework.web.filter.DelegatingFilterProxy.invokeDelegate(DelegatingFilterProxy.java:355)
	at org.springframework.web.filter.DelegatingFilterProxy.doFilter(DelegatingFilterProxy.java:272)
	at org.apache.catalina.core.ApplicationFilterChain.doFilter(ApplicationFilterChain.java:107)
	at org.springframework.web.filter.CharacterEncodingFilter.doFilterInternal(CharacterEncodingFilter.java:199)
	at org.springframework.web.filter.OncePerRequestFilter.doFilter(OncePerRequestFilter.java:116)
	at org.apache.catalina.core.ApplicationFilterChain.doFilter(ApplicationFilterChain.java:107)
	at org.apache.catalina.core.StandardWrapperValve.invoke(StandardWrapperValve.java:165)
	at org.apache.catalina.core.StandardContextValve.invoke(StandardContextValve.java:77)
	at org.apache.catalina.authenticator.AuthenticatorBase.invoke(AuthenticatorBase.java:482)
	at org.apache.catalina.core.StandardHostValve.invoke(StandardHostValve.java:113)
	at org.apache.catalina.valves.ErrorReportValve.invoke(ErrorReportValve.java:83)
	at org.apache.catalina.core.StandardEngineValve.invoke(StandardEngineValve.java:72)
	at org.apache.catalina.connector.CoyoteAdapter.service(CoyoteAdapter.java:341)
	at org.apache.coyote.http11.Http11Processor.service(Http11Processor.java:397)
	at org.apache.coyote.AbstractProcessorLight.process(AbstractProcessorLight.java:63)
	at org.apache.coyote.AbstractProtocol$ConnectionHandler.process(AbstractProtocol.java:903)
	at org.apache.tomcat.util.net.NioEndpoint$SocketProcessor.doRun(NioEndpoint.java:1778)
	at org.apache.tomcat.util.net.SocketProcessorBase.run(SocketProcessorBase.java:52)
	at org.apache.tomcat.util.threads.ThreadPoolExecutor.runWorker(ThreadPoolExecutor.java:946)
	at org.apache.tomcat.util.threads.ThreadPoolExecutor$Worker.run(ThreadPoolExecutor.java:480)
	at org.apache.tomcat.util.threads.TaskThread$WrappingRunnable.run(TaskThread.java:57)
	at java.base/java.lang.Thread.run(Thread.java:1583)
2026-08-18 15:48:30 ERROR c.e.c.T.e.CollaborationExceptionHandler - Unexpected error occurred: Could not read JSON:Unexpected token (`JsonToken.END_ARRAY`), expected `JsonToken.VALUE_STRING`: need String, Number of Boolean value that contains type id (for subtype of java.lang.Object)
 at [Source: REDACTED (`StreamReadFeature.INCLUDE_SOURCE_IN_LOCATION` disabled); byte offset: #1] 
org.springframework.data.redis.serializer.SerializationException: Could not read JSON:Unexpected token (`JsonToken.END_ARRAY`), expected `JsonToken.VALUE_STRING`: need String, Number of Boolean value that contains type id (for subtype of java.lang.Object)
 at [Source: REDACTED (`StreamReadFeature.INCLUDE_SOURCE_IN_LOCATION` disabled); byte offset: #1] 
	at org.springframework.data.redis.serializer.GenericJacksonJsonRedisSerializer.deserialize(GenericJacksonJsonRedisSerializer.java:212)
	at org.springframework.data.redis.serializer.GenericJacksonJsonRedisSerializer.deserialize(GenericJacksonJsonRedisSerializer.java:182)
	at org.springframework.data.redis.serializer.DefaultRedisElementReader.read(DefaultRedisElementReader.java:46)
	at org.springframework.data.redis.serializer.RedisSerializationContext$SerializationPair.read(RedisSerializationContext.java:276)
	at org.springframework.data.redis.cache.RedisCache.deserializeCacheValue(RedisCache.java:375)
	at org.springframework.data.redis.cache.RedisCache.lookup(RedisCache.java:188)
	at org.springframework.cache.support.AbstractValueAdaptingCache.get(AbstractValueAdaptingCache.java:58)
	at org.springframework.cache.interceptor.AbstractCacheInvoker.doGet(AbstractCacheInvoker.java:78)
	at org.springframework.cache.interceptor.CacheAspectSupport.findInCaches(CacheAspectSupport.java:563)
	at org.springframework.cache.interceptor.CacheAspectSupport.findCachedValue(CacheAspectSupport.java:513)
	at org.springframework.cache.interceptor.CacheAspectSupport.execute(CacheAspectSupport.java:438)
	at org.springframework.cache.interceptor.CacheAspectSupport.execute(CacheAspectSupport.java:404)
	at org.springframework.cache.interceptor.CacheInterceptor.invoke(CacheInterceptor.java:64)
	at org.springframework.aop.framework.ReflectiveMethodInvocation.proceed(ReflectiveMethodInvocation.java:179)
	at org.springframework.aop.framework.CglibAopProxy$DynamicAdvisedInterceptor.intercept(CglibAopProxy.java:719)
	at com.eclectics.collaboration.Tool.service.Impl.WorkSpaceServiceImpl$$SpringCGLIB$$0.getStarredWorkspaces(<generated>)
	at com.eclectics.collaboration.Tool.controller.WorkSpaceController.getStarredWorkspaces(WorkSpaceController.java:184)
	at java.base/jdk.internal.reflect.DirectMethodHandleAccessor.invoke(DirectMethodHandleAccessor.java:103)
	at java.base/java.lang.reflect.Method.invoke(Method.java:580)
	at org.springframework.web.method.support.InvocableHandlerMethod.doInvoke(InvocableHandlerMethod.java:258)
	at org.springframework.web.method.support.InvocableHandlerMethod.invokeForRequest(InvocableHandlerMethod.java:190)
	at org.springframework.web.servlet.mvc.method.annotation.ServletInvocableHandlerMethod.invokeAndHandle(ServletInvocableHandlerMethod.java:117)
	at org.springframework.web.servlet.mvc.method.annotation.RequestMappingHandlerAdapter.invokeHandlerMethod(RequestMappingHandlerAdapter.java:934)
	at org.springframework.web.servlet.mvc.method.annotation.RequestMappingHandlerAdapter.handleInternal(RequestMappingHandlerAdapter.java:853)
	at org.springframework.web.servlet.mvc.method.AbstractHandlerMethodAdapter.handle(AbstractHandlerMethodAdapter.java:86)
	at org.springframework.web.servlet.DispatcherServlet.doDispatch(DispatcherServlet.java:963)
	at org.springframework.web.servlet.DispatcherServlet.doService(DispatcherServlet.java:866)
	at org.springframework.web.servlet.FrameworkServlet.processRequest(FrameworkServlet.java:1003)
	at org.springframework.web.servlet.FrameworkServlet.doGet(FrameworkServlet.java:892)
	at jakarta.servlet.http.HttpServlet.service(HttpServlet.java:622)
	at org.springframework.web.servlet.FrameworkServlet.service(FrameworkServlet.java:874)
	at jakarta.servlet.http.HttpServlet.service(HttpServlet.java:710)
	at org.apache.catalina.core.ApplicationFilterChain.doFilter(ApplicationFilterChain.java:128)
	at org.apache.tomcat.websocket.server.WsFilter.doFilter(WsFilter.java:53)
	at org.apache.catalina.core.ApplicationFilterChain.doFilter(ApplicationFilterChain.java:107)
	at org.springframework.web.filter.OncePerRequestFilter.doFilter(OncePerRequestFilter.java:110)
	at org.apache.catalina.core.ApplicationFilterChain.doFilter(ApplicationFilterChain.java:107)
	at org.springframework.web.filter.OncePerRequestFilter.doFilter(OncePerRequestFilter.java:110)
	at org.apache.catalina.core.ApplicationFilterChain.doFilter(ApplicationFilterChain.java:107)
	at org.springframework.web.filter.CompositeFilter$VirtualFilterChain.doFilter(CompositeFilter.java:108)
	at org.springframework.security.web.FilterChainProxy.lambda$doFilterInternal$3(FilterChainProxy.java:235)
	at org.springframework.security.web.FilterChainProxy$VirtualFilterChain.doFilter(FilterChainProxy.java:371)
	at org.springframework.security.web.access.intercept.AuthorizationFilter.doFilter(AuthorizationFilter.java:101)
	at org.springframework.security.web.FilterChainProxy$VirtualFilterChain.doFilter(FilterChainProxy.java:380)
	at org.springframework.security.web.access.ExceptionTranslationFilter.doFilter(ExceptionTranslationFilter.java:126)
	at org.springframework.security.web.access.ExceptionTranslationFilter.doFilter(ExceptionTranslationFilter.java:120)
	at org.springframework.security.web.FilterChainProxy$VirtualFilterChain.doFilter(FilterChainProxy.java:380)
	at org.springframework.security.web.session.SessionManagementFilter.doFilter(SessionManagementFilter.java:132)
	at org.springframework.security.web.session.SessionManagementFilter.doFilter(SessionManagementFilter.java:86)
	at org.springframework.security.web.FilterChainProxy$VirtualFilterChain.doFilter(FilterChainProxy.java:380)
	at org.springframework.security.web.authentication.AnonymousAuthenticationFilter.doFilter(AnonymousAuthenticationFilter.java:100)
	at org.springframework.security.web.FilterChainProxy$VirtualFilterChain.doFilter(FilterChainProxy.java:380)
	at org.springframework.security.web.servletapi.SecurityContextHolderAwareRequestFilter.doFilter(SecurityContextHolderAwareRequestFilter.java:181)
	at org.springframework.security.web.FilterChainProxy$VirtualFilterChain.doFilter(FilterChainProxy.java:380)
	at org.springframework.security.web.savedrequest.RequestCacheAwareFilter.doFilter(RequestCacheAwareFilter.java:63)
	at org.springframework.security.web.FilterChainProxy$VirtualFilterChain.doFilter(FilterChainProxy.java:380)
	at com.eclectics.collaboration.Tool.security.JwtFilter.doFilterInternal(JwtFilter.java:85)
	at org.springframework.web.filter.OncePerRequestFilter.doFilter(OncePerRequestFilter.java:116)
	at org.springframework.security.web.FilterChainProxy$VirtualFilterChain.doFilter(FilterChainProxy.java:380)
	at com.eclectics.collaboration.Tool.security.RateLimitFilter.doFilterInternal(RateLimitFilter.java:50)
	at org.springframework.web.filter.OncePerRequestFilter.doFilter(OncePerRequestFilter.java:116)
	at org.springframework.security.web.FilterChainProxy$VirtualFilterChain.doFilter(FilterChainProxy.java:380)
	at org.springframework.security.web.authentication.logout.LogoutFilter.doFilter(LogoutFilter.java:110)
	at org.springframework.security.web.authentication.logout.LogoutFilter.doFilter(LogoutFilter.java:96)
	at org.springframework.security.web.FilterChainProxy$VirtualFilterChain.doFilter(FilterChainProxy.java:380)
	at org.springframework.web.filter.CorsFilter.doFilterInternal(CorsFilter.java:91)
	at org.springframework.web.filter.OncePerRequestFilter.doFilter(OncePerRequestFilter.java:116)
	at org.springframework.security.web.FilterChainProxy$VirtualFilterChain.doFilter(FilterChainProxy.java:380)
	at org.springframework.security.web.header.HeaderWriterFilter.doHeadersAfter(HeaderWriterFilter.java:90)
	at org.springframework.security.web.header.HeaderWriterFilter.doFilterInternal(HeaderWriterFilter.java:75)
	at org.springframework.web.filter.OncePerRequestFilter.doFilter(OncePerRequestFilter.java:116)
	at org.springframework.security.web.FilterChainProxy$VirtualFilterChain.doFilter(FilterChainProxy.java:380)
	at org.springframework.security.web.context.SecurityContextHolderFilter.doFilter(SecurityContextHolderFilter.java:82)
	at org.springframework.security.web.context.SecurityContextHolderFilter.doFilter(SecurityContextHolderFilter.java:69)
	at org.springframework.security.web.FilterChainProxy$VirtualFilterChain.doFilter(FilterChainProxy.java:380)
	at org.springframework.security.web.context.request.async.WebAsyncManagerIntegrationFilter.doFilterInternal(WebAsyncManagerIntegrationFilter.java:62)
	at org.springframework.web.filter.OncePerRequestFilter.doFilter(OncePerRequestFilter.java:116)
	at org.springframework.security.web.FilterChainProxy$VirtualFilterChain.doFilter(FilterChainProxy.java:380)
	at org.springframework.security.web.session.DisableEncodeUrlFilter.doFilterInternal(DisableEncodeUrlFilter.java:42)
	at org.springframework.web.filter.OncePerRequestFilter.doFilter(OncePerRequestFilter.java:116)
	at org.springframework.security.web.FilterChainProxy$VirtualFilterChain.doFilter(FilterChainProxy.java:380)
	at org.springframework.security.web.FilterChainProxy.doFilterInternal(FilterChainProxy.java:237)
	at org.springframework.security.web.FilterChainProxy.doFilter(FilterChainProxy.java:195)
	at org.springframework.web.filter.CompositeFilter$VirtualFilterChain.doFilter(CompositeFilter.java:113)
	at org.springframework.web.filter.ServletRequestPathFilter.doFilter(ServletRequestPathFilter.java:52)
	at org.springframework.web.filter.CompositeFilter$VirtualFilterChain.doFilter(CompositeFilter.java:113)
	at org.springframework.web.filter.CompositeFilter.doFilter(CompositeFilter.java:74)
	at org.springframework.security.config.annotation.web.configuration.WebSecurityConfiguration$CompositeFilterChainProxy.doFilter(WebSecurityConfiguration.java:317)
	at org.springframework.web.filter.DelegatingFilterProxy.invokeDelegate(DelegatingFilterProxy.java:355)
	at org.springframework.web.filter.DelegatingFilterProxy.doFilter(DelegatingFilterProxy.java:272)
	at org.apache.catalina.core.ApplicationFilterChain.doFilter(ApplicationFilterChain.java:107)
	at org.springframework.web.filter.RequestContextFilter.doFilterInternal(RequestContextFilter.java:100)
	at org.springframework.web.filter.OncePerRequestFilter.doFilter(OncePerRequestFilter.java:116)
	at org.apache.catalina.core.ApplicationFilterChain.doFilter(ApplicationFilterChain.java:107)
	at org.springframework.web.filter.FormContentFilter.doFilterInternal(FormContentFilter.java:93)
	at org.springframework.web.filter.OncePerRequestFilter.doFilter(OncePerRequestFilter.java:116)
	at org.apache.catalina.core.ApplicationFilterChain.doFilter(ApplicationFilterChain.java:107)
	at org.springframework.session.web.http.SessionRepositoryFilter.doFilterInternal(SessionRepositoryFilter.java:142)
	at org.springframework.session.web.http.OncePerRequestFilter.doFilter(OncePerRequestFilter.java:82)
	at org.springframework.web.filter.DelegatingFilterProxy.invokeDelegate(DelegatingFilterProxy.java:355)
	at org.springframework.web.filter.DelegatingFilterProxy.doFilter(DelegatingFilterProxy.java:272)
	at org.apache.catalina.core.ApplicationFilterChain.doFilter(ApplicationFilterChain.java:107)
	at org.springframework.web.filter.CharacterEncodingFilter.doFilterInternal(CharacterEncodingFilter.java:199)
	at org.springframework.web.filter.OncePerRequestFilter.doFilter(OncePerRequestFilter.java:116)
	at org.apache.catalina.core.ApplicationFilterChain.doFilter(ApplicationFilterChain.java:107)
	at org.apache.catalina.core.StandardWrapperValve.invoke(StandardWrapperValve.java:165)
	at org.apache.catalina.core.StandardContextValve.invoke(StandardContextValve.java:77)
	at org.apache.catalina.authenticator.AuthenticatorBase.invoke(AuthenticatorBase.java:482)
	at org.apache.catalina.core.StandardHostValve.invoke(StandardHostValve.java:113)
	at org.apache.catalina.valves.ErrorReportValve.invoke(ErrorReportValve.java:83)
	at org.apache.catalina.core.StandardEngineValve.invoke(StandardEngineValve.java:72)
	at org.apache.catalina.connector.CoyoteAdapter.service(CoyoteAdapter.java:341)
	at org.apache.coyote.http11.Http11Processor.service(Http11Processor.java:397)
	at org.apache.coyote.AbstractProcessorLight.process(AbstractProcessorLight.java:63)
	at org.apache.coyote.AbstractProtocol$ConnectionHandler.process(AbstractProtocol.java:903)
	at org.apache.tomcat.util.net.NioEndpoint$SocketProcessor.doRun(NioEndpoint.java:1778)
	at org.apache.tomcat.util.net.SocketProcessorBase.run(SocketProcessorBase.java:52)
	at org.apache.tomcat.util.threads.ThreadPoolExecutor.runWorker(ThreadPoolExecutor.java:946)
	at org.apache.tomcat.util.threads.ThreadPoolExecutor$Worker.run(ThreadPoolExecutor.java:480)
	at org.apache.tomcat.util.threads.TaskThread$WrappingRunnable.run(TaskThread.java:57)
	at java.base/java.lang.Thread.run(Thread.java:1583)
Caused by: tools.jackson.databind.exc.MismatchedInputException: Unexpected token (`JsonToken.END_ARRAY`), expected `JsonToken.VALUE_STRING`: need String, Number of Boolean value that contains type id (for subtype of java.lang.Object)
 at [Source: REDACTED (`StreamReadFeature.INCLUDE_SOURCE_IN_LOCATION` disabled); byte offset: #1]
	at tools.jackson.databind.exc.MismatchedInputException.from(MismatchedInputException.java:63)
	at tools.jackson.databind.DeserializationContext.wrongTokenException(DeserializationContext.java:1974)
	at tools.jackson.databind.DeserializationContext.reportWrongTokenException(DeserializationContext.java:1758)
	at tools.jackson.databind.jsontype.impl.AsArrayTypeDeserializer._locateTypeId(AsArrayTypeDeserializer.java:167)
	at tools.jackson.databind.jsontype.impl.AsArrayTypeDeserializer._deserialize(AsArrayTypeDeserializer.java:91)
	at tools.jackson.databind.jsontype.impl.AsArrayTypeDeserializer.deserializeTypedFromArray(AsArrayTypeDeserializer.java:47)
	at tools.jackson.databind.jsontype.impl.AsPropertyTypeDeserializer.deserializeTypedFromAny(AsPropertyTypeDeserializer.java:201)
	at tools.jackson.databind.deser.jdk.UntypedObjectDeserializerNR.deserializeWithType(UntypedObjectDeserializerNR.java:98)
	at tools.jackson.databind.deser.impl.TypeWrappedDeserializer.deserialize(TypeWrappedDeserializer.java:72)
	at tools.jackson.databind.deser.DeserializationContextExt.readRootValue(DeserializationContextExt.java:265)
	at tools.jackson.databind.ObjectMapper._readMapAndClose(ObjectMapper.java:2611)
	at tools.jackson.databind.ObjectMapper.readValue(ObjectMapper.java:1672)
	at org.springframework.data.redis.serializer.JacksonObjectReader.lambda$create$0(JacksonObjectReader.java:52)
	at org.springframework.data.redis.serializer.GenericJacksonJsonRedisSerializer.deserialize(GenericJacksonJsonRedisSerializer.java:210)
	... 120 common frames omitted
2026-08-18 16:04:37 INFO  o.s.boot.tomcat.GracefulShutdown - Commencing graceful shutdown. Waiting for active requests to complete
2026-08-18 16:04:37 INFO  o.s.boot.tomcat.GracefulShutdown - Graceful shutdown complete
2026-08-18 16:04:37 INFO  o.s.m.s.b.SimpleBrokerMessageHandler - Stopping...
2026-08-18 16:04:37 INFO  o.s.m.s.b.SimpleBrokerMessageHandler - BrokerAvailabilityEvent[available=false, SimpleBrokerMessageHandler [org.springframework.messaging.simp.broker.DefaultSubscriptionRegistry@27f8fdfb]]
2026-08-18 16:04:37 INFO  o.s.m.s.b.SimpleBrokerMessageHandler - Stopped.
2026-08-18 16:04:37 INFO  o.s.o.j.LocalContainerEntityManagerFactoryBean - Closing JPA EntityManagerFactory for persistence unit 'default'
2026-08-18 16:04:37 INFO  com.zaxxer.hikari.HikariDataSource - HikariPool-1 - Shutdown initiated...
2026-08-18 16:04:37 INFO  com.zaxxer.hikari.HikariDataSource - HikariPool-1 - Shutdown completed.
2026-08-18 16:04:53 INFO  c.e.c.T.CollaborationToolApplication - Starting CollaborationToolApplication using Java 21.0.8 with PID 23216 (C:\Abraham\Code\Eclectics\Collaboration-Tool\target\classes started by pc in C:\Abraham\Code\Eclectics\Collaboration-Tool)
2026-08-18 16:04:53 INFO  c.e.c.T.CollaborationToolApplication - The following 1 profile is active: "prod"
2026-08-18 16:04:58 INFO  o.s.d.r.c.RepositoryConfigurationDelegate - Multiple Spring Data modules found, entering strict repository configuration mode
2026-08-18 16:04:58 INFO  o.s.d.r.c.RepositoryConfigurationDelegate - Bootstrapping Spring Data JPA repositories in DEFAULT mode.
2026-08-18 16:04:59 INFO  o.s.d.r.c.RepositoryConfigurationDelegate - Finished Spring Data repository scanning in 830 ms. Found 25 JPA repository interfaces.
2026-08-18 16:04:59 INFO  o.s.d.r.c.RepositoryConfigurationDelegate - Multiple Spring Data modules found, entering strict repository configuration mode
2026-08-18 16:04:59 INFO  o.s.d.r.c.RepositoryConfigurationDelegate - Bootstrapping Spring Data Redis repositories in DEFAULT mode.
2026-08-18 16:04:59 INFO  o.s.d.r.c.RepositoryConfigurationExtensionSupport - Spring Data Redis - Could not safely identify store assignment for repository candidate interface com.eclectics.collaboration.Tool.repository.ActivityLogRepository; If you want this repository to be a Redis repository, consider annotating your entities with one of these annotations: org.springframework.data.redis.core.RedisHash (preferred), or consider extending one of the following types with your repository: org.springframework.data.keyvalue.repository.KeyValueRepository
2026-08-18 16:04:59 INFO  o.s.d.r.c.RepositoryConfigurationExtensionSupport - Spring Data Redis - Could not safely identify store assignment for repository candidate interface com.eclectics.collaboration.Tool.repository.BoardMemberRepository; If you want this repository to be a Redis repository, consider annotating your entities with one of these annotations: org.springframework.data.redis.core.RedisHash (preferred), or consider extending one of the following types with your repository: org.springframework.data.keyvalue.repository.KeyValueRepository
2026-08-18 16:04:59 INFO  o.s.d.r.c.RepositoryConfigurationExtensionSupport - Spring Data Redis - Could not safely identify store assignment for repository candidate interface com.eclectics.collaboration.Tool.repository.BoardsRepository; If you want this repository to be a Redis repository, consider annotating your entities with one of these annotations: org.springframework.data.redis.core.RedisHash (preferred), or consider extending one of the following types with your repository: org.springframework.data.keyvalue.repository.KeyValueRepository
2026-08-18 16:04:59 INFO  o.s.d.r.c.RepositoryConfigurationExtensionSupport - Spring Data Redis - Could not safely identify store assignment for repository candidate interface com.eclectics.collaboration.Tool.repository.CardAssigneeRepository; If you want this repository to be a Redis repository, consider annotating your entities with one of these annotations: org.springframework.data.redis.core.RedisHash (preferred), or consider extending one of the following types with your repository: org.springframework.data.keyvalue.repository.KeyValueRepository
2026-08-18 16:04:59 INFO  o.s.d.r.c.RepositoryConfigurationExtensionSupport - Spring Data Redis - Could not safely identify store assignment for repository candidate interface com.eclectics.collaboration.Tool.repository.CardLabelRepository; If you want this repository to be a Redis repository, consider annotating your entities with one of these annotations: org.springframework.data.redis.core.RedisHash (preferred), or consider extending one of the following types with your repository: org.springframework.data.keyvalue.repository.KeyValueRepository
2026-08-18 16:04:59 INFO  o.s.d.r.c.RepositoryConfigurationExtensionSupport - Spring Data Redis - Could not safely identify store assignment for repository candidate interface com.eclectics.collaboration.Tool.repository.CardRepository; If you want this repository to be a Redis repository, consider annotating your entities with one of these annotations: org.springframework.data.redis.core.RedisHash (preferred), or consider extending one of the following types with your repository: org.springframework.data.keyvalue.repository.KeyValueRepository
2026-08-18 16:04:59 INFO  o.s.d.r.c.RepositoryConfigurationExtensionSupport - Spring Data Redis - Could not safely identify store assignment for repository candidate interface com.eclectics.collaboration.Tool.repository.CommentMentionRepository; If you want this repository to be a Redis repository, consider annotating your entities with one of these annotations: org.springframework.data.redis.core.RedisHash (preferred), or consider extending one of the following types with your repository: org.springframework.data.keyvalue.repository.KeyValueRepository
2026-08-18 16:04:59 INFO  o.s.d.r.c.RepositoryConfigurationExtensionSupport - Spring Data Redis - Could not safely identify store assignment for repository candidate interface com.eclectics.collaboration.Tool.repository.CommentRepository; If you want this repository to be a Redis repository, consider annotating your entities with one of these annotations: org.springframework.data.redis.core.RedisHash (preferred), or consider extending one of the following types with your repository: org.springframework.data.keyvalue.repository.KeyValueRepository
2026-08-18 16:04:59 INFO  o.s.d.r.c.RepositoryConfigurationExtensionSupport - Spring Data Redis - Could not safely identify store assignment for repository candidate interface com.eclectics.collaboration.Tool.repository.DueDateReminderRepository; If you want this repository to be a Redis repository, consider annotating your entities with one of these annotations: org.springframework.data.redis.core.RedisHash (preferred), or consider extending one of the following types with your repository: org.springframework.data.keyvalue.repository.KeyValueRepository
2026-08-18 16:04:59 INFO  o.s.d.r.c.RepositoryConfigurationExtensionSupport - Spring Data Redis - Could not safely identify store assignment for repository candidate interface com.eclectics.collaboration.Tool.repository.FAQRepository; If you want this repository to be a Redis repository, consider annotating your entities with one of these annotations: org.springframework.data.redis.core.RedisHash (preferred), or consider extending one of the following types with your repository: org.springframework.data.keyvalue.repository.KeyValueRepository
2026-08-18 16:04:59 INFO  o.s.d.r.c.RepositoryConfigurationExtensionSupport - Spring Data Redis - Could not safely identify store assignment for repository candidate interface com.eclectics.collaboration.Tool.repository.InvitationRepository; If you want this repository to be a Redis repository, consider annotating your entities with one of these annotations: org.springframework.data.redis.core.RedisHash (preferred), or consider extending one of the following types with your repository: org.springframework.data.keyvalue.repository.KeyValueRepository
2026-08-18 16:04:59 INFO  o.s.d.r.c.RepositoryConfigurationExtensionSupport - Spring Data Redis - Could not safely identify store assignment for repository candidate interface com.eclectics.collaboration.Tool.repository.IssueRepository; If you want this repository to be a Redis repository, consider annotating your entities with one of these annotations: org.springframework.data.redis.core.RedisHash (preferred), or consider extending one of the following types with your repository: org.springframework.data.keyvalue.repository.KeyValueRepository
2026-08-18 16:04:59 INFO  o.s.d.r.c.RepositoryConfigurationExtensionSupport - Spring Data Redis - Could not safely identify store assignment for repository candidate interface com.eclectics.collaboration.Tool.repository.LabelRepository; If you want this repository to be a Redis repository, consider annotating your entities with one of these annotations: org.springframework.data.redis.core.RedisHash (preferred), or consider extending one of the following types with your repository: org.springframework.data.keyvalue.repository.KeyValueRepository
2026-08-18 16:04:59 INFO  o.s.d.r.c.RepositoryConfigurationExtensionSupport - Spring Data Redis - Could not safely identify store assignment for repository candidate interface com.eclectics.collaboration.Tool.repository.ListEntityRepository; If you want this repository to be a Redis repository, consider annotating your entities with one of these annotations: org.springframework.data.redis.core.RedisHash (preferred), or consider extending one of the following types with your repository: org.springframework.data.keyvalue.repository.KeyValueRepository
2026-08-18 16:04:59 INFO  o.s.d.r.c.RepositoryConfigurationExtensionSupport - Spring Data Redis - Could not safely identify store assignment for repository candidate interface com.eclectics.collaboration.Tool.repository.NotificationPreferenceRepository; If you want this repository to be a Redis repository, consider annotating your entities with one of these annotations: org.springframework.data.redis.core.RedisHash (preferred), or consider extending one of the following types with your repository: org.springframework.data.keyvalue.repository.KeyValueRepository
2026-08-18 16:04:59 INFO  o.s.d.r.c.RepositoryConfigurationExtensionSupport - Spring Data Redis - Could not safely identify store assignment for repository candidate interface com.eclectics.collaboration.Tool.repository.NotificationRepository; If you want this repository to be a Redis repository, consider annotating your entities with one of these annotations: org.springframework.data.redis.core.RedisHash (preferred), or consider extending one of the following types with your repository: org.springframework.data.keyvalue.repository.KeyValueRepository
2026-08-18 16:04:59 INFO  o.s.d.r.c.RepositoryConfigurationExtensionSupport - Spring Data Redis - Could not safely identify store assignment for repository candidate interface com.eclectics.collaboration.Tool.repository.RefreshTokenRepository; If you want this repository to be a Redis repository, consider annotating your entities with one of these annotations: org.springframework.data.redis.core.RedisHash (preferred), or consider extending one of the following types with your repository: org.springframework.data.keyvalue.repository.KeyValueRepository
2026-08-18 16:04:59 INFO  o.s.d.r.c.RepositoryConfigurationExtensionSupport - Spring Data Redis - Could not safely identify store assignment for repository candidate interface com.eclectics.collaboration.Tool.repository.StarredBoardRepository; If you want this repository to be a Redis repository, consider annotating your entities with one of these annotations: org.springframework.data.redis.core.RedisHash (preferred), or consider extending one of the following types with your repository: org.springframework.data.keyvalue.repository.KeyValueRepository
2026-08-18 16:04:59 INFO  o.s.d.r.c.RepositoryConfigurationExtensionSupport - Spring Data Redis - Could not safely identify store assignment for repository candidate interface com.eclectics.collaboration.Tool.repository.StarredWorkspaceRepository; If you want this repository to be a Redis repository, consider annotating your entities with one of these annotations: org.springframework.data.redis.core.RedisHash (preferred), or consider extending one of the following types with your repository: org.springframework.data.keyvalue.repository.KeyValueRepository
2026-08-18 16:04:59 INFO  o.s.d.r.c.RepositoryConfigurationExtensionSupport - Spring Data Redis - Could not safely identify store assignment for repository candidate interface com.eclectics.collaboration.Tool.repository.SystemConfigRepository; If you want this repository to be a Redis repository, consider annotating your entities with one of these annotations: org.springframework.data.redis.core.RedisHash (preferred), or consider extending one of the following types with your repository: org.springframework.data.keyvalue.repository.KeyValueRepository
2026-08-18 16:04:59 INFO  o.s.d.r.c.RepositoryConfigurationExtensionSupport - Spring Data Redis - Could not safely identify store assignment for repository candidate interface com.eclectics.collaboration.Tool.repository.TalkRepository; If you want this repository to be a Redis repository, consider annotating your entities with one of these annotations: org.springframework.data.redis.core.RedisHash (preferred), or consider extending one of the following types with your repository: org.springframework.data.keyvalue.repository.KeyValueRepository
2026-08-18 16:04:59 INFO  o.s.d.r.c.RepositoryConfigurationExtensionSupport - Spring Data Redis - Could not safely identify store assignment for repository candidate interface com.eclectics.collaboration.Tool.repository.UserRecentBoardRepository; If you want this repository to be a Redis repository, consider annotating your entities with one of these annotations: org.springframework.data.redis.core.RedisHash (preferred), or consider extending one of the following types with your repository: org.springframework.data.keyvalue.repository.KeyValueRepository
2026-08-18 16:04:59 INFO  o.s.d.r.c.RepositoryConfigurationExtensionSupport - Spring Data Redis - Could not safely identify store assignment for repository candidate interface com.eclectics.collaboration.Tool.repository.UserRespository; If you want this repository to be a Redis repository, consider annotating your entities with one of these annotations: org.springframework.data.redis.core.RedisHash (preferred), or consider extending one of the following types with your repository: org.springframework.data.keyvalue.repository.KeyValueRepository
2026-08-18 16:04:59 INFO  o.s.d.r.c.RepositoryConfigurationExtensionSupport - Spring Data Redis - Could not safely identify store assignment for repository candidate interface com.eclectics.collaboration.Tool.repository.WorkSpaceMemberRepository; If you want this repository to be a Redis repository, consider annotating your entities with one of these annotations: org.springframework.data.redis.core.RedisHash (preferred), or consider extending one of the following types with your repository: org.springframework.data.keyvalue.repository.KeyValueRepository
2026-08-18 16:04:59 INFO  o.s.d.r.c.RepositoryConfigurationExtensionSupport - Spring Data Redis - Could not safely identify store assignment for repository candidate interface com.eclectics.collaboration.Tool.repository.WorkSpaceReposiroty; If you want this repository to be a Redis repository, consider annotating your entities with one of these annotations: org.springframework.data.redis.core.RedisHash (preferred), or consider extending one of the following types with your repository: org.springframework.data.keyvalue.repository.KeyValueRepository
2026-08-18 16:04:59 INFO  o.s.d.r.c.RepositoryConfigurationDelegate - Finished Spring Data repository scanning in 96 ms. Found 0 Redis repository interfaces.
2026-08-18 16:05:02 INFO  o.s.boot.tomcat.TomcatWebServer - Tomcat initialized with port 8084 (http)
2026-08-18 16:05:02 INFO  o.a.coyote.http11.Http11NioProtocol - Initializing ProtocolHandler ["http-nio-0.0.0.0-8084"]
2026-08-18 16:05:02 INFO  o.a.catalina.core.StandardService - Starting service [Tomcat]
2026-08-18 16:05:02 INFO  o.a.catalina.core.StandardEngine - Starting Servlet engine: [Apache Tomcat/11.0.15]
2026-08-18 16:05:02 INFO  o.s.b.w.c.s.WebApplicationContextInitializer - Root WebApplicationContext: initialization completed in 9084 ms
2026-08-18 16:05:03 INFO  com.zaxxer.hikari.HikariDataSource - HikariPool-1 - Starting...
2026-08-18 16:05:03 INFO  com.zaxxer.hikari.pool.HikariPool - HikariPool-1 - Added connection org.postgresql.jdbc.PgConnection@14ad42
2026-08-18 16:05:03 INFO  com.zaxxer.hikari.HikariDataSource - HikariPool-1 - Start completed.
2026-08-18 16:05:04 INFO  org.hibernate.orm.jpa - HHH008540: Processing PersistenceUnitInfo [name: default]
2026-08-18 16:05:04 INFO  org.hibernate.orm.core - HHH000001: Hibernate ORM core version 7.2.1.Final
2026-08-18 16:05:06 INFO  o.s.o.j.p.SpringPersistenceUnitInfo - No LoadTimeWeaver setup: ignoring JPA class transformer
2026-08-18 16:05:07 INFO  o.hibernate.orm.connections.pooling - HHH10001005: Database info:
	Database JDBC URL [jdbc:postgresql://localhost:5432/collaborationTool]
	Database driver: PostgreSQL JDBC Driver
	Database dialect: PostgreSQLDialect
	Database version: 17.6
	Default catalog/schema: collaborationTool/public
	Autocommit mode: undefined/unknown
	Isolation level: READ_COMMITTED [default READ_COMMITTED]
	JDBC fetch size: none
	Pool: DataSourceConnectionProvider
	Minimum pool size: undefined/unknown
	Maximum pool size: undefined/unknown
2026-08-18 16:05:10 INFO  org.hibernate.orm.core - HHH000489: No JTA platform available (set 'hibernate.transaction.jta.platform' to enable JTA platform integration)
2026-08-18 16:05:11 INFO  o.s.o.j.LocalContainerEntityManagerFactoryBean - Initialized JPA EntityManagerFactory for persistence unit 'default'
2026-08-18 16:05:11 INFO  o.s.d.j.r.q.QueryEnhancerFactories - Hibernate is in classpath; If applicable, HQL parser will be used.
2026-08-18 16:05:21 WARN  o.s.b.j.a.JpaBaseConfiguration$JpaWebConfiguration - spring.jpa.open-in-view is enabled by default. Therefore, database queries may be performed during view rendering. Explicitly configure spring.jpa.open-in-view to disable this warning
2026-08-18 16:05:22 INFO  o.s.v.b.OptionalValidatorFactoryBean - Failed to set up a Bean Validation provider: jakarta.validation.NoProviderFoundException: Unable to create a Configuration, because no Jakarta Validation provider could be found. Add a provider like Hibernate Validator (RI) to your classpath.
2026-08-18 16:05:24 INFO  o.s.m.s.b.SimpleBrokerMessageHandler - Starting...
2026-08-18 16:05:24 INFO  o.s.m.s.b.SimpleBrokerMessageHandler - BrokerAvailabilityEvent[available=true, SimpleBrokerMessageHandler [org.springframework.messaging.simp.broker.DefaultSubscriptionRegistry@65fcdaeb]]
2026-08-18 16:05:24 INFO  o.s.m.s.b.SimpleBrokerMessageHandler - Started.
2026-08-18 16:05:24 INFO  o.a.coyote.http11.Http11NioProtocol - Starting ProtocolHandler ["http-nio-0.0.0.0-8084"]
2026-08-18 16:05:24 INFO  o.s.boot.tomcat.TomcatWebServer - Tomcat started on port 8084 (http) with context path '/'
2026-08-18 16:05:24 INFO  c.e.c.T.CollaborationToolApplication - Started CollaborationToolApplication in 33.567 seconds (process running for 35.948)
2026-08-18 16:05:25 INFO  c.e.c.Tool.configuration.AdminSeeder - >>> Admin already exists, skipping: nthengeabraham952@gmail.com
2026-08-18 16:05:25 INFO  c.e.c.Tool.configuration.AdminSeeder - >>> Admin already exists, skipping: chepkemoisheilah794@gmail.com
2026-08-18 16:05:33 INFO  o.a.c.c.C.[Tomcat].[localhost].[/] - Initializing Spring DispatcherServlet 'dispatcherServlet'
2026-08-18 16:05:33 INFO  o.s.web.servlet.DispatcherServlet - Initializing Servlet 'dispatcherServlet'
2026-08-18 16:05:33 INFO  o.s.web.servlet.DispatcherServlet - Completed initialization in 13 ms
2026-08-18 16:05:34 INFO  c.e.c.Tool.security.RateLimitFilter - Request from IP: 10.235.148.185 | URI: /issues/active | Tokens remaining: 50
2026-08-18 16:05:36 INFO  c.e.c.Tool.security.RateLimitFilter - Request from IP: 10.235.148.185 | URI: /user/login | Tokens remaining: 50
2026-08-18 16:05:38 INFO  c.e.c.Tool.security.RateLimitFilter - Request from IP: 10.235.148.185 | URI: /workspace/my-workspaces | Tokens remaining: 50
2026-08-18 16:05:38 INFO  c.e.c.Tool.security.RateLimitFilter - Request from IP: 10.235.148.185 | URI: /user/scratchpad | Tokens remaining: 49
2026-08-18 16:05:38 INFO  c.e.c.Tool.security.RateLimitFilter - Request from IP: 10.235.148.185 | URI: /user/recent-boards | Tokens remaining: 48
2026-08-18 16:05:38 INFO  c.e.c.Tool.security.RateLimitFilter - Request from IP: 10.235.148.185 | URI: /boards/starred | Tokens remaining: 47
2026-08-18 16:05:38 INFO  c.e.c.Tool.security.RateLimitFilter - Request from IP: 10.235.148.185 | URI: /workspace/starred | Tokens remaining: 46
2026-08-18 16:05:39 INFO  c.e.c.Tool.security.RateLimitFilter - Request from IP: 10.235.148.185 | URI: /user/notifications/unread-count | Tokens remaining: 45
2026-08-18 16:05:44 ERROR c.e.c.T.e.CollaborationExceptionHandler - Unexpected error occurred: class java.util.LinkedHashMap cannot be cast to class com.eclectics.collaboration.Tool.dto.ScratchpadDTO (java.util.LinkedHashMap is in module java.base of loader 'bootstrap'; com.eclectics.collaboration.Tool.dto.ScratchpadDTO is in unnamed module of loader 'app')
java.lang.ClassCastException: class java.util.LinkedHashMap cannot be cast to class com.eclectics.collaboration.Tool.dto.ScratchpadDTO (java.util.LinkedHashMap is in module java.base of loader 'bootstrap'; com.eclectics.collaboration.Tool.dto.ScratchpadDTO is in unnamed module of loader 'app')
	at com.eclectics.collaboration.Tool.service.Impl.UserServiceImpl$$SpringCGLIB$$0.getScratchpad(<generated>)
	at com.eclectics.collaboration.Tool.controller.UserController.getScratchpad(UserController.java:182)
	at java.base/jdk.internal.reflect.DirectMethodHandleAccessor.invoke(DirectMethodHandleAccessor.java:103)
	at java.base/java.lang.reflect.Method.invoke(Method.java:580)
	at org.springframework.web.method.support.InvocableHandlerMethod.doInvoke(InvocableHandlerMethod.java:258)
	at org.springframework.web.method.support.InvocableHandlerMethod.invokeForRequest(InvocableHandlerMethod.java:190)
	at org.springframework.web.servlet.mvc.method.annotation.ServletInvocableHandlerMethod.invokeAndHandle(ServletInvocableHandlerMethod.java:117)
	at org.springframework.web.servlet.mvc.method.annotation.RequestMappingHandlerAdapter.invokeHandlerMethod(RequestMappingHandlerAdapter.java:934)
	at org.springframework.web.servlet.mvc.method.annotation.RequestMappingHandlerAdapter.handleInternal(RequestMappingHandlerAdapter.java:853)
	at org.springframework.web.servlet.mvc.method.AbstractHandlerMethodAdapter.handle(AbstractHandlerMethodAdapter.java:86)
	at org.springframework.web.servlet.DispatcherServlet.doDispatch(DispatcherServlet.java:963)
	at org.springframework.web.servlet.DispatcherServlet.doService(DispatcherServlet.java:866)
	at org.springframework.web.servlet.FrameworkServlet.processRequest(FrameworkServlet.java:1003)
	at org.springframework.web.servlet.FrameworkServlet.doGet(FrameworkServlet.java:892)
	at jakarta.servlet.http.HttpServlet.service(HttpServlet.java:622)
	at org.springframework.web.servlet.FrameworkServlet.service(FrameworkServlet.java:874)
	at jakarta.servlet.http.HttpServlet.service(HttpServlet.java:710)
	at org.apache.catalina.core.ApplicationFilterChain.doFilter(ApplicationFilterChain.java:128)
	at org.apache.tomcat.websocket.server.WsFilter.doFilter(WsFilter.java:53)
	at org.apache.catalina.core.ApplicationFilterChain.doFilter(ApplicationFilterChain.java:107)
	at org.springframework.web.filter.OncePerRequestFilter.doFilter(OncePerRequestFilter.java:110)
	at org.apache.catalina.core.ApplicationFilterChain.doFilter(ApplicationFilterChain.java:107)
	at org.springframework.web.filter.OncePerRequestFilter.doFilter(OncePerRequestFilter.java:110)
	at org.apache.catalina.core.ApplicationFilterChain.doFilter(ApplicationFilterChain.java:107)
	at org.springframework.web.filter.CompositeFilter$VirtualFilterChain.doFilter(CompositeFilter.java:108)
	at org.springframework.security.web.FilterChainProxy.lambda$doFilterInternal$3(FilterChainProxy.java:235)
	at org.springframework.security.web.FilterChainProxy$VirtualFilterChain.doFilter(FilterChainProxy.java:371)
	at org.springframework.security.web.access.intercept.AuthorizationFilter.doFilter(AuthorizationFilter.java:101)
	at org.springframework.security.web.FilterChainProxy$VirtualFilterChain.doFilter(FilterChainProxy.java:380)
	at org.springframework.security.web.access.ExceptionTranslationFilter.doFilter(ExceptionTranslationFilter.java:126)
	at org.springframework.security.web.access.ExceptionTranslationFilter.doFilter(ExceptionTranslationFilter.java:120)
	at org.springframework.security.web.FilterChainProxy$VirtualFilterChain.doFilter(FilterChainProxy.java:380)
	at org.springframework.security.web.session.SessionManagementFilter.doFilter(SessionManagementFilter.java:132)
	at org.springframework.security.web.session.SessionManagementFilter.doFilter(SessionManagementFilter.java:86)
	at org.springframework.security.web.FilterChainProxy$VirtualFilterChain.doFilter(FilterChainProxy.java:380)
	at org.springframework.security.web.authentication.AnonymousAuthenticationFilter.doFilter(AnonymousAuthenticationFilter.java:100)
	at org.springframework.security.web.FilterChainProxy$VirtualFilterChain.doFilter(FilterChainProxy.java:380)
	at org.springframework.security.web.servletapi.SecurityContextHolderAwareRequestFilter.doFilter(SecurityContextHolderAwareRequestFilter.java:181)
	at org.springframework.security.web.FilterChainProxy$VirtualFilterChain.doFilter(FilterChainProxy.java:380)
	at org.springframework.security.web.savedrequest.RequestCacheAwareFilter.doFilter(RequestCacheAwareFilter.java:63)
	at org.springframework.security.web.FilterChainProxy$VirtualFilterChain.doFilter(FilterChainProxy.java:380)
	at com.eclectics.collaboration.Tool.security.JwtFilter.doFilterInternal(JwtFilter.java:85)
	at org.springframework.web.filter.OncePerRequestFilter.doFilter(OncePerRequestFilter.java:116)
	at org.springframework.security.web.FilterChainProxy$VirtualFilterChain.doFilter(FilterChainProxy.java:380)
	at com.eclectics.collaboration.Tool.security.RateLimitFilter.doFilterInternal(RateLimitFilter.java:50)
	at org.springframework.web.filter.OncePerRequestFilter.doFilter(OncePerRequestFilter.java:116)
	at org.springframework.security.web.FilterChainProxy$VirtualFilterChain.doFilter(FilterChainProxy.java:380)
	at org.springframework.security.web.authentication.logout.LogoutFilter.doFilter(LogoutFilter.java:110)
	at org.springframework.security.web.authentication.logout.LogoutFilter.doFilter(LogoutFilter.java:96)
	at org.springframework.security.web.FilterChainProxy$VirtualFilterChain.doFilter(FilterChainProxy.java:380)
	at org.springframework.web.filter.CorsFilter.doFilterInternal(CorsFilter.java:91)
	at org.springframework.web.filter.OncePerRequestFilter.doFilter(OncePerRequestFilter.java:116)
	at org.springframework.security.web.FilterChainProxy$VirtualFilterChain.doFilter(FilterChainProxy.java:380)
	at org.springframework.security.web.header.HeaderWriterFilter.doHeadersAfter(HeaderWriterFilter.java:90)
	at org.springframework.security.web.header.HeaderWriterFilter.doFilterInternal(HeaderWriterFilter.java:75)
	at org.springframework.web.filter.OncePerRequestFilter.doFilter(OncePerRequestFilter.java:116)
	at org.springframework.security.web.FilterChainProxy$VirtualFilterChain.doFilter(FilterChainProxy.java:380)
	at org.springframework.security.web.context.SecurityContextHolderFilter.doFilter(SecurityContextHolderFilter.java:82)
	at org.springframework.security.web.context.SecurityContextHolderFilter.doFilter(SecurityContextHolderFilter.java:69)
	at org.springframework.security.web.FilterChainProxy$VirtualFilterChain.doFilter(FilterChainProxy.java:380)
	at org.springframework.security.web.context.request.async.WebAsyncManagerIntegrationFilter.doFilterInternal(WebAsyncManagerIntegrationFilter.java:62)
	at org.springframework.web.filter.OncePerRequestFilter.doFilter(OncePerRequestFilter.java:116)
	at org.springframework.security.web.FilterChainProxy$VirtualFilterChain.doFilter(FilterChainProxy.java:380)
	at org.springframework.security.web.session.DisableEncodeUrlFilter.doFilterInternal(DisableEncodeUrlFilter.java:42)
	at org.springframework.web.filter.OncePerRequestFilter.doFilter(OncePerRequestFilter.java:116)
	at org.springframework.security.web.FilterChainProxy$VirtualFilterChain.doFilter(FilterChainProxy.java:380)
	at org.springframework.security.web.FilterChainProxy.doFilterInternal(FilterChainProxy.java:237)
	at org.springframework.security.web.FilterChainProxy.doFilter(FilterChainProxy.java:195)
	at org.springframework.web.filter.CompositeFilter$VirtualFilterChain.doFilter(CompositeFilter.java:113)
	at org.springframework.web.filter.ServletRequestPathFilter.doFilter(ServletRequestPathFilter.java:52)
	at org.springframework.web.filter.CompositeFilter$VirtualFilterChain.doFilter(CompositeFilter.java:113)
	at org.springframework.web.filter.CompositeFilter.doFilter(CompositeFilter.java:74)
	at org.springframework.security.config.annotation.web.configuration.WebSecurityConfiguration$CompositeFilterChainProxy.doFilter(WebSecurityConfiguration.java:317)
	at org.springframework.web.filter.DelegatingFilterProxy.invokeDelegate(DelegatingFilterProxy.java:355)
	at org.springframework.web.filter.DelegatingFilterProxy.doFilter(DelegatingFilterProxy.java:272)
	at org.apache.catalina.core.ApplicationFilterChain.doFilter(ApplicationFilterChain.java:107)
	at org.springframework.web.filter.RequestContextFilter.doFilterInternal(RequestContextFilter.java:100)
	at org.springframework.web.filter.OncePerRequestFilter.doFilter(OncePerRequestFilter.java:116)
	at org.apache.catalina.core.ApplicationFilterChain.doFilter(ApplicationFilterChain.java:107)
	at org.springframework.web.filter.FormContentFilter.doFilterInternal(FormContentFilter.java:93)
	at org.springframework.web.filter.OncePerRequestFilter.doFilter(OncePerRequestFilter.java:116)
	at org.apache.catalina.core.ApplicationFilterChain.doFilter(ApplicationFilterChain.java:107)
	at org.springframework.session.web.http.SessionRepositoryFilter.doFilterInternal(SessionRepositoryFilter.java:142)
	at org.springframework.session.web.http.OncePerRequestFilter.doFilter(OncePerRequestFilter.java:82)
	at org.springframework.web.filter.DelegatingFilterProxy.invokeDelegate(DelegatingFilterProxy.java:355)
	at org.springframework.web.filter.DelegatingFilterProxy.doFilter(DelegatingFilterProxy.java:272)
	at org.apache.catalina.core.ApplicationFilterChain.doFilter(ApplicationFilterChain.java:107)
	at org.springframework.web.filter.CharacterEncodingFilter.doFilterInternal(CharacterEncodingFilter.java:199)
	at org.springframework.web.filter.OncePerRequestFilter.doFilter(OncePerRequestFilter.java:116)
	at org.apache.catalina.core.ApplicationFilterChain.doFilter(ApplicationFilterChain.java:107)
	at org.apache.catalina.core.StandardWrapperValve.invoke(StandardWrapperValve.java:165)
	at org.apache.catalina.core.StandardContextValve.invoke(StandardContextValve.java:77)
	at org.apache.catalina.authenticator.AuthenticatorBase.invoke(AuthenticatorBase.java:482)
	at org.apache.catalina.core.StandardHostValve.invoke(StandardHostValve.java:113)
	at org.apache.catalina.valves.ErrorReportValve.invoke(ErrorReportValve.java:83)
	at org.apache.catalina.core.StandardEngineValve.invoke(StandardEngineValve.java:72)
	at org.apache.catalina.connector.CoyoteAdapter.service(CoyoteAdapter.java:341)
	at org.apache.coyote.http11.Http11Processor.service(Http11Processor.java:397)
	at org.apache.coyote.AbstractProcessorLight.process(AbstractProcessorLight.java:63)
	at org.apache.coyote.AbstractProtocol$ConnectionHandler.process(AbstractProtocol.java:903)
	at org.apache.tomcat.util.net.NioEndpoint$SocketProcessor.doRun(NioEndpoint.java:1778)
	at org.apache.tomcat.util.net.SocketProcessorBase.run(SocketProcessorBase.java:52)
	at org.apache.tomcat.util.threads.ThreadPoolExecutor.runWorker(ThreadPoolExecutor.java:946)
	at org.apache.tomcat.util.threads.ThreadPoolExecutor$Worker.run(ThreadPoolExecutor.java:480)
	at org.apache.tomcat.util.threads.TaskThread$WrappingRunnable.run(TaskThread.java:57)
	at java.base/java.lang.Thread.run(Thread.java:1583)
2026-08-18 16:05:46 INFO  c.e.c.Tool.security.RateLimitFilter - Request from IP: 10.235.148.185 | URI: /boards/workspace/2 | Tokens remaining: 50
2026-08-18 16:05:46 INFO  c.e.c.Tool.security.RateLimitFilter - Request from IP: 10.235.148.185 | URI: /boards/4/lists | Tokens remaining: 49
2026-08-18 16:06:06 INFO  c.e.c.Tool.security.RateLimitFilter - Request from IP: 10.235.148.185 | URI: /user/scratchpad | Tokens remaining: 50
2026-08-18 16:06:18 INFO  c.e.c.Tool.security.RateLimitFilter - Request from IP: 10.235.148.185 | URI: /issues/active | Tokens remaining: 50
2026-08-18 16:06:21 INFO  c.e.c.Tool.security.RateLimitFilter - Request from IP: 10.235.148.185 | URI: /user/login | Tokens remaining: 50
2026-08-18 16:06:22 INFO  c.e.c.Tool.security.RateLimitFilter - Request from IP: 10.235.148.185 | URI: /workspace/my-workspaces | Tokens remaining: 49
2026-08-18 16:06:22 INFO  c.e.c.Tool.security.RateLimitFilter - Request from IP: 10.235.148.185 | URI: /user/scratchpad | Tokens remaining: 48
2026-08-18 16:06:22 INFO  c.e.c.Tool.security.RateLimitFilter - Request from IP: 10.235.148.185 | URI: /boards/starred | Tokens remaining: 47
2026-08-18 16:06:22 INFO  c.e.c.Tool.security.RateLimitFilter - Request from IP: 10.235.148.185 | URI: /user/recent-boards | Tokens remaining: 46
2026-08-18 16:06:22 INFO  c.e.c.Tool.security.RateLimitFilter - Request from IP: 10.235.148.185 | URI: /user/notifications/unread-count | Tokens remaining: 45
2026-08-18 16:06:22 INFO  c.e.c.Tool.security.RateLimitFilter - Request from IP: 10.235.148.185 | URI: /workspace/starred | Tokens remaining: 44
2026-08-18 16:06:23 ERROR c.e.c.T.e.CollaborationExceptionHandler - Unexpected error occurred: class java.util.LinkedHashMap cannot be cast to class com.eclectics.collaboration.Tool.dto.ScratchpadDTO (java.util.LinkedHashMap is in module java.base of loader 'bootstrap'; com.eclectics.collaboration.Tool.dto.ScratchpadDTO is in unnamed module of loader 'app')
java.lang.ClassCastException: class java.util.LinkedHashMap cannot be cast to class com.eclectics.collaboration.Tool.dto.ScratchpadDTO (java.util.LinkedHashMap is in module java.base of loader 'bootstrap'; com.eclectics.collaboration.Tool.dto.ScratchpadDTO is in unnamed module of loader 'app')
	at com.eclectics.collaboration.Tool.service.Impl.UserServiceImpl$$SpringCGLIB$$0.getScratchpad(<generated>)
	at com.eclectics.collaboration.Tool.controller.UserController.getScratchpad(UserController.java:182)
	at java.base/jdk.internal.reflect.DirectMethodHandleAccessor.invoke(DirectMethodHandleAccessor.java:103)
	at java.base/java.lang.reflect.Method.invoke(Method.java:580)
	at org.springframework.web.method.support.InvocableHandlerMethod.doInvoke(InvocableHandlerMethod.java:258)
	at org.springframework.web.method.support.InvocableHandlerMethod.invokeForRequest(InvocableHandlerMethod.java:190)
	at org.springframework.web.servlet.mvc.method.annotation.ServletInvocableHandlerMethod.invokeAndHandle(ServletInvocableHandlerMethod.java:117)
	at org.springframework.web.servlet.mvc.method.annotation.RequestMappingHandlerAdapter.invokeHandlerMethod(RequestMappingHandlerAdapter.java:934)
	at org.springframework.web.servlet.mvc.method.annotation.RequestMappingHandlerAdapter.handleInternal(RequestMappingHandlerAdapter.java:853)
	at org.springframework.web.servlet.mvc.method.AbstractHandlerMethodAdapter.handle(AbstractHandlerMethodAdapter.java:86)
	at org.springframework.web.servlet.DispatcherServlet.doDispatch(DispatcherServlet.java:963)
	at org.springframework.web.servlet.DispatcherServlet.doService(DispatcherServlet.java:866)
	at org.springframework.web.servlet.FrameworkServlet.processRequest(FrameworkServlet.java:1003)
	at org.springframework.web.servlet.FrameworkServlet.doGet(FrameworkServlet.java:892)
	at jakarta.servlet.http.HttpServlet.service(HttpServlet.java:622)
	at org.springframework.web.servlet.FrameworkServlet.service(FrameworkServlet.java:874)
	at jakarta.servlet.http.HttpServlet.service(HttpServlet.java:710)
	at org.apache.catalina.core.ApplicationFilterChain.doFilter(ApplicationFilterChain.java:128)
	at org.apache.tomcat.websocket.server.WsFilter.doFilter(WsFilter.java:53)
	at org.apache.catalina.core.ApplicationFilterChain.doFilter(ApplicationFilterChain.java:107)
	at org.springframework.web.filter.OncePerRequestFilter.doFilter(OncePerRequestFilter.java:110)
	at org.apache.catalina.core.ApplicationFilterChain.doFilter(ApplicationFilterChain.java:107)
	at org.springframework.web.filter.OncePerRequestFilter.doFilter(OncePerRequestFilter.java:110)
	at org.apache.catalina.core.ApplicationFilterChain.doFilter(ApplicationFilterChain.java:107)
	at org.springframework.web.filter.CompositeFilter$VirtualFilterChain.doFilter(CompositeFilter.java:108)
	at org.springframework.security.web.FilterChainProxy.lambda$doFilterInternal$3(FilterChainProxy.java:235)
	at org.springframework.security.web.FilterChainProxy$VirtualFilterChain.doFilter(FilterChainProxy.java:371)
	at org.springframework.security.web.access.intercept.AuthorizationFilter.doFilter(AuthorizationFilter.java:101)
	at org.springframework.security.web.FilterChainProxy$VirtualFilterChain.doFilter(FilterChainProxy.java:380)
	at org.springframework.security.web.access.ExceptionTranslationFilter.doFilter(ExceptionTranslationFilter.java:126)
	at org.springframework.security.web.access.ExceptionTranslationFilter.doFilter(ExceptionTranslationFilter.java:120)
	at org.springframework.security.web.FilterChainProxy$VirtualFilterChain.doFilter(FilterChainProxy.java:380)
	at org.springframework.security.web.session.SessionManagementFilter.doFilter(SessionManagementFilter.java:132)
	at org.springframework.security.web.session.SessionManagementFilter.doFilter(SessionManagementFilter.java:86)
	at org.springframework.security.web.FilterChainProxy$VirtualFilterChain.doFilter(FilterChainProxy.java:380)
	at org.springframework.security.web.authentication.AnonymousAuthenticationFilter.doFilter(AnonymousAuthenticationFilter.java:100)
	at org.springframework.security.web.FilterChainProxy$VirtualFilterChain.doFilter(FilterChainProxy.java:380)
	at org.springframework.security.web.servletapi.SecurityContextHolderAwareRequestFilter.doFilter(SecurityContextHolderAwareRequestFilter.java:181)
	at org.springframework.security.web.FilterChainProxy$VirtualFilterChain.doFilter(FilterChainProxy.java:380)
	at org.springframework.security.web.savedrequest.RequestCacheAwareFilter.doFilter(RequestCacheAwareFilter.java:63)
	at org.springframework.security.web.FilterChainProxy$VirtualFilterChain.doFilter(FilterChainProxy.java:380)
	at com.eclectics.collaboration.Tool.security.JwtFilter.doFilterInternal(JwtFilter.java:85)
	at org.springframework.web.filter.OncePerRequestFilter.doFilter(OncePerRequestFilter.java:116)
	at org.springframework.security.web.FilterChainProxy$VirtualFilterChain.doFilter(FilterChainProxy.java:380)
	at com.eclectics.collaboration.Tool.security.RateLimitFilter.doFilterInternal(RateLimitFilter.java:50)
	at org.springframework.web.filter.OncePerRequestFilter.doFilter(OncePerRequestFilter.java:116)
	at org.springframework.security.web.FilterChainProxy$VirtualFilterChain.doFilter(FilterChainProxy.java:380)
	at org.springframework.security.web.authentication.logout.LogoutFilter.doFilter(LogoutFilter.java:110)
	at org.springframework.security.web.authentication.logout.LogoutFilter.doFilter(LogoutFilter.java:96)
	at org.springframework.security.web.FilterChainProxy$VirtualFilterChain.doFilter(FilterChainProxy.java:380)
	at org.springframework.web.filter.CorsFilter.doFilterInternal(CorsFilter.java:91)
	at org.springframework.web.filter.OncePerRequestFilter.doFilter(OncePerRequestFilter.java:116)
	at org.springframework.security.web.FilterChainProxy$VirtualFilterChain.doFilter(FilterChainProxy.java:380)
	at org.springframework.security.web.header.HeaderWriterFilter.doHeadersAfter(HeaderWriterFilter.java:90)
	at org.springframework.security.web.header.HeaderWriterFilter.doFilterInternal(HeaderWriterFilter.java:75)
	at org.springframework.web.filter.OncePerRequestFilter.doFilter(OncePerRequestFilter.java:116)
	at org.springframework.security.web.FilterChainProxy$VirtualFilterChain.doFilter(FilterChainProxy.java:380)
	at org.springframework.security.web.context.SecurityContextHolderFilter.doFilter(SecurityContextHolderFilter.java:82)
	at org.springframework.security.web.context.SecurityContextHolderFilter.doFilter(SecurityContextHolderFilter.java:69)
	at org.springframework.security.web.FilterChainProxy$VirtualFilterChain.doFilter(FilterChainProxy.java:380)
	at org.springframework.security.web.context.request.async.WebAsyncManagerIntegrationFilter.doFilterInternal(WebAsyncManagerIntegrationFilter.java:62)
	at org.springframework.web.filter.OncePerRequestFilter.doFilter(OncePerRequestFilter.java:116)
	at org.springframework.security.web.FilterChainProxy$VirtualFilterChain.doFilter(FilterChainProxy.java:380)
	at org.springframework.security.web.session.DisableEncodeUrlFilter.doFilterInternal(DisableEncodeUrlFilter.java:42)
	at org.springframework.web.filter.OncePerRequestFilter.doFilter(OncePerRequestFilter.java:116)
	at org.springframework.security.web.FilterChainProxy$VirtualFilterChain.doFilter(FilterChainProxy.java:380)
	at org.springframework.security.web.FilterChainProxy.doFilterInternal(FilterChainProxy.java:237)
	at org.springframework.security.web.FilterChainProxy.doFilter(FilterChainProxy.java:195)
	at org.springframework.web.filter.CompositeFilter$VirtualFilterChain.doFilter(CompositeFilter.java:113)
	at org.springframework.web.filter.ServletRequestPathFilter.doFilter(ServletRequestPathFilter.java:52)
	at org.springframework.web.filter.CompositeFilter$VirtualFilterChain.doFilter(CompositeFilter.java:113)
	at org.springframework.web.filter.CompositeFilter.doFilter(CompositeFilter.java:74)
	at org.springframework.security.config.annotation.web.configuration.WebSecurityConfiguration$CompositeFilterChainProxy.doFilter(WebSecurityConfiguration.java:317)
	at org.springframework.web.filter.DelegatingFilterProxy.invokeDelegate(DelegatingFilterProxy.java:355)
	at org.springframework.web.filter.DelegatingFilterProxy.doFilter(DelegatingFilterProxy.java:272)
	at org.apache.catalina.core.ApplicationFilterChain.doFilter(ApplicationFilterChain.java:107)
	at org.springframework.web.filter.RequestContextFilter.doFilterInternal(RequestContextFilter.java:100)
	at org.springframework.web.filter.OncePerRequestFilter.doFilter(OncePerRequestFilter.java:116)
	at org.apache.catalina.core.ApplicationFilterChain.doFilter(ApplicationFilterChain.java:107)
	at org.springframework.web.filter.FormContentFilter.doFilterInternal(FormContentFilter.java:93)
	at org.springframework.web.filter.OncePerRequestFilter.doFilter(OncePerRequestFilter.java:116)
	at org.apache.catalina.core.ApplicationFilterChain.doFilter(ApplicationFilterChain.java:107)
	at org.springframework.session.web.http.SessionRepositoryFilter.doFilterInternal(SessionRepositoryFilter.java:142)
	at org.springframework.session.web.http.OncePerRequestFilter.doFilter(OncePerRequestFilter.java:82)
	at org.springframework.web.filter.DelegatingFilterProxy.invokeDelegate(DelegatingFilterProxy.java:355)
	at org.springframework.web.filter.DelegatingFilterProxy.doFilter(DelegatingFilterProxy.java:272)
	at org.apache.catalina.core.ApplicationFilterChain.doFilter(ApplicationFilterChain.java:107)
	at org.springframework.web.filter.CharacterEncodingFilter.doFilterInternal(CharacterEncodingFilter.java:199)
	at org.springframework.web.filter.OncePerRequestFilter.doFilter(OncePerRequestFilter.java:116)
	at org.apache.catalina.core.ApplicationFilterChain.doFilter(ApplicationFilterChain.java:107)
	at org.apache.catalina.core.StandardWrapperValve.invoke(StandardWrapperValve.java:165)
	at org.apache.catalina.core.StandardContextValve.invoke(StandardContextValve.java:77)
	at org.apache.catalina.authenticator.AuthenticatorBase.invoke(AuthenticatorBase.java:482)
	at org.apache.catalina.core.StandardHostValve.invoke(StandardHostValve.java:113)
	at org.apache.catalina.valves.ErrorReportValve.invoke(ErrorReportValve.java:83)
	at org.apache.catalina.core.StandardEngineValve.invoke(StandardEngineValve.java:72)
	at org.apache.catalina.connector.CoyoteAdapter.service(CoyoteAdapter.java:341)
	at org.apache.coyote.http11.Http11Processor.service(Http11Processor.java:397)
	at org.apache.coyote.AbstractProcessorLight.process(AbstractProcessorLight.java:63)
	at org.apache.coyote.AbstractProtocol$ConnectionHandler.process(AbstractProtocol.java:903)
	at org.apache.tomcat.util.net.NioEndpoint$SocketProcessor.doRun(NioEndpoint.java:1778)
	at org.apache.tomcat.util.net.SocketProcessorBase.run(SocketProcessorBase.java:52)
	at org.apache.tomcat.util.threads.ThreadPoolExecutor.runWorker(ThreadPoolExecutor.java:946)
	at org.apache.tomcat.util.threads.ThreadPoolExecutor$Worker.run(ThreadPoolExecutor.java:480)
	at org.apache.tomcat.util.threads.TaskThread$WrappingRunnable.run(TaskThread.java:57)
	at java.base/java.lang.Thread.run(Thread.java:1583)
2026-08-18 16:06:23 INFO  c.e.c.Tool.security.RateLimitFilter - Request from IP: 10.235.148.185 | URI: /boards/workspace/2 | Tokens remaining: 44
2026-08-18 16:06:23 INFO  c.e.c.Tool.security.RateLimitFilter - Request from IP: 10.235.148.185 | URI: /boards/4/lists | Tokens remaining: 43
2026-08-18 16:06:24 INFO  o.s.w.s.c.WebSocketMessageBrokerStats - WebSocketSession[0 current WS(0)-HttpStream(0)-HttpPoll(0), 0 total, 0 closed abnormally (0 connect failure, 0 send limit, 0 transport error)], stompSubProtocol[processed CONNECT(0)-CONNECTED(0)-DISCONNECT(0)], stompBrokerRelay[null], inboundChannel[pool size = 0, active threads = 0, queued tasks = 0, completed tasks = 0], outboundChannel[pool size = 0, active threads = 0, queued tasks = 0, completed tasks = 0], sockJsScheduler[pool size = 4, active threads = 1, queued tasks = 3, completed tasks = 3]
2026-08-18 16:06:28 INFO  c.e.c.Tool.security.RateLimitFilter - Request from IP: 10.235.148.185 | URI: /issues/active | Tokens remaining: 46
2026-08-18 16:06:32 INFO  c.e.c.Tool.security.RateLimitFilter - Request from IP: 10.235.148.185 | URI: /user/login | Tokens remaining: 48
2026-08-18 16:06:32 INFO  c.e.c.Tool.security.RateLimitFilter - Request from IP: 10.235.148.185 | URI: /workspace/my-workspaces | Tokens remaining: 48
2026-08-18 16:06:32 INFO  c.e.c.Tool.security.RateLimitFilter - Request from IP: 10.235.148.185 | URI: /user/scratchpad | Tokens remaining: 47
2026-08-18 16:06:32 INFO  c.e.c.Tool.security.RateLimitFilter - Request from IP: 10.235.148.185 | URI: /user/recent-boards | Tokens remaining: 46
2026-08-18 16:06:32 INFO  c.e.c.Tool.security.RateLimitFilter - Request from IP: 10.235.148.185 | URI: /boards/starred | Tokens remaining: 45
2026-08-18 16:06:32 INFO  c.e.c.Tool.security.RateLimitFilter - Request from IP: 10.235.148.185 | URI: /workspace/starred | Tokens remaining: 44
2026-08-18 16:06:32 INFO  c.e.c.Tool.security.RateLimitFilter - Request from IP: 10.235.148.185 | URI: /user/notifications/unread-count | Tokens remaining: 43
2026-08-18 16:06:33 ERROR c.e.c.T.e.CollaborationExceptionHandler - Unexpected error occurred: class java.util.LinkedHashMap cannot be cast to class com.eclectics.collaboration.Tool.dto.ScratchpadDTO (java.util.LinkedHashMap is in module java.base of loader 'bootstrap'; com.eclectics.collaboration.Tool.dto.ScratchpadDTO is in unnamed module of loader 'app')
java.lang.ClassCastException: class java.util.LinkedHashMap cannot be cast to class com.eclectics.collaboration.Tool.dto.ScratchpadDTO (java.util.LinkedHashMap is in module java.base of loader 'bootstrap'; com.eclectics.collaboration.Tool.dto.ScratchpadDTO is in unnamed module of loader 'app')
	at com.eclectics.collaboration.Tool.service.Impl.UserServiceImpl$$SpringCGLIB$$0.getScratchpad(<generated>)
	at com.eclectics.collaboration.Tool.controller.UserController.getScratchpad(UserController.java:182)
	at java.base/jdk.internal.reflect.DirectMethodHandleAccessor.invoke(DirectMethodHandleAccessor.java:103)
	at java.base/java.lang.reflect.Method.invoke(Method.java:580)
	at org.springframework.web.method.support.InvocableHandlerMethod.doInvoke(InvocableHandlerMethod.java:258)
	at org.springframework.web.method.support.InvocableHandlerMethod.invokeForRequest(InvocableHandlerMethod.java:190)
	at org.springframework.web.servlet.mvc.method.annotation.ServletInvocableHandlerMethod.invokeAndHandle(ServletInvocableHandlerMethod.java:117)
	at org.springframework.web.servlet.mvc.method.annotation.RequestMappingHandlerAdapter.invokeHandlerMethod(RequestMappingHandlerAdapter.java:934)
	at org.springframework.web.servlet.mvc.method.annotation.RequestMappingHandlerAdapter.handleInternal(RequestMappingHandlerAdapter.java:853)
	at org.springframework.web.servlet.mvc.method.AbstractHandlerMethodAdapter.handle(AbstractHandlerMethodAdapter.java:86)
	at org.springframework.web.servlet.DispatcherServlet.doDispatch(DispatcherServlet.java:963)
	at org.springframework.web.servlet.DispatcherServlet.doService(DispatcherServlet.java:866)
	at org.springframework.web.servlet.FrameworkServlet.processRequest(FrameworkServlet.java:1003)
	at org.springframework.web.servlet.FrameworkServlet.doGet(FrameworkServlet.java:892)
	at jakarta.servlet.http.HttpServlet.service(HttpServlet.java:622)
	at org.springframework.web.servlet.FrameworkServlet.service(FrameworkServlet.java:874)
	at jakarta.servlet.http.HttpServlet.service(HttpServlet.java:710)
	at org.apache.catalina.core.ApplicationFilterChain.doFilter(ApplicationFilterChain.java:128)
	at org.apache.tomcat.websocket.server.WsFilter.doFilter(WsFilter.java:53)
	at org.apache.catalina.core.ApplicationFilterChain.doFilter(ApplicationFilterChain.java:107)
	at org.springframework.web.filter.OncePerRequestFilter.doFilter(OncePerRequestFilter.java:110)
	at org.apache.catalina.core.ApplicationFilterChain.doFilter(ApplicationFilterChain.java:107)
	at org.springframework.web.filter.OncePerRequestFilter.doFilter(OncePerRequestFilter.java:110)
	at org.apache.catalina.core.ApplicationFilterChain.doFilter(ApplicationFilterChain.java:107)
	at org.springframework.web.filter.CompositeFilter$VirtualFilterChain.doFilter(CompositeFilter.java:108)
	at org.springframework.security.web.FilterChainProxy.lambda$doFilterInternal$3(FilterChainProxy.java:235)
	at org.springframework.security.web.FilterChainProxy$VirtualFilterChain.doFilter(FilterChainProxy.java:371)
	at org.springframework.security.web.access.intercept.AuthorizationFilter.doFilter(AuthorizationFilter.java:101)
	at org.springframework.security.web.FilterChainProxy$VirtualFilterChain.doFilter(FilterChainProxy.java:380)
	at org.springframework.security.web.access.ExceptionTranslationFilter.doFilter(ExceptionTranslationFilter.java:126)
	at org.springframework.security.web.access.ExceptionTranslationFilter.doFilter(ExceptionTranslationFilter.java:120)
	at org.springframework.security.web.FilterChainProxy$VirtualFilterChain.doFilter(FilterChainProxy.java:380)
	at org.springframework.security.web.session.SessionManagementFilter.doFilter(SessionManagementFilter.java:132)
	at org.springframework.security.web.session.SessionManagementFilter.doFilter(SessionManagementFilter.java:86)
	at org.springframework.security.web.FilterChainProxy$VirtualFilterChain.doFilter(FilterChainProxy.java:380)
	at org.springframework.security.web.authentication.AnonymousAuthenticationFilter.doFilter(AnonymousAuthenticationFilter.java:100)
	at org.springframework.security.web.FilterChainProxy$VirtualFilterChain.doFilter(FilterChainProxy.java:380)
	at org.springframework.security.web.servletapi.SecurityContextHolderAwareRequestFilter.doFilter(SecurityContextHolderAwareRequestFilter.java:181)
	at org.springframework.security.web.FilterChainProxy$VirtualFilterChain.doFilter(FilterChainProxy.java:380)
	at org.springframework.security.web.savedrequest.RequestCacheAwareFilter.doFilter(RequestCacheAwareFilter.java:63)
	at org.springframework.security.web.FilterChainProxy$VirtualFilterChain.doFilter(FilterChainProxy.java:380)
	at com.eclectics.collaboration.Tool.security.JwtFilter.doFilterInternal(JwtFilter.java:85)
	at org.springframework.web.filter.OncePerRequestFilter.doFilter(OncePerRequestFilter.java:116)
	at org.springframework.security.web.FilterChainProxy$VirtualFilterChain.doFilter(FilterChainProxy.java:380)
	at com.eclectics.collaboration.Tool.security.RateLimitFilter.doFilterInternal(RateLimitFilter.java:50)
	at org.springframework.web.filter.OncePerRequestFilter.doFilter(OncePerRequestFilter.java:116)
	at org.springframework.security.web.FilterChainProxy$VirtualFilterChain.doFilter(FilterChainProxy.java:380)
	at org.springframework.security.web.authentication.logout.LogoutFilter.doFilter(LogoutFilter.java:110)
	at org.springframework.security.web.authentication.logout.LogoutFilter.doFilter(LogoutFilter.java:96)
	at org.springframework.security.web.FilterChainProxy$VirtualFilterChain.doFilter(FilterChainProxy.java:380)
	at org.springframework.web.filter.CorsFilter.doFilterInternal(CorsFilter.java:91)
	at org.springframework.web.filter.OncePerRequestFilter.doFilter(OncePerRequestFilter.java:116)
	at org.springframework.security.web.FilterChainProxy$VirtualFilterChain.doFilter(FilterChainProxy.java:380)
	at org.springframework.security.web.header.HeaderWriterFilter.doHeadersAfter(HeaderWriterFilter.java:90)
	at org.springframework.security.web.header.HeaderWriterFilter.doFilterInternal(HeaderWriterFilter.java:75)
	at org.springframework.web.filter.OncePerRequestFilter.doFilter(OncePerRequestFilter.java:116)
	at org.springframework.security.web.FilterChainProxy$VirtualFilterChain.doFilter(FilterChainProxy.java:380)
	at org.springframework.security.web.context.SecurityContextHolderFilter.doFilter(SecurityContextHolderFilter.java:82)
	at org.springframework.security.web.context.SecurityContextHolderFilter.doFilter(SecurityContextHolderFilter.java:69)
	at org.springframework.security.web.FilterChainProxy$VirtualFilterChain.doFilter(FilterChainProxy.java:380)
	at org.springframework.security.web.context.request.async.WebAsyncManagerIntegrationFilter.doFilterInternal(WebAsyncManagerIntegrationFilter.java:62)
	at org.springframework.web.filter.OncePerRequestFilter.doFilter(OncePerRequestFilter.java:116)
	at org.springframework.security.web.FilterChainProxy$VirtualFilterChain.doFilter(FilterChainProxy.java:380)
	at org.springframework.security.web.session.DisableEncodeUrlFilter.doFilterInternal(DisableEncodeUrlFilter.java:42)
	at org.springframework.web.filter.OncePerRequestFilter.doFilter(OncePerRequestFilter.java:116)
	at org.springframework.security.web.FilterChainProxy$VirtualFilterChain.doFilter(FilterChainProxy.java:380)
	at org.springframework.security.web.FilterChainProxy.doFilterInternal(FilterChainProxy.java:237)
	at org.springframework.security.web.FilterChainProxy.doFilter(FilterChainProxy.java:195)
	at org.springframework.web.filter.CompositeFilter$VirtualFilterChain.doFilter(CompositeFilter.java:113)
	at org.springframework.web.filter.ServletRequestPathFilter.doFilter(ServletRequestPathFilter.java:52)
	at org.springframework.web.filter.CompositeFilter$VirtualFilterChain.doFilter(CompositeFilter.java:113)
	at org.springframework.web.filter.CompositeFilter.doFilter(CompositeFilter.java:74)
	at org.springframework.security.config.annotation.web.configuration.WebSecurityConfiguration$CompositeFilterChainProxy.doFilter(WebSecurityConfiguration.java:317)
	at org.springframework.web.filter.DelegatingFilterProxy.invokeDelegate(DelegatingFilterProxy.java:355)
	at org.springframework.web.filter.DelegatingFilterProxy.doFilter(DelegatingFilterProxy.java:272)
	at org.apache.catalina.core.ApplicationFilterChain.doFilter(ApplicationFilterChain.java:107)
	at org.springframework.web.filter.RequestContextFilter.doFilterInternal(RequestContextFilter.java:100)
	at org.springframework.web.filter.OncePerRequestFilter.doFilter(OncePerRequestFilter.java:116)
	at org.apache.catalina.core.ApplicationFilterChain.doFilter(ApplicationFilterChain.java:107)
	at org.springframework.web.filter.FormContentFilter.doFilterInternal(FormContentFilter.java:93)
	at org.springframework.web.filter.OncePerRequestFilter.doFilter(OncePerRequestFilter.java:116)
	at org.apache.catalina.core.ApplicationFilterChain.doFilter(ApplicationFilterChain.java:107)
	at org.springframework.session.web.http.SessionRepositoryFilter.doFilterInternal(SessionRepositoryFilter.java:142)
	at org.springframework.session.web.http.OncePerRequestFilter.doFilter(OncePerRequestFilter.java:82)
	at org.springframework.web.filter.DelegatingFilterProxy.invokeDelegate(DelegatingFilterProxy.java:355)
	at org.springframework.web.filter.DelegatingFilterProxy.doFilter(DelegatingFilterProxy.java:272)
	at org.apache.catalina.core.ApplicationFilterChain.doFilter(ApplicationFilterChain.java:107)
	at org.springframework.web.filter.CharacterEncodingFilter.doFilterInternal(CharacterEncodingFilter.java:199)
	at org.springframework.web.filter.OncePerRequestFilter.doFilter(OncePerRequestFilter.java:116)
	at org.apache.catalina.core.ApplicationFilterChain.doFilter(ApplicationFilterChain.java:107)
	at org.apache.catalina.core.StandardWrapperValve.invoke(StandardWrapperValve.java:165)
	at org.apache.catalina.core.StandardContextValve.invoke(StandardContextValve.java:77)
	at org.apache.catalina.authenticator.AuthenticatorBase.invoke(AuthenticatorBase.java:482)
	at org.apache.catalina.core.StandardHostValve.invoke(StandardHostValve.java:113)
	at org.apache.catalina.valves.ErrorReportValve.invoke(ErrorReportValve.java:83)
	at org.apache.catalina.core.StandardEngineValve.invoke(StandardEngineValve.java:72)
	at org.apache.catalina.connector.CoyoteAdapter.service(CoyoteAdapter.java:341)
	at org.apache.coyote.http11.Http11Processor.service(Http11Processor.java:397)
	at org.apache.coyote.AbstractProcessorLight.process(AbstractProcessorLight.java:63)
	at org.apache.coyote.AbstractProtocol$ConnectionHandler.process(AbstractProtocol.java:903)
	at org.apache.tomcat.util.net.NioEndpoint$SocketProcessor.doRun(NioEndpoint.java:1778)
	at org.apache.tomcat.util.net.SocketProcessorBase.run(SocketProcessorBase.java:52)
	at org.apache.tomcat.util.threads.ThreadPoolExecutor.runWorker(ThreadPoolExecutor.java:946)
	at org.apache.tomcat.util.threads.ThreadPoolExecutor$Worker.run(ThreadPoolExecutor.java:480)
	at org.apache.tomcat.util.threads.TaskThread$WrappingRunnable.run(TaskThread.java:57)
	at java.base/java.lang.Thread.run(Thread.java:1583)
2026-08-18 16:06:33 INFO  c.e.c.Tool.security.RateLimitFilter - Request from IP: 10.235.148.185 | URI: /boards/workspace/2 | Tokens remaining: 42
2026-08-18 16:06:34 INFO  c.e.c.Tool.security.RateLimitFilter - Request from IP: 10.235.148.185 | URI: /boards/4/lists | Tokens remaining: 42
2026-08-18 16:06:40 INFO  c.e.c.Tool.security.RateLimitFilter - Request from IP: 10.235.148.185 | URI: /issues/active | Tokens remaining: 46
2026-08-18 16:06:45 INFO  c.e.c.Tool.security.RateLimitFilter - Request from IP: 10.235.148.185 | URI: /user/login | Tokens remaining: 49
2026-08-18 16:06:46 INFO  c.e.c.Tool.security.RateLimitFilter - Request from IP: 10.235.148.185 | URI: /workspace/my-workspaces | Tokens remaining: 49
2026-08-18 16:06:46 INFO  c.e.c.Tool.security.RateLimitFilter - Request from IP: 10.235.148.185 | URI: /user/scratchpad | Tokens remaining: 48
2026-08-18 16:06:46 INFO  c.e.c.Tool.security.RateLimitFilter - Request from IP: 10.235.148.185 | URI: /user/recent-boards | Tokens remaining: 47
2026-08-18 16:06:46 INFO  c.e.c.Tool.security.RateLimitFilter - Request from IP: 10.235.148.185 | URI: /boards/starred | Tokens remaining: 47
2026-08-18 16:06:46 INFO  c.e.c.Tool.security.RateLimitFilter - Request from IP: 10.235.148.185 | URI: /workspace/starred | Tokens remaining: 45
2026-08-18 16:06:46 INFO  c.e.c.Tool.security.RateLimitFilter - Request from IP: 10.235.148.185 | URI: /user/notifications/unread-count | Tokens remaining: 44
2026-08-18 16:06:46 ERROR c.e.c.T.e.CollaborationExceptionHandler - Unexpected error occurred: class java.util.LinkedHashMap cannot be cast to class com.eclectics.collaboration.Tool.dto.ScratchpadDTO (java.util.LinkedHashMap is in module java.base of loader 'bootstrap'; com.eclectics.collaboration.Tool.dto.ScratchpadDTO is in unnamed module of loader 'app')
java.lang.ClassCastException: class java.util.LinkedHashMap cannot be cast to class com.eclectics.collaboration.Tool.dto.ScratchpadDTO (java.util.LinkedHashMap is in module java.base of loader 'bootstrap'; com.eclectics.collaboration.Tool.dto.ScratchpadDTO is in unnamed module of loader 'app')
	at com.eclectics.collaboration.Tool.service.Impl.UserServiceImpl$$SpringCGLIB$$0.getScratchpad(<generated>)
	at com.eclectics.collaboration.Tool.controller.UserController.getScratchpad(UserController.java:182)
	at java.base/jdk.internal.reflect.DirectMethodHandleAccessor.invoke(DirectMethodHandleAccessor.java:103)
	at java.base/java.lang.reflect.Method.invoke(Method.java:580)
	at org.springframework.web.method.support.InvocableHandlerMethod.doInvoke(InvocableHandlerMethod.java:258)
	at org.springframework.web.method.support.InvocableHandlerMethod.invokeForRequest(InvocableHandlerMethod.java:190)
	at org.springframework.web.servlet.mvc.method.annotation.ServletInvocableHandlerMethod.invokeAndHandle(ServletInvocableHandlerMethod.java:117)
	at org.springframework.web.servlet.mvc.method.annotation.RequestMappingHandlerAdapter.invokeHandlerMethod(RequestMappingHandlerAdapter.java:934)
	at org.springframework.web.servlet.mvc.method.annotation.RequestMappingHandlerAdapter.handleInternal(RequestMappingHandlerAdapter.java:853)
	at org.springframework.web.servlet.mvc.method.AbstractHandlerMethodAdapter.handle(AbstractHandlerMethodAdapter.java:86)
	at org.springframework.web.servlet.DispatcherServlet.doDispatch(DispatcherServlet.java:963)
	at org.springframework.web.servlet.DispatcherServlet.doService(DispatcherServlet.java:866)
	at org.springframework.web.servlet.FrameworkServlet.processRequest(FrameworkServlet.java:1003)
	at org.springframework.web.servlet.FrameworkServlet.doGet(FrameworkServlet.java:892)
	at jakarta.servlet.http.HttpServlet.service(HttpServlet.java:622)
	at org.springframework.web.servlet.FrameworkServlet.service(FrameworkServlet.java:874)
	at jakarta.servlet.http.HttpServlet.service(HttpServlet.java:710)
	at org.apache.catalina.core.ApplicationFilterChain.doFilter(ApplicationFilterChain.java:128)
	at org.apache.tomcat.websocket.server.WsFilter.doFilter(WsFilter.java:53)
	at org.apache.catalina.core.ApplicationFilterChain.doFilter(ApplicationFilterChain.java:107)
	at org.springframework.web.filter.OncePerRequestFilter.doFilter(OncePerRequestFilter.java:110)
	at org.apache.catalina.core.ApplicationFilterChain.doFilter(ApplicationFilterChain.java:107)
	at org.springframework.web.filter.OncePerRequestFilter.doFilter(OncePerRequestFilter.java:110)
	at org.apache.catalina.core.ApplicationFilterChain.doFilter(ApplicationFilterChain.java:107)
	at org.springframework.web.filter.CompositeFilter$VirtualFilterChain.doFilter(CompositeFilter.java:108)
	at org.springframework.security.web.FilterChainProxy.lambda$doFilterInternal$3(FilterChainProxy.java:235)
	at org.springframework.security.web.FilterChainProxy$VirtualFilterChain.doFilter(FilterChainProxy.java:371)
	at org.springframework.security.web.access.intercept.AuthorizationFilter.doFilter(AuthorizationFilter.java:101)
	at org.springframework.security.web.FilterChainProxy$VirtualFilterChain.doFilter(FilterChainProxy.java:380)
	at org.springframework.security.web.access.ExceptionTranslationFilter.doFilter(ExceptionTranslationFilter.java:126)
	at org.springframework.security.web.access.ExceptionTranslationFilter.doFilter(ExceptionTranslationFilter.java:120)
	at org.springframework.security.web.FilterChainProxy$VirtualFilterChain.doFilter(FilterChainProxy.java:380)
	at org.springframework.security.web.session.SessionManagementFilter.doFilter(SessionManagementFilter.java:132)
	at org.springframework.security.web.session.SessionManagementFilter.doFilter(SessionManagementFilter.java:86)
	at org.springframework.security.web.FilterChainProxy$VirtualFilterChain.doFilter(FilterChainProxy.java:380)
	at org.springframework.security.web.authentication.AnonymousAuthenticationFilter.doFilter(AnonymousAuthenticationFilter.java:100)
	at org.springframework.security.web.FilterChainProxy$VirtualFilterChain.doFilter(FilterChainProxy.java:380)
	at org.springframework.security.web.servletapi.SecurityContextHolderAwareRequestFilter.doFilter(SecurityContextHolderAwareRequestFilter.java:181)
	at org.springframework.security.web.FilterChainProxy$VirtualFilterChain.doFilter(FilterChainProxy.java:380)
	at org.springframework.security.web.savedrequest.RequestCacheAwareFilter.doFilter(RequestCacheAwareFilter.java:63)
	at org.springframework.security.web.FilterChainProxy$VirtualFilterChain.doFilter(FilterChainProxy.java:380)
	at com.eclectics.collaboration.Tool.security.JwtFilter.doFilterInternal(JwtFilter.java:85)
	at org.springframework.web.filter.OncePerRequestFilter.doFilter(OncePerRequestFilter.java:116)
	at org.springframework.security.web.FilterChainProxy$VirtualFilterChain.doFilter(FilterChainProxy.java:380)
	at com.eclectics.collaboration.Tool.security.RateLimitFilter.doFilterInternal(RateLimitFilter.java:50)
	at org.springframework.web.filter.OncePerRequestFilter.doFilter(OncePerRequestFilter.java:116)
	at org.springframework.security.web.FilterChainProxy$VirtualFilterChain.doFilter(FilterChainProxy.java:380)
	at org.springframework.security.web.authentication.logout.LogoutFilter.doFilter(LogoutFilter.java:110)
	at org.springframework.security.web.authentication.logout.LogoutFilter.doFilter(LogoutFilter.java:96)
	at org.springframework.security.web.FilterChainProxy$VirtualFilterChain.doFilter(FilterChainProxy.java:380)
	at org.springframework.web.filter.CorsFilter.doFilterInternal(CorsFilter.java:91)
	at org.springframework.web.filter.OncePerRequestFilter.doFilter(OncePerRequestFilter.java:116)
	at org.springframework.security.web.FilterChainProxy$VirtualFilterChain.doFilter(FilterChainProxy.java:380)
	at org.springframework.security.web.header.HeaderWriterFilter.doHeadersAfter(HeaderWriterFilter.java:90)
	at org.springframework.security.web.header.HeaderWriterFilter.doFilterInternal(HeaderWriterFilter.java:75)
	at org.springframework.web.filter.OncePerRequestFilter.doFilter(OncePerRequestFilter.java:116)
	at org.springframework.security.web.FilterChainProxy$VirtualFilterChain.doFilter(FilterChainProxy.java:380)
	at org.springframework.security.web.context.SecurityContextHolderFilter.doFilter(SecurityContextHolderFilter.java:82)
	at org.springframework.security.web.context.SecurityContextHolderFilter.doFilter(SecurityContextHolderFilter.java:69)
	at org.springframework.security.web.FilterChainProxy$VirtualFilterChain.doFilter(FilterChainProxy.java:380)
	at org.springframework.security.web.context.request.async.WebAsyncManagerIntegrationFilter.doFilterInternal(WebAsyncManagerIntegrationFilter.java:62)
	at org.springframework.web.filter.OncePerRequestFilter.doFilter(OncePerRequestFilter.java:116)
	at org.springframework.security.web.FilterChainProxy$VirtualFilterChain.doFilter(FilterChainProxy.java:380)
	at org.springframework.security.web.session.DisableEncodeUrlFilter.doFilterInternal(DisableEncodeUrlFilter.java:42)
	at org.springframework.web.filter.OncePerRequestFilter.doFilter(OncePerRequestFilter.java:116)
	at org.springframework.security.web.FilterChainProxy$VirtualFilterChain.doFilter(FilterChainProxy.java:380)
	at org.springframework.security.web.FilterChainProxy.doFilterInternal(FilterChainProxy.java:237)
	at org.springframework.security.web.FilterChainProxy.doFilter(FilterChainProxy.java:195)
	at org.springframework.web.filter.CompositeFilter$VirtualFilterChain.doFilter(CompositeFilter.java:113)
	at org.springframework.web.filter.ServletRequestPathFilter.doFilter(ServletRequestPathFilter.java:52)
	at org.springframework.web.filter.CompositeFilter$VirtualFilterChain.doFilter(CompositeFilter.java:113)
	at org.springframework.web.filter.CompositeFilter.doFilter(CompositeFilter.java:74)
	at org.springframework.security.config.annotation.web.configuration.WebSecurityConfiguration$CompositeFilterChainProxy.doFilter(WebSecurityConfiguration.java:317)
	at org.springframework.web.filter.DelegatingFilterProxy.invokeDelegate(DelegatingFilterProxy.java:355)
	at org.springframework.web.filter.DelegatingFilterProxy.doFilter(DelegatingFilterProxy.java:272)
	at org.apache.catalina.core.ApplicationFilterChain.doFilter(ApplicationFilterChain.java:107)
	at org.springframework.web.filter.RequestContextFilter.doFilterInternal(RequestContextFilter.java:100)
	at org.springframework.web.filter.OncePerRequestFilter.doFilter(OncePerRequestFilter.java:116)
	at org.apache.catalina.core.ApplicationFilterChain.doFilter(ApplicationFilterChain.java:107)
	at org.springframework.web.filter.FormContentFilter.doFilterInternal(FormContentFilter.java:93)
	at org.springframework.web.filter.OncePerRequestFilter.doFilter(OncePerRequestFilter.java:116)
	at org.apache.catalina.core.ApplicationFilterChain.doFilter(ApplicationFilterChain.java:107)
	at org.springframework.session.web.http.SessionRepositoryFilter.doFilterInternal(SessionRepositoryFilter.java:142)
	at org.springframework.session.web.http.OncePerRequestFilter.doFilter(OncePerRequestFilter.java:82)
	at org.springframework.web.filter.DelegatingFilterProxy.invokeDelegate(DelegatingFilterProxy.java:355)
	at org.springframework.web.filter.DelegatingFilterProxy.doFilter(DelegatingFilterProxy.java:272)
	at org.apache.catalina.core.ApplicationFilterChain.doFilter(ApplicationFilterChain.java:107)
	at org.springframework.web.filter.CharacterEncodingFilter.doFilterInternal(CharacterEncodingFilter.java:199)
	at org.springframework.web.filter.OncePerRequestFilter.doFilter(OncePerRequestFilter.java:116)
	at org.apache.catalina.core.ApplicationFilterChain.doFilter(ApplicationFilterChain.java:107)
	at org.apache.catalina.core.StandardWrapperValve.invoke(StandardWrapperValve.java:165)
	at org.apache.catalina.core.StandardContextValve.invoke(StandardContextValve.java:77)
	at org.apache.catalina.authenticator.AuthenticatorBase.invoke(AuthenticatorBase.java:482)
	at org.apache.catalina.core.StandardHostValve.invoke(StandardHostValve.java:113)
	at org.apache.catalina.valves.ErrorReportValve.invoke(ErrorReportValve.java:83)
	at org.apache.catalina.core.StandardEngineValve.invoke(StandardEngineValve.java:72)
	at org.apache.catalina.connector.CoyoteAdapter.service(CoyoteAdapter.java:341)
	at org.apache.coyote.http11.Http11Processor.service(Http11Processor.java:397)
	at org.apache.coyote.AbstractProcessorLight.process(AbstractProcessorLight.java:63)
	at org.apache.coyote.AbstractProtocol$ConnectionHandler.process(AbstractProtocol.java:903)
	at org.apache.tomcat.util.net.NioEndpoint$SocketProcessor.doRun(NioEndpoint.java:1778)
	at org.apache.tomcat.util.net.SocketProcessorBase.run(SocketProcessorBase.java:52)
	at org.apache.tomcat.util.threads.ThreadPoolExecutor.runWorker(ThreadPoolExecutor.java:946)
	at org.apache.tomcat.util.threads.ThreadPoolExecutor$Worker.run(ThreadPoolExecutor.java:480)
	at org.apache.tomcat.util.threads.TaskThread$WrappingRunnable.run(TaskThread.java:57)
	at java.base/java.lang.Thread.run(Thread.java:1583)
2026-08-18 16:06:46 INFO  c.e.c.Tool.security.RateLimitFilter - Request from IP: 10.235.148.185 | URI: /boards/workspace/2 | Tokens remaining: 44
2026-08-18 16:06:47 INFO  c.e.c.Tool.security.RateLimitFilter - Request from IP: 10.235.148.185 | URI: /boards/4/lists | Tokens remaining: 43
2026-08-18 16:12:59 INFO  o.s.boot.tomcat.GracefulShutdown - Commencing graceful shutdown. Waiting for active requests to complete
2026-08-18 16:12:59 INFO  o.s.boot.tomcat.GracefulShutdown - Graceful shutdown complete
2026-08-18 16:13:00 INFO  o.s.m.s.b.SimpleBrokerMessageHandler - Stopping...
2026-08-18 16:13:00 INFO  o.s.m.s.b.SimpleBrokerMessageHandler - BrokerAvailabilityEvent[available=false, SimpleBrokerMessageHandler [org.springframework.messaging.simp.broker.DefaultSubscriptionRegistry@65fcdaeb]]
2026-08-18 16:13:00 INFO  o.s.m.s.b.SimpleBrokerMessageHandler - Stopped.
2026-08-18 16:13:00 INFO  o.s.o.j.LocalContainerEntityManagerFactoryBean - Closing JPA EntityManagerFactory for persistence unit 'default'
2026-08-18 16:13:00 INFO  com.zaxxer.hikari.HikariDataSource - HikariPool-1 - Shutdown initiated...
2026-08-18 16:13:00 INFO  com.zaxxer.hikari.HikariDataSource - HikariPool-1 - Shutdown completed.
2026-08-18 16:13:14 INFO  c.e.c.T.CollaborationToolApplication - Starting CollaborationToolApplication using Java 21.0.8 with PID 8268 (C:\Abraham\Code\Eclectics\Collaboration-Tool\target\classes started by pc in C:\Abraham\Code\Eclectics\Collaboration-Tool)
2026-08-18 16:13:14 INFO  c.e.c.T.CollaborationToolApplication - The following 1 profile is active: "prod"
2026-08-18 16:13:19 INFO  o.s.d.r.c.RepositoryConfigurationDelegate - Multiple Spring Data modules found, entering strict repository configuration mode
2026-08-18 16:13:19 INFO  o.s.d.r.c.RepositoryConfigurationDelegate - Bootstrapping Spring Data JPA repositories in DEFAULT mode.
2026-08-18 16:13:20 INFO  o.s.d.r.c.RepositoryConfigurationDelegate - Finished Spring Data repository scanning in 1006 ms. Found 25 JPA repository interfaces.
2026-08-18 16:13:20 INFO  o.s.d.r.c.RepositoryConfigurationDelegate - Multiple Spring Data modules found, entering strict repository configuration mode
2026-08-18 16:13:20 INFO  o.s.d.r.c.RepositoryConfigurationDelegate - Bootstrapping Spring Data Redis repositories in DEFAULT mode.
2026-08-18 16:13:20 INFO  o.s.d.r.c.RepositoryConfigurationExtensionSupport - Spring Data Redis - Could not safely identify store assignment for repository candidate interface com.eclectics.collaboration.Tool.repository.ActivityLogRepository; If you want this repository to be a Redis repository, consider annotating your entities with one of these annotations: org.springframework.data.redis.core.RedisHash (preferred), or consider extending one of the following types with your repository: org.springframework.data.keyvalue.repository.KeyValueRepository
2026-08-18 16:13:20 INFO  o.s.d.r.c.RepositoryConfigurationExtensionSupport - Spring Data Redis - Could not safely identify store assignment for repository candidate interface com.eclectics.collaboration.Tool.repository.BoardMemberRepository; If you want this repository to be a Redis repository, consider annotating your entities with one of these annotations: org.springframework.data.redis.core.RedisHash (preferred), or consider extending one of the following types with your repository: org.springframework.data.keyvalue.repository.KeyValueRepository
2026-08-18 16:13:20 INFO  o.s.d.r.c.RepositoryConfigurationExtensionSupport - Spring Data Redis - Could not safely identify store assignment for repository candidate interface com.eclectics.collaboration.Tool.repository.BoardsRepository; If you want this repository to be a Redis repository, consider annotating your entities with one of these annotations: org.springframework.data.redis.core.RedisHash (preferred), or consider extending one of the following types with your repository: org.springframework.data.keyvalue.repository.KeyValueRepository
2026-08-18 16:13:20 INFO  o.s.d.r.c.RepositoryConfigurationExtensionSupport - Spring Data Redis - Could not safely identify store assignment for repository candidate interface com.eclectics.collaboration.Tool.repository.CardAssigneeRepository; If you want this repository to be a Redis repository, consider annotating your entities with one of these annotations: org.springframework.data.redis.core.RedisHash (preferred), or consider extending one of the following types with your repository: org.springframework.data.keyvalue.repository.KeyValueRepository
2026-08-18 16:13:20 INFO  o.s.d.r.c.RepositoryConfigurationExtensionSupport - Spring Data Redis - Could not safely identify store assignment for repository candidate interface com.eclectics.collaboration.Tool.repository.CardLabelRepository; If you want this repository to be a Redis repository, consider annotating your entities with one of these annotations: org.springframework.data.redis.core.RedisHash (preferred), or consider extending one of the following types with your repository: org.springframework.data.keyvalue.repository.KeyValueRepository
2026-08-18 16:13:20 INFO  o.s.d.r.c.RepositoryConfigurationExtensionSupport - Spring Data Redis - Could not safely identify store assignment for repository candidate interface com.eclectics.collaboration.Tool.repository.CardRepository; If you want this repository to be a Redis repository, consider annotating your entities with one of these annotations: org.springframework.data.redis.core.RedisHash (preferred), or consider extending one of the following types with your repository: org.springframework.data.keyvalue.repository.KeyValueRepository
2026-08-18 16:13:20 INFO  o.s.d.r.c.RepositoryConfigurationExtensionSupport - Spring Data Redis - Could not safely identify store assignment for repository candidate interface com.eclectics.collaboration.Tool.repository.CommentMentionRepository; If you want this repository to be a Redis repository, consider annotating your entities with one of these annotations: org.springframework.data.redis.core.RedisHash (preferred), or consider extending one of the following types with your repository: org.springframework.data.keyvalue.repository.KeyValueRepository
2026-08-18 16:13:20 INFO  o.s.d.r.c.RepositoryConfigurationExtensionSupport - Spring Data Redis - Could not safely identify store assignment for repository candidate interface com.eclectics.collaboration.Tool.repository.CommentRepository; If you want this repository to be a Redis repository, consider annotating your entities with one of these annotations: org.springframework.data.redis.core.RedisHash (preferred), or consider extending one of the following types with your repository: org.springframework.data.keyvalue.repository.KeyValueRepository
2026-08-18 16:13:20 INFO  o.s.d.r.c.RepositoryConfigurationExtensionSupport - Spring Data Redis - Could not safely identify store assignment for repository candidate interface com.eclectics.collaboration.Tool.repository.DueDateReminderRepository; If you want this repository to be a Redis repository, consider annotating your entities with one of these annotations: org.springframework.data.redis.core.RedisHash (preferred), or consider extending one of the following types with your repository: org.springframework.data.keyvalue.repository.KeyValueRepository
2026-08-18 16:13:20 INFO  o.s.d.r.c.RepositoryConfigurationExtensionSupport - Spring Data Redis - Could not safely identify store assignment for repository candidate interface com.eclectics.collaboration.Tool.repository.FAQRepository; If you want this repository to be a Redis repository, consider annotating your entities with one of these annotations: org.springframework.data.redis.core.RedisHash (preferred), or consider extending one of the following types with your repository: org.springframework.data.keyvalue.repository.KeyValueRepository
2026-08-18 16:13:20 INFO  o.s.d.r.c.RepositoryConfigurationExtensionSupport - Spring Data Redis - Could not safely identify store assignment for repository candidate interface com.eclectics.collaboration.Tool.repository.InvitationRepository; If you want this repository to be a Redis repository, consider annotating your entities with one of these annotations: org.springframework.data.redis.core.RedisHash (preferred), or consider extending one of the following types with your repository: org.springframework.data.keyvalue.repository.KeyValueRepository
2026-08-18 16:13:20 INFO  o.s.d.r.c.RepositoryConfigurationExtensionSupport - Spring Data Redis - Could not safely identify store assignment for repository candidate interface com.eclectics.collaboration.Tool.repository.IssueRepository; If you want this repository to be a Redis repository, consider annotating your entities with one of these annotations: org.springframework.data.redis.core.RedisHash (preferred), or consider extending one of the following types with your repository: org.springframework.data.keyvalue.repository.KeyValueRepository
2026-08-18 16:13:20 INFO  o.s.d.r.c.RepositoryConfigurationExtensionSupport - Spring Data Redis - Could not safely identify store assignment for repository candidate interface com.eclectics.collaboration.Tool.repository.LabelRepository; If you want this repository to be a Redis repository, consider annotating your entities with one of these annotations: org.springframework.data.redis.core.RedisHash (preferred), or consider extending one of the following types with your repository: org.springframework.data.keyvalue.repository.KeyValueRepository
2026-08-18 16:13:20 INFO  o.s.d.r.c.RepositoryConfigurationExtensionSupport - Spring Data Redis - Could not safely identify store assignment for repository candidate interface com.eclectics.collaboration.Tool.repository.ListEntityRepository; If you want this repository to be a Redis repository, consider annotating your entities with one of these annotations: org.springframework.data.redis.core.RedisHash (preferred), or consider extending one of the following types with your repository: org.springframework.data.keyvalue.repository.KeyValueRepository
2026-08-18 16:13:20 INFO  o.s.d.r.c.RepositoryConfigurationExtensionSupport - Spring Data Redis - Could not safely identify store assignment for repository candidate interface com.eclectics.collaboration.Tool.repository.NotificationPreferenceRepository; If you want this repository to be a Redis repository, consider annotating your entities with one of these annotations: org.springframework.data.redis.core.RedisHash (preferred), or consider extending one of the following types with your repository: org.springframework.data.keyvalue.repository.KeyValueRepository
2026-08-18 16:13:20 INFO  o.s.d.r.c.RepositoryConfigurationExtensionSupport - Spring Data Redis - Could not safely identify store assignment for repository candidate interface com.eclectics.collaboration.Tool.repository.NotificationRepository; If you want this repository to be a Redis repository, consider annotating your entities with one of these annotations: org.springframework.data.redis.core.RedisHash (preferred), or consider extending one of the following types with your repository: org.springframework.data.keyvalue.repository.KeyValueRepository
2026-08-18 16:13:20 INFO  o.s.d.r.c.RepositoryConfigurationExtensionSupport - Spring Data Redis - Could not safely identify store assignment for repository candidate interface com.eclectics.collaboration.Tool.repository.RefreshTokenRepository; If you want this repository to be a Redis repository, consider annotating your entities with one of these annotations: org.springframework.data.redis.core.RedisHash (preferred), or consider extending one of the following types with your repository: org.springframework.data.keyvalue.repository.KeyValueRepository
2026-08-18 16:13:20 INFO  o.s.d.r.c.RepositoryConfigurationExtensionSupport - Spring Data Redis - Could not safely identify store assignment for repository candidate interface com.eclectics.collaboration.Tool.repository.StarredBoardRepository; If you want this repository to be a Redis repository, consider annotating your entities with one of these annotations: org.springframework.data.redis.core.RedisHash (preferred), or consider extending one of the following types with your repository: org.springframework.data.keyvalue.repository.KeyValueRepository
2026-08-18 16:13:20 INFO  o.s.d.r.c.RepositoryConfigurationExtensionSupport - Spring Data Redis - Could not safely identify store assignment for repository candidate interface com.eclectics.collaboration.Tool.repository.StarredWorkspaceRepository; If you want this repository to be a Redis repository, consider annotating your entities with one of these annotations: org.springframework.data.redis.core.RedisHash (preferred), or consider extending one of the following types with your repository: org.springframework.data.keyvalue.repository.KeyValueRepository
2026-08-18 16:13:20 INFO  o.s.d.r.c.RepositoryConfigurationExtensionSupport - Spring Data Redis - Could not safely identify store assignment for repository candidate interface com.eclectics.collaboration.Tool.repository.SystemConfigRepository; If you want this repository to be a Redis repository, consider annotating your entities with one of these annotations: org.springframework.data.redis.core.RedisHash (preferred), or consider extending one of the following types with your repository: org.springframework.data.keyvalue.repository.KeyValueRepository
2026-08-18 16:13:20 INFO  o.s.d.r.c.RepositoryConfigurationExtensionSupport - Spring Data Redis - Could not safely identify store assignment for repository candidate interface com.eclectics.collaboration.Tool.repository.TalkRepository; If you want this repository to be a Redis repository, consider annotating your entities with one of these annotations: org.springframework.data.redis.core.RedisHash (preferred), or consider extending one of the following types with your repository: org.springframework.data.keyvalue.repository.KeyValueRepository
2026-08-18 16:13:20 INFO  o.s.d.r.c.RepositoryConfigurationExtensionSupport - Spring Data Redis - Could not safely identify store assignment for repository candidate interface com.eclectics.collaboration.Tool.repository.UserRecentBoardRepository; If you want this repository to be a Redis repository, consider annotating your entities with one of these annotations: org.springframework.data.redis.core.RedisHash (preferred), or consider extending one of the following types with your repository: org.springframework.data.keyvalue.repository.KeyValueRepository
2026-08-18 16:13:20 INFO  o.s.d.r.c.RepositoryConfigurationExtensionSupport - Spring Data Redis - Could not safely identify store assignment for repository candidate interface com.eclectics.collaboration.Tool.repository.UserRespository; If you want this repository to be a Redis repository, consider annotating your entities with one of these annotations: org.springframework.data.redis.core.RedisHash (preferred), or consider extending one of the following types with your repository: org.springframework.data.keyvalue.repository.KeyValueRepository
2026-08-18 16:13:20 INFO  o.s.d.r.c.RepositoryConfigurationExtensionSupport - Spring Data Redis - Could not safely identify store assignment for repository candidate interface com.eclectics.collaboration.Tool.repository.WorkSpaceMemberRepository; If you want this repository to be a Redis repository, consider annotating your entities with one of these annotations: org.springframework.data.redis.core.RedisHash (preferred), or consider extending one of the following types with your repository: org.springframework.data.keyvalue.repository.KeyValueRepository
2026-08-18 16:13:20 INFO  o.s.d.r.c.RepositoryConfigurationExtensionSupport - Spring Data Redis - Could not safely identify store assignment for repository candidate interface com.eclectics.collaboration.Tool.repository.WorkSpaceReposiroty; If you want this repository to be a Redis repository, consider annotating your entities with one of these annotations: org.springframework.data.redis.core.RedisHash (preferred), or consider extending one of the following types with your repository: org.springframework.data.keyvalue.repository.KeyValueRepository
2026-08-18 16:13:20 INFO  o.s.d.r.c.RepositoryConfigurationDelegate - Finished Spring Data repository scanning in 116 ms. Found 0 Redis repository interfaces.
2026-08-18 16:13:23 INFO  o.s.boot.tomcat.TomcatWebServer - Tomcat initialized with port 8084 (http)
2026-08-18 16:13:23 INFO  o.a.coyote.http11.Http11NioProtocol - Initializing ProtocolHandler ["http-nio-0.0.0.0-8084"]
2026-08-18 16:13:23 INFO  o.a.catalina.core.StandardService - Starting service [Tomcat]
2026-08-18 16:13:23 INFO  o.a.catalina.core.StandardEngine - Starting Servlet engine: [Apache Tomcat/11.0.15]
2026-08-18 16:13:24 INFO  o.s.b.w.c.s.WebApplicationContextInitializer - Root WebApplicationContext: initialization completed in 9496 ms
2026-08-18 16:13:24 INFO  com.zaxxer.hikari.HikariDataSource - HikariPool-1 - Starting...
2026-08-18 16:13:25 INFO  com.zaxxer.hikari.pool.HikariPool - HikariPool-1 - Added connection org.postgresql.jdbc.PgConnection@3cb173db
2026-08-18 16:13:25 INFO  com.zaxxer.hikari.HikariDataSource - HikariPool-1 - Start completed.
2026-08-18 16:13:25 INFO  org.hibernate.orm.jpa - HHH008540: Processing PersistenceUnitInfo [name: default]
2026-08-18 16:13:26 INFO  org.hibernate.orm.core - HHH000001: Hibernate ORM core version 7.2.1.Final
2026-08-18 16:13:28 INFO  o.s.o.j.p.SpringPersistenceUnitInfo - No LoadTimeWeaver setup: ignoring JPA class transformer
2026-08-18 16:13:28 INFO  o.hibernate.orm.connections.pooling - HHH10001005: Database info:
	Database JDBC URL [jdbc:postgresql://localhost:5432/collaborationTool]
	Database driver: PostgreSQL JDBC Driver
	Database dialect: PostgreSQLDialect
	Database version: 17.6
	Default catalog/schema: collaborationTool/public
	Autocommit mode: undefined/unknown
	Isolation level: READ_COMMITTED [default READ_COMMITTED]
	JDBC fetch size: none
	Pool: DataSourceConnectionProvider
	Minimum pool size: undefined/unknown
	Maximum pool size: undefined/unknown
2026-08-18 16:13:33 INFO  org.hibernate.orm.core - HHH000489: No JTA platform available (set 'hibernate.transaction.jta.platform' to enable JTA platform integration)
2026-08-18 16:13:34 INFO  o.s.o.j.LocalContainerEntityManagerFactoryBean - Initialized JPA EntityManagerFactory for persistence unit 'default'
2026-08-18 16:13:34 INFO  o.s.d.j.r.q.QueryEnhancerFactories - Hibernate is in classpath; If applicable, HQL parser will be used.
2026-08-18 16:13:43 WARN  o.s.b.j.a.JpaBaseConfiguration$JpaWebConfiguration - spring.jpa.open-in-view is enabled by default. Therefore, database queries may be performed during view rendering. Explicitly configure spring.jpa.open-in-view to disable this warning
2026-08-18 16:13:44 INFO  o.s.v.b.OptionalValidatorFactoryBean - Failed to set up a Bean Validation provider: jakarta.validation.NoProviderFoundException: Unable to create a Configuration, because no Jakarta Validation provider could be found. Add a provider like Hibernate Validator (RI) to your classpath.
2026-08-18 16:13:47 INFO  o.s.m.s.b.SimpleBrokerMessageHandler - Starting...
2026-08-18 16:13:47 INFO  o.s.m.s.b.SimpleBrokerMessageHandler - BrokerAvailabilityEvent[available=true, SimpleBrokerMessageHandler [org.springframework.messaging.simp.broker.DefaultSubscriptionRegistry@6f7be76]]
2026-08-18 16:13:47 INFO  o.s.m.s.b.SimpleBrokerMessageHandler - Started.
2026-08-18 16:13:47 INFO  o.a.coyote.http11.Http11NioProtocol - Starting ProtocolHandler ["http-nio-0.0.0.0-8084"]
2026-08-18 16:13:47 INFO  o.s.boot.tomcat.TomcatWebServer - Tomcat started on port 8084 (http) with context path '/'
2026-08-18 16:13:47 INFO  c.e.c.T.CollaborationToolApplication - Started CollaborationToolApplication in 36.319 seconds (process running for 38.634)
2026-08-18 16:13:48 INFO  c.e.c.Tool.configuration.AdminSeeder - >>> Admin already exists, skipping: nthengeabraham952@gmail.com
2026-08-18 16:13:48 INFO  c.e.c.Tool.configuration.AdminSeeder - >>> Admin already exists, skipping: chepkemoisheilah794@gmail.com
2026-08-18 16:14:04 INFO  o.a.c.c.C.[Tomcat].[localhost].[/] - Initializing Spring DispatcherServlet 'dispatcherServlet'
2026-08-18 16:14:04 INFO  o.s.web.servlet.DispatcherServlet - Initializing Servlet 'dispatcherServlet'
2026-08-18 16:14:04 INFO  o.s.web.servlet.DispatcherServlet - Completed initialization in 6 ms
2026-08-18 16:14:04 INFO  c.e.c.Tool.security.RateLimitFilter - Request from IP: 10.235.148.185 | URI: /issues/active | Tokens remaining: 50
2026-08-18 16:14:08 INFO  c.e.c.Tool.security.RateLimitFilter - Request from IP: 10.235.148.185 | URI: /user/login | Tokens remaining: 50
2026-08-18 16:14:09 INFO  c.e.c.Tool.security.RateLimitFilter - Request from IP: 10.235.148.185 | URI: /workspace/my-workspaces | Tokens remaining: 49
2026-08-18 16:14:09 INFO  c.e.c.Tool.security.RateLimitFilter - Request from IP: 10.235.148.185 | URI: /user/scratchpad | Tokens remaining: 49
2026-08-18 16:14:09 INFO  c.e.c.Tool.security.RateLimitFilter - Request from IP: 10.235.148.185 | URI: /user/recent-boards | Tokens remaining: 48
2026-08-18 16:14:09 INFO  c.e.c.Tool.security.RateLimitFilter - Request from IP: 10.235.148.185 | URI: /boards/starred | Tokens remaining: 47
2026-08-18 16:14:09 INFO  c.e.c.Tool.security.RateLimitFilter - Request from IP: 10.235.148.185 | URI: /workspace/starred | Tokens remaining: 47
2026-08-18 16:14:09 INFO  c.e.c.Tool.security.RateLimitFilter - Request from IP: 10.235.148.185 | URI: /user/notifications/unread-count | Tokens remaining: 45
2026-08-18 16:14:14 ERROR c.e.c.T.e.CollaborationExceptionHandler - Unexpected error occurred: class java.util.LinkedHashMap cannot be cast to class com.eclectics.collaboration.Tool.dto.ScratchpadDTO (java.util.LinkedHashMap is in module java.base of loader 'bootstrap'; com.eclectics.collaboration.Tool.dto.ScratchpadDTO is in unnamed module of loader 'app')
java.lang.ClassCastException: class java.util.LinkedHashMap cannot be cast to class com.eclectics.collaboration.Tool.dto.ScratchpadDTO (java.util.LinkedHashMap is in module java.base of loader 'bootstrap'; com.eclectics.collaboration.Tool.dto.ScratchpadDTO is in unnamed module of loader 'app')
	at com.eclectics.collaboration.Tool.service.Impl.UserServiceImpl$$SpringCGLIB$$0.getScratchpad(<generated>)
	at com.eclectics.collaboration.Tool.controller.UserController.getScratchpad(UserController.java:182)
	at java.base/jdk.internal.reflect.DirectMethodHandleAccessor.invoke(DirectMethodHandleAccessor.java:103)
	at java.base/java.lang.reflect.Method.invoke(Method.java:580)
	at org.springframework.web.method.support.InvocableHandlerMethod.doInvoke(InvocableHandlerMethod.java:258)
	at org.springframework.web.method.support.InvocableHandlerMethod.invokeForRequest(InvocableHandlerMethod.java:190)
	at org.springframework.web.servlet.mvc.method.annotation.ServletInvocableHandlerMethod.invokeAndHandle(ServletInvocableHandlerMethod.java:117)
	at org.springframework.web.servlet.mvc.method.annotation.RequestMappingHandlerAdapter.invokeHandlerMethod(RequestMappingHandlerAdapter.java:934)
	at org.springframework.web.servlet.mvc.method.annotation.RequestMappingHandlerAdapter.handleInternal(RequestMappingHandlerAdapter.java:853)
	at org.springframework.web.servlet.mvc.method.AbstractHandlerMethodAdapter.handle(AbstractHandlerMethodAdapter.java:86)
	at org.springframework.web.servlet.DispatcherServlet.doDispatch(DispatcherServlet.java:963)
	at org.springframework.web.servlet.DispatcherServlet.doService(DispatcherServlet.java:866)
	at org.springframework.web.servlet.FrameworkServlet.processRequest(FrameworkServlet.java:1003)
	at org.springframework.web.servlet.FrameworkServlet.doGet(FrameworkServlet.java:892)
	at jakarta.servlet.http.HttpServlet.service(HttpServlet.java:622)
	at org.springframework.web.servlet.FrameworkServlet.service(FrameworkServlet.java:874)
	at jakarta.servlet.http.HttpServlet.service(HttpServlet.java:710)
	at org.apache.catalina.core.ApplicationFilterChain.doFilter(ApplicationFilterChain.java:128)
	at org.apache.tomcat.websocket.server.WsFilter.doFilter(WsFilter.java:53)
	at org.apache.catalina.core.ApplicationFilterChain.doFilter(ApplicationFilterChain.java:107)
	at org.springframework.web.filter.OncePerRequestFilter.doFilter(OncePerRequestFilter.java:110)
	at org.apache.catalina.core.ApplicationFilterChain.doFilter(ApplicationFilterChain.java:107)
	at org.springframework.web.filter.OncePerRequestFilter.doFilter(OncePerRequestFilter.java:110)
	at org.apache.catalina.core.ApplicationFilterChain.doFilter(ApplicationFilterChain.java:107)
	at org.springframework.web.filter.CompositeFilter$VirtualFilterChain.doFilter(CompositeFilter.java:108)
	at org.springframework.security.web.FilterChainProxy.lambda$doFilterInternal$3(FilterChainProxy.java:235)
	at org.springframework.security.web.FilterChainProxy$VirtualFilterChain.doFilter(FilterChainProxy.java:371)
	at org.springframework.security.web.access.intercept.AuthorizationFilter.doFilter(AuthorizationFilter.java:101)
	at org.springframework.security.web.FilterChainProxy$VirtualFilterChain.doFilter(FilterChainProxy.java:380)
	at org.springframework.security.web.access.ExceptionTranslationFilter.doFilter(ExceptionTranslationFilter.java:126)
	at org.springframework.security.web.access.ExceptionTranslationFilter.doFilter(ExceptionTranslationFilter.java:120)
	at org.springframework.security.web.FilterChainProxy$VirtualFilterChain.doFilter(FilterChainProxy.java:380)
	at org.springframework.security.web.session.SessionManagementFilter.doFilter(SessionManagementFilter.java:132)
	at org.springframework.security.web.session.SessionManagementFilter.doFilter(SessionManagementFilter.java:86)
	at org.springframework.security.web.FilterChainProxy$VirtualFilterChain.doFilter(FilterChainProxy.java:380)
	at org.springframework.security.web.authentication.AnonymousAuthenticationFilter.doFilter(AnonymousAuthenticationFilter.java:100)
	at org.springframework.security.web.FilterChainProxy$VirtualFilterChain.doFilter(FilterChainProxy.java:380)
	at org.springframework.security.web.servletapi.SecurityContextHolderAwareRequestFilter.doFilter(SecurityContextHolderAwareRequestFilter.java:181)
	at org.springframework.security.web.FilterChainProxy$VirtualFilterChain.doFilter(FilterChainProxy.java:380)
	at org.springframework.security.web.savedrequest.RequestCacheAwareFilter.doFilter(RequestCacheAwareFilter.java:63)
	at org.springframework.security.web.FilterChainProxy$VirtualFilterChain.doFilter(FilterChainProxy.java:380)
	at com.eclectics.collaboration.Tool.security.JwtFilter.doFilterInternal(JwtFilter.java:85)
	at org.springframework.web.filter.OncePerRequestFilter.doFilter(OncePerRequestFilter.java:116)
	at org.springframework.security.web.FilterChainProxy$VirtualFilterChain.doFilter(FilterChainProxy.java:380)
	at com.eclectics.collaboration.Tool.security.RateLimitFilter.doFilterInternal(RateLimitFilter.java:50)
	at org.springframework.web.filter.OncePerRequestFilter.doFilter(OncePerRequestFilter.java:116)
	at org.springframework.security.web.FilterChainProxy$VirtualFilterChain.doFilter(FilterChainProxy.java:380)
	at org.springframework.security.web.authentication.logout.LogoutFilter.doFilter(LogoutFilter.java:110)
	at org.springframework.security.web.authentication.logout.LogoutFilter.doFilter(LogoutFilter.java:96)
	at org.springframework.security.web.FilterChainProxy$VirtualFilterChain.doFilter(FilterChainProxy.java:380)
	at org.springframework.web.filter.CorsFilter.doFilterInternal(CorsFilter.java:91)
	at org.springframework.web.filter.OncePerRequestFilter.doFilter(OncePerRequestFilter.java:116)
	at org.springframework.security.web.FilterChainProxy$VirtualFilterChain.doFilter(FilterChainProxy.java:380)
	at org.springframework.security.web.header.HeaderWriterFilter.doHeadersAfter(HeaderWriterFilter.java:90)
	at org.springframework.security.web.header.HeaderWriterFilter.doFilterInternal(HeaderWriterFilter.java:75)
	at org.springframework.web.filter.OncePerRequestFilter.doFilter(OncePerRequestFilter.java:116)
	at org.springframework.security.web.FilterChainProxy$VirtualFilterChain.doFilter(FilterChainProxy.java:380)
	at org.springframework.security.web.context.SecurityContextHolderFilter.doFilter(SecurityContextHolderFilter.java:82)
	at org.springframework.security.web.context.SecurityContextHolderFilter.doFilter(SecurityContextHolderFilter.java:69)
	at org.springframework.security.web.FilterChainProxy$VirtualFilterChain.doFilter(FilterChainProxy.java:380)
	at org.springframework.security.web.context.request.async.WebAsyncManagerIntegrationFilter.doFilterInternal(WebAsyncManagerIntegrationFilter.java:62)
	at org.springframework.web.filter.OncePerRequestFilter.doFilter(OncePerRequestFilter.java:116)
	at org.springframework.security.web.FilterChainProxy$VirtualFilterChain.doFilter(FilterChainProxy.java:380)
	at org.springframework.security.web.session.DisableEncodeUrlFilter.doFilterInternal(DisableEncodeUrlFilter.java:42)
	at org.springframework.web.filter.OncePerRequestFilter.doFilter(OncePerRequestFilter.java:116)
	at org.springframework.security.web.FilterChainProxy$VirtualFilterChain.doFilter(FilterChainProxy.java:380)
	at org.springframework.security.web.FilterChainProxy.doFilterInternal(FilterChainProxy.java:237)
	at org.springframework.security.web.FilterChainProxy.doFilter(FilterChainProxy.java:195)
	at org.springframework.web.filter.CompositeFilter$VirtualFilterChain.doFilter(CompositeFilter.java:113)
	at org.springframework.web.filter.ServletRequestPathFilter.doFilter(ServletRequestPathFilter.java:52)
	at org.springframework.web.filter.CompositeFilter$VirtualFilterChain.doFilter(CompositeFilter.java:113)
	at org.springframework.web.filter.CompositeFilter.doFilter(CompositeFilter.java:74)
	at org.springframework.security.config.annotation.web.configuration.WebSecurityConfiguration$CompositeFilterChainProxy.doFilter(WebSecurityConfiguration.java:317)
	at org.springframework.web.filter.DelegatingFilterProxy.invokeDelegate(DelegatingFilterProxy.java:355)
	at org.springframework.web.filter.DelegatingFilterProxy.doFilter(DelegatingFilterProxy.java:272)
	at org.apache.catalina.core.ApplicationFilterChain.doFilter(ApplicationFilterChain.java:107)
	at org.springframework.web.filter.RequestContextFilter.doFilterInternal(RequestContextFilter.java:100)
	at org.springframework.web.filter.OncePerRequestFilter.doFilter(OncePerRequestFilter.java:116)
	at org.apache.catalina.core.ApplicationFilterChain.doFilter(ApplicationFilterChain.java:107)
	at org.springframework.web.filter.FormContentFilter.doFilterInternal(FormContentFilter.java:93)
	at org.springframework.web.filter.OncePerRequestFilter.doFilter(OncePerRequestFilter.java:116)
	at org.apache.catalina.core.ApplicationFilterChain.doFilter(ApplicationFilterChain.java:107)
	at org.springframework.session.web.http.SessionRepositoryFilter.doFilterInternal(SessionRepositoryFilter.java:142)
	at org.springframework.session.web.http.OncePerRequestFilter.doFilter(OncePerRequestFilter.java:82)
	at org.springframework.web.filter.DelegatingFilterProxy.invokeDelegate(DelegatingFilterProxy.java:355)
	at org.springframework.web.filter.DelegatingFilterProxy.doFilter(DelegatingFilterProxy.java:272)
	at org.apache.catalina.core.ApplicationFilterChain.doFilter(ApplicationFilterChain.java:107)
	at org.springframework.web.filter.CharacterEncodingFilter.doFilterInternal(CharacterEncodingFilter.java:199)
	at org.springframework.web.filter.OncePerRequestFilter.doFilter(OncePerRequestFilter.java:116)
	at org.apache.catalina.core.ApplicationFilterChain.doFilter(ApplicationFilterChain.java:107)
	at org.apache.catalina.core.StandardWrapperValve.invoke(StandardWrapperValve.java:165)
	at org.apache.catalina.core.StandardContextValve.invoke(StandardContextValve.java:77)
	at org.apache.catalina.authenticator.AuthenticatorBase.invoke(AuthenticatorBase.java:482)
	at org.apache.catalina.core.StandardHostValve.invoke(StandardHostValve.java:113)
	at org.apache.catalina.valves.ErrorReportValve.invoke(ErrorReportValve.java:83)
	at org.apache.catalina.core.StandardEngineValve.invoke(StandardEngineValve.java:72)
	at org.apache.catalina.connector.CoyoteAdapter.service(CoyoteAdapter.java:341)
	at org.apache.coyote.http11.Http11Processor.service(Http11Processor.java:397)
	at org.apache.coyote.AbstractProcessorLight.process(AbstractProcessorLight.java:63)
	at org.apache.coyote.AbstractProtocol$ConnectionHandler.process(AbstractProtocol.java:903)
	at org.apache.tomcat.util.net.NioEndpoint$SocketProcessor.doRun(NioEndpoint.java:1778)
	at org.apache.tomcat.util.net.SocketProcessorBase.run(SocketProcessorBase.java:52)
	at org.apache.tomcat.util.threads.ThreadPoolExecutor.runWorker(ThreadPoolExecutor.java:946)
	at org.apache.tomcat.util.threads.ThreadPoolExecutor$Worker.run(ThreadPoolExecutor.java:480)
	at org.apache.tomcat.util.threads.TaskThread$WrappingRunnable.run(TaskThread.java:57)
	at java.base/java.lang.Thread.run(Thread.java:1583)
2026-08-18 16:14:14 INFO  c.e.c.Tool.security.RateLimitFilter - Request from IP: 10.235.148.185 | URI: /boards/workspace/2 | Tokens remaining: 48
2026-08-18 16:14:15 INFO  c.e.c.Tool.security.RateLimitFilter - Request from IP: 10.235.148.185 | URI: /boards/4/lists | Tokens remaining: 47
2026-08-18 16:14:27 INFO  c.e.c.Tool.security.RateLimitFilter - Request from IP: 10.235.148.185 | URI: /user/scratchpad | Tokens remaining: 50
2026-08-18 16:14:31 INFO  c.e.c.Tool.security.RateLimitFilter - Request from IP: 10.235.148.185 | URI: /issues/active | Tokens remaining: 50
2026-08-18 16:14:35 INFO  c.e.c.Tool.security.RateLimitFilter - Request from IP: 10.235.148.185 | URI: /user/login | Tokens remaining: 50
2026-08-18 16:14:36 INFO  c.e.c.Tool.security.RateLimitFilter - Request from IP: 10.235.148.185 | URI: /workspace/my-workspaces | Tokens remaining: 49
2026-08-18 16:14:36 INFO  c.e.c.Tool.security.RateLimitFilter - Request from IP: 10.235.148.185 | URI: /user/recent-boards | Tokens remaining: 48
2026-08-18 16:14:36 INFO  c.e.c.Tool.security.RateLimitFilter - Request from IP: 10.235.148.185 | URI: /user/scratchpad | Tokens remaining: 47
2026-08-18 16:14:36 INFO  c.e.c.Tool.security.RateLimitFilter - Request from IP: 10.235.148.185 | URI: /user/notifications/unread-count | Tokens remaining: 46
2026-08-18 16:14:36 INFO  c.e.c.Tool.security.RateLimitFilter - Request from IP: 10.235.148.185 | URI: /boards/starred | Tokens remaining: 45
2026-08-18 16:14:36 INFO  c.e.c.Tool.security.RateLimitFilter - Request from IP: 10.235.148.185 | URI: /workspace/starred | Tokens remaining: 44
2026-08-18 16:14:36 INFO  c.e.c.Tool.security.RateLimitFilter - Request from IP: 10.235.148.185 | URI: /boards/workspace/2 | Tokens remaining: 43
2026-08-18 16:14:36 ERROR c.e.c.T.e.CollaborationExceptionHandler - Unexpected error occurred: class java.util.LinkedHashMap cannot be cast to class com.eclectics.collaboration.Tool.dto.ScratchpadDTO (java.util.LinkedHashMap is in module java.base of loader 'bootstrap'; com.eclectics.collaboration.Tool.dto.ScratchpadDTO is in unnamed module of loader 'app')
java.lang.ClassCastException: class java.util.LinkedHashMap cannot be cast to class com.eclectics.collaboration.Tool.dto.ScratchpadDTO (java.util.LinkedHashMap is in module java.base of loader 'bootstrap'; com.eclectics.collaboration.Tool.dto.ScratchpadDTO is in unnamed module of loader 'app')
	at com.eclectics.collaboration.Tool.service.Impl.UserServiceImpl$$SpringCGLIB$$0.getScratchpad(<generated>)
	at com.eclectics.collaboration.Tool.controller.UserController.getScratchpad(UserController.java:182)
	at java.base/jdk.internal.reflect.DirectMethodHandleAccessor.invoke(DirectMethodHandleAccessor.java:103)
	at java.base/java.lang.reflect.Method.invoke(Method.java:580)
	at org.springframework.web.method.support.InvocableHandlerMethod.doInvoke(InvocableHandlerMethod.java:258)
	at org.springframework.web.method.support.InvocableHandlerMethod.invokeForRequest(InvocableHandlerMethod.java:190)
	at org.springframework.web.servlet.mvc.method.annotation.ServletInvocableHandlerMethod.invokeAndHandle(ServletInvocableHandlerMethod.java:117)
	at org.springframework.web.servlet.mvc.method.annotation.RequestMappingHandlerAdapter.invokeHandlerMethod(RequestMappingHandlerAdapter.java:934)
	at org.springframework.web.servlet.mvc.method.annotation.RequestMappingHandlerAdapter.handleInternal(RequestMappingHandlerAdapter.java:853)
	at org.springframework.web.servlet.mvc.method.AbstractHandlerMethodAdapter.handle(AbstractHandlerMethodAdapter.java:86)
	at org.springframework.web.servlet.DispatcherServlet.doDispatch(DispatcherServlet.java:963)
	at org.springframework.web.servlet.DispatcherServlet.doService(DispatcherServlet.java:866)
	at org.springframework.web.servlet.FrameworkServlet.processRequest(FrameworkServlet.java:1003)
	at org.springframework.web.servlet.FrameworkServlet.doGet(FrameworkServlet.java:892)
	at jakarta.servlet.http.HttpServlet.service(HttpServlet.java:622)
	at org.springframework.web.servlet.FrameworkServlet.service(FrameworkServlet.java:874)
	at jakarta.servlet.http.HttpServlet.service(HttpServlet.java:710)
	at org.apache.catalina.core.ApplicationFilterChain.doFilter(ApplicationFilterChain.java:128)
	at org.apache.tomcat.websocket.server.WsFilter.doFilter(WsFilter.java:53)
	at org.apache.catalina.core.ApplicationFilterChain.doFilter(ApplicationFilterChain.java:107)
	at org.springframework.web.filter.OncePerRequestFilter.doFilter(OncePerRequestFilter.java:110)
	at org.apache.catalina.core.ApplicationFilterChain.doFilter(ApplicationFilterChain.java:107)
	at org.springframework.web.filter.OncePerRequestFilter.doFilter(OncePerRequestFilter.java:110)
	at org.apache.catalina.core.ApplicationFilterChain.doFilter(ApplicationFilterChain.java:107)
	at org.springframework.web.filter.CompositeFilter$VirtualFilterChain.doFilter(CompositeFilter.java:108)
	at org.springframework.security.web.FilterChainProxy.lambda$doFilterInternal$3(FilterChainProxy.java:235)
	at org.springframework.security.web.FilterChainProxy$VirtualFilterChain.doFilter(FilterChainProxy.java:371)
	at org.springframework.security.web.access.intercept.AuthorizationFilter.doFilter(AuthorizationFilter.java:101)
	at org.springframework.security.web.FilterChainProxy$VirtualFilterChain.doFilter(FilterChainProxy.java:380)
	at org.springframework.security.web.access.ExceptionTranslationFilter.doFilter(ExceptionTranslationFilter.java:126)
	at org.springframework.security.web.access.ExceptionTranslationFilter.doFilter(ExceptionTranslationFilter.java:120)
	at org.springframework.security.web.FilterChainProxy$VirtualFilterChain.doFilter(FilterChainProxy.java:380)
	at org.springframework.security.web.session.SessionManagementFilter.doFilter(SessionManagementFilter.java:132)
	at org.springframework.security.web.session.SessionManagementFilter.doFilter(SessionManagementFilter.java:86)
	at org.springframework.security.web.FilterChainProxy$VirtualFilterChain.doFilter(FilterChainProxy.java:380)
	at org.springframework.security.web.authentication.AnonymousAuthenticationFilter.doFilter(AnonymousAuthenticationFilter.java:100)
	at org.springframework.security.web.FilterChainProxy$VirtualFilterChain.doFilter(FilterChainProxy.java:380)
	at org.springframework.security.web.servletapi.SecurityContextHolderAwareRequestFilter.doFilter(SecurityContextHolderAwareRequestFilter.java:181)
	at org.springframework.security.web.FilterChainProxy$VirtualFilterChain.doFilter(FilterChainProxy.java:380)
	at org.springframework.security.web.savedrequest.RequestCacheAwareFilter.doFilter(RequestCacheAwareFilter.java:63)
	at org.springframework.security.web.FilterChainProxy$VirtualFilterChain.doFilter(FilterChainProxy.java:380)
	at com.eclectics.collaboration.Tool.security.JwtFilter.doFilterInternal(JwtFilter.java:85)
	at org.springframework.web.filter.OncePerRequestFilter.doFilter(OncePerRequestFilter.java:116)
	at org.springframework.security.web.FilterChainProxy$VirtualFilterChain.doFilter(FilterChainProxy.java:380)
	at com.eclectics.collaboration.Tool.security.RateLimitFilter.doFilterInternal(RateLimitFilter.java:50)
	at org.springframework.web.filter.OncePerRequestFilter.doFilter(OncePerRequestFilter.java:116)
	at org.springframework.security.web.FilterChainProxy$VirtualFilterChain.doFilter(FilterChainProxy.java:380)
	at org.springframework.security.web.authentication.logout.LogoutFilter.doFilter(LogoutFilter.java:110)
	at org.springframework.security.web.authentication.logout.LogoutFilter.doFilter(LogoutFilter.java:96)
	at org.springframework.security.web.FilterChainProxy$VirtualFilterChain.doFilter(FilterChainProxy.java:380)
	at org.springframework.web.filter.CorsFilter.doFilterInternal(CorsFilter.java:91)
	at org.springframework.web.filter.OncePerRequestFilter.doFilter(OncePerRequestFilter.java:116)
	at org.springframework.security.web.FilterChainProxy$VirtualFilterChain.doFilter(FilterChainProxy.java:380)
	at org.springframework.security.web.header.HeaderWriterFilter.doHeadersAfter(HeaderWriterFilter.java:90)
	at org.springframework.security.web.header.HeaderWriterFilter.doFilterInternal(HeaderWriterFilter.java:75)
	at org.springframework.web.filter.OncePerRequestFilter.doFilter(OncePerRequestFilter.java:116)
	at org.springframework.security.web.FilterChainProxy$VirtualFilterChain.doFilter(FilterChainProxy.java:380)
	at org.springframework.security.web.context.SecurityContextHolderFilter.doFilter(SecurityContextHolderFilter.java:82)
	at org.springframework.security.web.context.SecurityContextHolderFilter.doFilter(SecurityContextHolderFilter.java:69)
	at org.springframework.security.web.FilterChainProxy$VirtualFilterChain.doFilter(FilterChainProxy.java:380)
	at org.springframework.security.web.context.request.async.WebAsyncManagerIntegrationFilter.doFilterInternal(WebAsyncManagerIntegrationFilter.java:62)
	at org.springframework.web.filter.OncePerRequestFilter.doFilter(OncePerRequestFilter.java:116)
	at org.springframework.security.web.FilterChainProxy$VirtualFilterChain.doFilter(FilterChainProxy.java:380)
	at org.springframework.security.web.session.DisableEncodeUrlFilter.doFilterInternal(DisableEncodeUrlFilter.java:42)
	at org.springframework.web.filter.OncePerRequestFilter.doFilter(OncePerRequestFilter.java:116)
	at org.springframework.security.web.FilterChainProxy$VirtualFilterChain.doFilter(FilterChainProxy.java:380)
	at org.springframework.security.web.FilterChainProxy.doFilterInternal(FilterChainProxy.java:237)
	at org.springframework.security.web.FilterChainProxy.doFilter(FilterChainProxy.java:195)
	at org.springframework.web.filter.CompositeFilter$VirtualFilterChain.doFilter(CompositeFilter.java:113)
	at org.springframework.web.filter.ServletRequestPathFilter.doFilter(ServletRequestPathFilter.java:52)
	at org.springframework.web.filter.CompositeFilter$VirtualFilterChain.doFilter(CompositeFilter.java:113)
	at org.springframework.web.filter.CompositeFilter.doFilter(CompositeFilter.java:74)
	at org.springframework.security.config.annotation.web.configuration.WebSecurityConfiguration$CompositeFilterChainProxy.doFilter(WebSecurityConfiguration.java:317)
	at org.springframework.web.filter.DelegatingFilterProxy.invokeDelegate(DelegatingFilterProxy.java:355)
	at org.springframework.web.filter.DelegatingFilterProxy.doFilter(DelegatingFilterProxy.java:272)
	at org.apache.catalina.core.ApplicationFilterChain.doFilter(ApplicationFilterChain.java:107)
	at org.springframework.web.filter.RequestContextFilter.doFilterInternal(RequestContextFilter.java:100)
	at org.springframework.web.filter.OncePerRequestFilter.doFilter(OncePerRequestFilter.java:116)
	at org.apache.catalina.core.ApplicationFilterChain.doFilter(ApplicationFilterChain.java:107)
	at org.springframework.web.filter.FormContentFilter.doFilterInternal(FormContentFilter.java:93)
	at org.springframework.web.filter.OncePerRequestFilter.doFilter(OncePerRequestFilter.java:116)
	at org.apache.catalina.core.ApplicationFilterChain.doFilter(ApplicationFilterChain.java:107)
	at org.springframework.session.web.http.SessionRepositoryFilter.doFilterInternal(SessionRepositoryFilter.java:142)
	at org.springframework.session.web.http.OncePerRequestFilter.doFilter(OncePerRequestFilter.java:82)
	at org.springframework.web.filter.DelegatingFilterProxy.invokeDelegate(DelegatingFilterProxy.java:355)
	at org.springframework.web.filter.DelegatingFilterProxy.doFilter(DelegatingFilterProxy.java:272)
	at org.apache.catalina.core.ApplicationFilterChain.doFilter(ApplicationFilterChain.java:107)
	at org.springframework.web.filter.CharacterEncodingFilter.doFilterInternal(CharacterEncodingFilter.java:199)
	at org.springframework.web.filter.OncePerRequestFilter.doFilter(OncePerRequestFilter.java:116)
	at org.apache.catalina.core.ApplicationFilterChain.doFilter(ApplicationFilterChain.java:107)
	at org.apache.catalina.core.StandardWrapperValve.invoke(StandardWrapperValve.java:165)
	at org.apache.catalina.core.StandardContextValve.invoke(StandardContextValve.java:77)
	at org.apache.catalina.authenticator.AuthenticatorBase.invoke(AuthenticatorBase.java:482)
	at org.apache.catalina.core.StandardHostValve.invoke(StandardHostValve.java:113)
	at org.apache.catalina.valves.ErrorReportValve.invoke(ErrorReportValve.java:83)
	at org.apache.catalina.core.StandardEngineValve.invoke(StandardEngineValve.java:72)
	at org.apache.catalina.connector.CoyoteAdapter.service(CoyoteAdapter.java:341)
	at org.apache.coyote.http11.Http11Processor.service(Http11Processor.java:397)
	at org.apache.coyote.AbstractProcessorLight.process(AbstractProcessorLight.java:63)
	at org.apache.coyote.AbstractProtocol$ConnectionHandler.process(AbstractProtocol.java:903)
	at org.apache.tomcat.util.net.NioEndpoint$SocketProcessor.doRun(NioEndpoint.java:1778)
	at org.apache.tomcat.util.net.SocketProcessorBase.run(SocketProcessorBase.java:52)
	at org.apache.tomcat.util.threads.ThreadPoolExecutor.runWorker(ThreadPoolExecutor.java:946)
	at org.apache.tomcat.util.threads.ThreadPoolExecutor$Worker.run(ThreadPoolExecutor.java:480)
	at org.apache.tomcat.util.threads.TaskThread$WrappingRunnable.run(TaskThread.java:57)
	at java.base/java.lang.Thread.run(Thread.java:1583)
2026-08-18 16:14:37 INFO  c.e.c.Tool.security.RateLimitFilter - Request from IP: 10.235.148.185 | URI: /boards/4/lists | Tokens remaining: 43
2026-08-18 16:14:47 INFO  o.s.w.s.c.WebSocketMessageBrokerStats - WebSocketSession[0 current WS(0)-HttpStream(0)-HttpPoll(0), 0 total, 0 closed abnormally (0 connect failure, 0 send limit, 0 transport error)], stompSubProtocol[processed CONNECT(0)-CONNECTED(0)-DISCONNECT(0)], stompBrokerRelay[null], inboundChannel[pool size = 0, active threads = 0, queued tasks = 0, completed tasks = 0], outboundChannel[pool size = 0, active threads = 0, queued tasks = 0, completed tasks = 0], sockJsScheduler[pool size = 4, active threads = 1, queued tasks = 3, completed tasks = 3]
2026-08-18 16:14:48 INFO  c.e.c.Tool.security.RateLimitFilter - Request from IP: 10.235.148.185 | URI: /user/scratchpad | Tokens remaining: 50
2026-08-18 16:14:50 INFO  c.e.c.Tool.security.RateLimitFilter - Request from IP: 10.235.148.185 | URI: /issues/active | Tokens remaining: 50
2026-08-18 16:14:54 INFO  c.e.c.Tool.security.RateLimitFilter - Request from IP: 10.235.148.185 | URI: /user/login | Tokens remaining: 50
2026-08-18 16:14:54 INFO  c.e.c.Tool.security.RateLimitFilter - Request from IP: 10.235.148.185 | URI: /workspace/my-workspaces | Tokens remaining: 49
2026-08-18 16:14:54 INFO  c.e.c.Tool.security.RateLimitFilter - Request from IP: 10.235.148.185 | URI: /user/scratchpad | Tokens remaining: 48
2026-08-18 16:14:54 INFO  c.e.c.Tool.security.RateLimitFilter - Request from IP: 10.235.148.185 | URI: /user/recent-boards | Tokens remaining: 47
2026-08-18 16:14:54 INFO  c.e.c.Tool.security.RateLimitFilter - Request from IP: 10.235.148.185 | URI: /boards/starred | Tokens remaining: 46
2026-08-18 16:14:54 INFO  c.e.c.Tool.security.RateLimitFilter - Request from IP: 10.235.148.185 | URI: /workspace/starred | Tokens remaining: 45
2026-08-18 16:14:54 INFO  c.e.c.Tool.security.RateLimitFilter - Request from IP: 10.235.148.185 | URI: /user/notifications/unread-count | Tokens remaining: 44
2026-08-18 16:14:55 INFO  c.e.c.Tool.security.RateLimitFilter - Request from IP: 10.235.148.185 | URI: /boards/workspace/2 | Tokens remaining: 43
2026-08-18 16:14:55 ERROR c.e.c.T.e.CollaborationExceptionHandler - Unexpected error occurred: class java.util.LinkedHashMap cannot be cast to class com.eclectics.collaboration.Tool.dto.ScratchpadDTO (java.util.LinkedHashMap is in module java.base of loader 'bootstrap'; com.eclectics.collaboration.Tool.dto.ScratchpadDTO is in unnamed module of loader 'app')
java.lang.ClassCastException: class java.util.LinkedHashMap cannot be cast to class com.eclectics.collaboration.Tool.dto.ScratchpadDTO (java.util.LinkedHashMap is in module java.base of loader 'bootstrap'; com.eclectics.collaboration.Tool.dto.ScratchpadDTO is in unnamed module of loader 'app')
	at com.eclectics.collaboration.Tool.service.Impl.UserServiceImpl$$SpringCGLIB$$0.getScratchpad(<generated>)
	at com.eclectics.collaboration.Tool.controller.UserController.getScratchpad(UserController.java:182)
	at java.base/jdk.internal.reflect.DirectMethodHandleAccessor.invoke(DirectMethodHandleAccessor.java:103)
	at java.base/java.lang.reflect.Method.invoke(Method.java:580)
	at org.springframework.web.method.support.InvocableHandlerMethod.doInvoke(InvocableHandlerMethod.java:258)
	at org.springframework.web.method.support.InvocableHandlerMethod.invokeForRequest(InvocableHandlerMethod.java:190)
	at org.springframework.web.servlet.mvc.method.annotation.ServletInvocableHandlerMethod.invokeAndHandle(ServletInvocableHandlerMethod.java:117)
	at org.springframework.web.servlet.mvc.method.annotation.RequestMappingHandlerAdapter.invokeHandlerMethod(RequestMappingHandlerAdapter.java:934)
	at org.springframework.web.servlet.mvc.method.annotation.RequestMappingHandlerAdapter.handleInternal(RequestMappingHandlerAdapter.java:853)
	at org.springframework.web.servlet.mvc.method.AbstractHandlerMethodAdapter.handle(AbstractHandlerMethodAdapter.java:86)
	at org.springframework.web.servlet.DispatcherServlet.doDispatch(DispatcherServlet.java:963)
	at org.springframework.web.servlet.DispatcherServlet.doService(DispatcherServlet.java:866)
	at org.springframework.web.servlet.FrameworkServlet.processRequest(FrameworkServlet.java:1003)
	at org.springframework.web.servlet.FrameworkServlet.doGet(FrameworkServlet.java:892)
	at jakarta.servlet.http.HttpServlet.service(HttpServlet.java:622)
	at org.springframework.web.servlet.FrameworkServlet.service(FrameworkServlet.java:874)
	at jakarta.servlet.http.HttpServlet.service(HttpServlet.java:710)
	at org.apache.catalina.core.ApplicationFilterChain.doFilter(ApplicationFilterChain.java:128)
	at org.apache.tomcat.websocket.server.WsFilter.doFilter(WsFilter.java:53)
	at org.apache.catalina.core.ApplicationFilterChain.doFilter(ApplicationFilterChain.java:107)
	at org.springframework.web.filter.OncePerRequestFilter.doFilter(OncePerRequestFilter.java:110)
	at org.apache.catalina.core.ApplicationFilterChain.doFilter(ApplicationFilterChain.java:107)
	at org.springframework.web.filter.OncePerRequestFilter.doFilter(OncePerRequestFilter.java:110)
	at org.apache.catalina.core.ApplicationFilterChain.doFilter(ApplicationFilterChain.java:107)
	at org.springframework.web.filter.CompositeFilter$VirtualFilterChain.doFilter(CompositeFilter.java:108)
	at org.springframework.security.web.FilterChainProxy.lambda$doFilterInternal$3(FilterChainProxy.java:235)
	at org.springframework.security.web.FilterChainProxy$VirtualFilterChain.doFilter(FilterChainProxy.java:371)
	at org.springframework.security.web.access.intercept.AuthorizationFilter.doFilter(AuthorizationFilter.java:101)
	at org.springframework.security.web.FilterChainProxy$VirtualFilterChain.doFilter(FilterChainProxy.java:380)
	at org.springframework.security.web.access.ExceptionTranslationFilter.doFilter(ExceptionTranslationFilter.java:126)
	at org.springframework.security.web.access.ExceptionTranslationFilter.doFilter(ExceptionTranslationFilter.java:120)
	at org.springframework.security.web.FilterChainProxy$VirtualFilterChain.doFilter(FilterChainProxy.java:380)
	at org.springframework.security.web.session.SessionManagementFilter.doFilter(SessionManagementFilter.java:132)
	at org.springframework.security.web.session.SessionManagementFilter.doFilter(SessionManagementFilter.java:86)
	at org.springframework.security.web.FilterChainProxy$VirtualFilterChain.doFilter(FilterChainProxy.java:380)
	at org.springframework.security.web.authentication.AnonymousAuthenticationFilter.doFilter(AnonymousAuthenticationFilter.java:100)
	at org.springframework.security.web.FilterChainProxy$VirtualFilterChain.doFilter(FilterChainProxy.java:380)
	at org.springframework.security.web.servletapi.SecurityContextHolderAwareRequestFilter.doFilter(SecurityContextHolderAwareRequestFilter.java:181)
	at org.springframework.security.web.FilterChainProxy$VirtualFilterChain.doFilter(FilterChainProxy.java:380)
	at org.springframework.security.web.savedrequest.RequestCacheAwareFilter.doFilter(RequestCacheAwareFilter.java:63)
	at org.springframework.security.web.FilterChainProxy$VirtualFilterChain.doFilter(FilterChainProxy.java:380)
	at com.eclectics.collaboration.Tool.security.JwtFilter.doFilterInternal(JwtFilter.java:85)
	at org.springframework.web.filter.OncePerRequestFilter.doFilter(OncePerRequestFilter.java:116)
	at org.springframework.security.web.FilterChainProxy$VirtualFilterChain.doFilter(FilterChainProxy.java:380)
	at com.eclectics.collaboration.Tool.security.RateLimitFilter.doFilterInternal(RateLimitFilter.java:50)
	at org.springframework.web.filter.OncePerRequestFilter.doFilter(OncePerRequestFilter.java:116)
	at org.springframework.security.web.FilterChainProxy$VirtualFilterChain.doFilter(FilterChainProxy.java:380)
	at org.springframework.security.web.authentication.logout.LogoutFilter.doFilter(LogoutFilter.java:110)
	at org.springframework.security.web.authentication.logout.LogoutFilter.doFilter(LogoutFilter.java:96)
	at org.springframework.security.web.FilterChainProxy$VirtualFilterChain.doFilter(FilterChainProxy.java:380)
	at org.springframework.web.filter.CorsFilter.doFilterInternal(CorsFilter.java:91)
	at org.springframework.web.filter.OncePerRequestFilter.doFilter(OncePerRequestFilter.java:116)
	at org.springframework.security.web.FilterChainProxy$VirtualFilterChain.doFilter(FilterChainProxy.java:380)
	at org.springframework.security.web.header.HeaderWriterFilter.doHeadersAfter(HeaderWriterFilter.java:90)
	at org.springframework.security.web.header.HeaderWriterFilter.doFilterInternal(HeaderWriterFilter.java:75)
	at org.springframework.web.filter.OncePerRequestFilter.doFilter(OncePerRequestFilter.java:116)
	at org.springframework.security.web.FilterChainProxy$VirtualFilterChain.doFilter(FilterChainProxy.java:380)
	at org.springframework.security.web.context.SecurityContextHolderFilter.doFilter(SecurityContextHolderFilter.java:82)
	at org.springframework.security.web.context.SecurityContextHolderFilter.doFilter(SecurityContextHolderFilter.java:69)
	at org.springframework.security.web.FilterChainProxy$VirtualFilterChain.doFilter(FilterChainProxy.java:380)
	at org.springframework.security.web.context.request.async.WebAsyncManagerIntegrationFilter.doFilterInternal(WebAsyncManagerIntegrationFilter.java:62)
	at org.springframework.web.filter.OncePerRequestFilter.doFilter(OncePerRequestFilter.java:116)
	at org.springframework.security.web.FilterChainProxy$VirtualFilterChain.doFilter(FilterChainProxy.java:380)
	at org.springframework.security.web.session.DisableEncodeUrlFilter.doFilterInternal(DisableEncodeUrlFilter.java:42)
	at org.springframework.web.filter.OncePerRequestFilter.doFilter(OncePerRequestFilter.java:116)
	at org.springframework.security.web.FilterChainProxy$VirtualFilterChain.doFilter(FilterChainProxy.java:380)
	at org.springframework.security.web.FilterChainProxy.doFilterInternal(FilterChainProxy.java:237)
	at org.springframework.security.web.FilterChainProxy.doFilter(FilterChainProxy.java:195)
	at org.springframework.web.filter.CompositeFilter$VirtualFilterChain.doFilter(CompositeFilter.java:113)
	at org.springframework.web.filter.ServletRequestPathFilter.doFilter(ServletRequestPathFilter.java:52)
	at org.springframework.web.filter.CompositeFilter$VirtualFilterChain.doFilter(CompositeFilter.java:113)
	at org.springframework.web.filter.CompositeFilter.doFilter(CompositeFilter.java:74)
	at org.springframework.security.config.annotation.web.configuration.WebSecurityConfiguration$CompositeFilterChainProxy.doFilter(WebSecurityConfiguration.java:317)
	at org.springframework.web.filter.DelegatingFilterProxy.invokeDelegate(DelegatingFilterProxy.java:355)
	at org.springframework.web.filter.DelegatingFilterProxy.doFilter(DelegatingFilterProxy.java:272)
	at org.apache.catalina.core.ApplicationFilterChain.doFilter(ApplicationFilterChain.java:107)
	at org.springframework.web.filter.RequestContextFilter.doFilterInternal(RequestContextFilter.java:100)
	at org.springframework.web.filter.OncePerRequestFilter.doFilter(OncePerRequestFilter.java:116)
	at org.apache.catalina.core.ApplicationFilterChain.doFilter(ApplicationFilterChain.java:107)
	at org.springframework.web.filter.FormContentFilter.doFilterInternal(FormContentFilter.java:93)
	at org.springframework.web.filter.OncePerRequestFilter.doFilter(OncePerRequestFilter.java:116)
	at org.apache.catalina.core.ApplicationFilterChain.doFilter(ApplicationFilterChain.java:107)
	at org.springframework.session.web.http.SessionRepositoryFilter.doFilterInternal(SessionRepositoryFilter.java:142)
	at org.springframework.session.web.http.OncePerRequestFilter.doFilter(OncePerRequestFilter.java:82)
	at org.springframework.web.filter.DelegatingFilterProxy.invokeDelegate(DelegatingFilterProxy.java:355)
	at org.springframework.web.filter.DelegatingFilterProxy.doFilter(DelegatingFilterProxy.java:272)
	at org.apache.catalina.core.ApplicationFilterChain.doFilter(ApplicationFilterChain.java:107)
	at org.springframework.web.filter.CharacterEncodingFilter.doFilterInternal(CharacterEncodingFilter.java:199)
	at org.springframework.web.filter.OncePerRequestFilter.doFilter(OncePerRequestFilter.java:116)
	at org.apache.catalina.core.ApplicationFilterChain.doFilter(ApplicationFilterChain.java:107)
	at org.apache.catalina.core.StandardWrapperValve.invoke(StandardWrapperValve.java:165)
	at org.apache.catalina.core.StandardContextValve.invoke(StandardContextValve.java:77)
	at org.apache.catalina.authenticator.AuthenticatorBase.invoke(AuthenticatorBase.java:482)
	at org.apache.catalina.core.StandardHostValve.invoke(StandardHostValve.java:113)
	at org.apache.catalina.valves.ErrorReportValve.invoke(ErrorReportValve.java:83)
	at org.apache.catalina.core.StandardEngineValve.invoke(StandardEngineValve.java:72)
	at org.apache.catalina.connector.CoyoteAdapter.service(CoyoteAdapter.java:341)
	at org.apache.coyote.http11.Http11Processor.service(Http11Processor.java:397)
	at org.apache.coyote.AbstractProcessorLight.process(AbstractProcessorLight.java:63)
	at org.apache.coyote.AbstractProtocol$ConnectionHandler.process(AbstractProtocol.java:903)
	at org.apache.tomcat.util.net.NioEndpoint$SocketProcessor.doRun(NioEndpoint.java:1778)
	at org.apache.tomcat.util.net.SocketProcessorBase.run(SocketProcessorBase.java:52)
	at org.apache.tomcat.util.threads.ThreadPoolExecutor.runWorker(ThreadPoolExecutor.java:946)
	at org.apache.tomcat.util.threads.ThreadPoolExecutor$Worker.run(ThreadPoolExecutor.java:480)
	at org.apache.tomcat.util.threads.TaskThread$WrappingRunnable.run(TaskThread.java:57)
	at java.base/java.lang.Thread.run(Thread.java:1583)
2026-08-18 16:14:55 INFO  c.e.c.Tool.security.RateLimitFilter - Request from IP: 10.235.148.185 | URI: /boards/4/lists | Tokens remaining: 43
2026-08-18 16:23:10 INFO  c.e.c.Tool.security.RateLimitFilter - Request from IP: 10.235.148.185 | URI: /workspace/my-invitations | Tokens remaining: 50
2026-08-18 16:23:13 INFO  c.e.c.Tool.security.RateLimitFilter - Request from IP: 10.235.148.185 | URI: /cards/assigned-to-me | Tokens remaining: 50
2026-08-18 16:25:23 INFO  c.e.c.Tool.security.RateLimitFilter - Request from IP: 10.235.148.185 | URI: /workspace/my-workspaces | Tokens remaining: 50
2026-08-18 16:25:23 INFO  c.e.c.Tool.security.RateLimitFilter - Request from IP: 10.235.148.185 | URI: /user/notifications/unread-count | Tokens remaining: 49
2026-08-18 16:25:23 INFO  c.e.c.Tool.security.RateLimitFilter - Request from IP: 10.235.148.185 | URI: /user/recent-boards | Tokens remaining: 48
2026-08-18 16:25:23 INFO  c.e.c.Tool.security.RateLimitFilter - Request from IP: 10.235.148.185 | URI: /boards/starred | Tokens remaining: 47
2026-08-18 16:25:23 INFO  c.e.c.Tool.security.RateLimitFilter - Request from IP: 10.235.148.185 | URI: /workspace/starred | Tokens remaining: 46
2026-08-18 16:25:23 INFO  c.e.c.Tool.security.RateLimitFilter - Request from IP: 10.235.148.185 | URI: /user/scratchpad | Tokens remaining: 45
2026-08-18 16:25:24 ERROR c.e.c.T.e.CollaborationExceptionHandler - Unexpected error occurred: class java.util.LinkedHashMap cannot be cast to class com.eclectics.collaboration.Tool.dto.ScratchpadDTO (java.util.LinkedHashMap is in module java.base of loader 'bootstrap'; com.eclectics.collaboration.Tool.dto.ScratchpadDTO is in unnamed module of loader 'app')
java.lang.ClassCastException: class java.util.LinkedHashMap cannot be cast to class com.eclectics.collaboration.Tool.dto.ScratchpadDTO (java.util.LinkedHashMap is in module java.base of loader 'bootstrap'; com.eclectics.collaboration.Tool.dto.ScratchpadDTO is in unnamed module of loader 'app')
	at com.eclectics.collaboration.Tool.service.Impl.UserServiceImpl$$SpringCGLIB$$0.getScratchpad(<generated>)
	at com.eclectics.collaboration.Tool.controller.UserController.getScratchpad(UserController.java:182)
	at java.base/jdk.internal.reflect.DirectMethodHandleAccessor.invoke(DirectMethodHandleAccessor.java:103)
	at java.base/java.lang.reflect.Method.invoke(Method.java:580)
	at org.springframework.web.method.support.InvocableHandlerMethod.doInvoke(InvocableHandlerMethod.java:258)
	at org.springframework.web.method.support.InvocableHandlerMethod.invokeForRequest(InvocableHandlerMethod.java:190)
	at org.springframework.web.servlet.mvc.method.annotation.ServletInvocableHandlerMethod.invokeAndHandle(ServletInvocableHandlerMethod.java:117)
	at org.springframework.web.servlet.mvc.method.annotation.RequestMappingHandlerAdapter.invokeHandlerMethod(RequestMappingHandlerAdapter.java:934)
	at org.springframework.web.servlet.mvc.method.annotation.RequestMappingHandlerAdapter.handleInternal(RequestMappingHandlerAdapter.java:853)
	at org.springframework.web.servlet.mvc.method.AbstractHandlerMethodAdapter.handle(AbstractHandlerMethodAdapter.java:86)
	at org.springframework.web.servlet.DispatcherServlet.doDispatch(DispatcherServlet.java:963)
	at org.springframework.web.servlet.DispatcherServlet.doService(DispatcherServlet.java:866)
	at org.springframework.web.servlet.FrameworkServlet.processRequest(FrameworkServlet.java:1003)
	at org.springframework.web.servlet.FrameworkServlet.doGet(FrameworkServlet.java:892)
	at jakarta.servlet.http.HttpServlet.service(HttpServlet.java:622)
	at org.springframework.web.servlet.FrameworkServlet.service(FrameworkServlet.java:874)
	at jakarta.servlet.http.HttpServlet.service(HttpServlet.java:710)
	at org.apache.catalina.core.ApplicationFilterChain.doFilter(ApplicationFilterChain.java:128)
	at org.apache.tomcat.websocket.server.WsFilter.doFilter(WsFilter.java:53)
	at org.apache.catalina.core.ApplicationFilterChain.doFilter(ApplicationFilterChain.java:107)
	at org.springframework.web.filter.OncePerRequestFilter.doFilter(OncePerRequestFilter.java:110)
	at org.apache.catalina.core.ApplicationFilterChain.doFilter(ApplicationFilterChain.java:107)
	at org.springframework.web.filter.OncePerRequestFilter.doFilter(OncePerRequestFilter.java:110)
	at org.apache.catalina.core.ApplicationFilterChain.doFilter(ApplicationFilterChain.java:107)
	at org.springframework.web.filter.CompositeFilter$VirtualFilterChain.doFilter(CompositeFilter.java:108)
	at org.springframework.security.web.FilterChainProxy.lambda$doFilterInternal$3(FilterChainProxy.java:235)
	at org.springframework.security.web.FilterChainProxy$VirtualFilterChain.doFilter(FilterChainProxy.java:371)
	at org.springframework.security.web.access.intercept.AuthorizationFilter.doFilter(AuthorizationFilter.java:101)
	at org.springframework.security.web.FilterChainProxy$VirtualFilterChain.doFilter(FilterChainProxy.java:380)
	at org.springframework.security.web.access.ExceptionTranslationFilter.doFilter(ExceptionTranslationFilter.java:126)
	at org.springframework.security.web.access.ExceptionTranslationFilter.doFilter(ExceptionTranslationFilter.java:120)
	at org.springframework.security.web.FilterChainProxy$VirtualFilterChain.doFilter(FilterChainProxy.java:380)
	at org.springframework.security.web.session.SessionManagementFilter.doFilter(SessionManagementFilter.java:132)
	at org.springframework.security.web.session.SessionManagementFilter.doFilter(SessionManagementFilter.java:86)
	at org.springframework.security.web.FilterChainProxy$VirtualFilterChain.doFilter(FilterChainProxy.java:380)
	at org.springframework.security.web.authentication.AnonymousAuthenticationFilter.doFilter(AnonymousAuthenticationFilter.java:100)
	at org.springframework.security.web.FilterChainProxy$VirtualFilterChain.doFilter(FilterChainProxy.java:380)
	at org.springframework.security.web.servletapi.SecurityContextHolderAwareRequestFilter.doFilter(SecurityContextHolderAwareRequestFilter.java:181)
	at org.springframework.security.web.FilterChainProxy$VirtualFilterChain.doFilter(FilterChainProxy.java:380)
	at org.springframework.security.web.savedrequest.RequestCacheAwareFilter.doFilter(RequestCacheAwareFilter.java:63)
	at org.springframework.security.web.FilterChainProxy$VirtualFilterChain.doFilter(FilterChainProxy.java:380)
	at com.eclectics.collaboration.Tool.security.JwtFilter.doFilterInternal(JwtFilter.java:85)
	at org.springframework.web.filter.OncePerRequestFilter.doFilter(OncePerRequestFilter.java:116)
	at org.springframework.security.web.FilterChainProxy$VirtualFilterChain.doFilter(FilterChainProxy.java:380)
	at com.eclectics.collaboration.Tool.security.RateLimitFilter.doFilterInternal(RateLimitFilter.java:50)
	at org.springframework.web.filter.OncePerRequestFilter.doFilter(OncePerRequestFilter.java:116)
	at org.springframework.security.web.FilterChainProxy$VirtualFilterChain.doFilter(FilterChainProxy.java:380)
	at org.springframework.security.web.authentication.logout.LogoutFilter.doFilter(LogoutFilter.java:110)
	at org.springframework.security.web.authentication.logout.LogoutFilter.doFilter(LogoutFilter.java:96)
	at org.springframework.security.web.FilterChainProxy$VirtualFilterChain.doFilter(FilterChainProxy.java:380)
	at org.springframework.web.filter.CorsFilter.doFilterInternal(CorsFilter.java:91)
	at org.springframework.web.filter.OncePerRequestFilter.doFilter(OncePerRequestFilter.java:116)
	at org.springframework.security.web.FilterChainProxy$VirtualFilterChain.doFilter(FilterChainProxy.java:380)
	at org.springframework.security.web.header.HeaderWriterFilter.doHeadersAfter(HeaderWriterFilter.java:90)
	at org.springframework.security.web.header.HeaderWriterFilter.doFilterInternal(HeaderWriterFilter.java:75)
	at org.springframework.web.filter.OncePerRequestFilter.doFilter(OncePerRequestFilter.java:116)
	at org.springframework.security.web.FilterChainProxy$VirtualFilterChain.doFilter(FilterChainProxy.java:380)
	at org.springframework.security.web.context.SecurityContextHolderFilter.doFilter(SecurityContextHolderFilter.java:82)
	at org.springframework.security.web.context.SecurityContextHolderFilter.doFilter(SecurityContextHolderFilter.java:69)
	at org.springframework.security.web.FilterChainProxy$VirtualFilterChain.doFilter(FilterChainProxy.java:380)
	at org.springframework.security.web.context.request.async.WebAsyncManagerIntegrationFilter.doFilterInternal(WebAsyncManagerIntegrationFilter.java:62)
	at org.springframework.web.filter.OncePerRequestFilter.doFilter(OncePerRequestFilter.java:116)
	at org.springframework.security.web.FilterChainProxy$VirtualFilterChain.doFilter(FilterChainProxy.java:380)
	at org.springframework.security.web.session.DisableEncodeUrlFilter.doFilterInternal(DisableEncodeUrlFilter.java:42)
	at org.springframework.web.filter.OncePerRequestFilter.doFilter(OncePerRequestFilter.java:116)
	at org.springframework.security.web.FilterChainProxy$VirtualFilterChain.doFilter(FilterChainProxy.java:380)
	at org.springframework.security.web.FilterChainProxy.doFilterInternal(FilterChainProxy.java:237)
	at org.springframework.security.web.FilterChainProxy.doFilter(FilterChainProxy.java:195)
	at org.springframework.web.filter.CompositeFilter$VirtualFilterChain.doFilter(CompositeFilter.java:113)
	at org.springframework.web.filter.ServletRequestPathFilter.doFilter(ServletRequestPathFilter.java:52)
	at org.springframework.web.filter.CompositeFilter$VirtualFilterChain.doFilter(CompositeFilter.java:113)
	at org.springframework.web.filter.CompositeFilter.doFilter(CompositeFilter.java:74)
	at org.springframework.security.config.annotation.web.configuration.WebSecurityConfiguration$CompositeFilterChainProxy.doFilter(WebSecurityConfiguration.java:317)
	at org.springframework.web.filter.DelegatingFilterProxy.invokeDelegate(DelegatingFilterProxy.java:355)
	at org.springframework.web.filter.DelegatingFilterProxy.doFilter(DelegatingFilterProxy.java:272)
	at org.apache.catalina.core.ApplicationFilterChain.doFilter(ApplicationFilterChain.java:107)
	at org.springframework.web.filter.RequestContextFilter.doFilterInternal(RequestContextFilter.java:100)
	at org.springframework.web.filter.OncePerRequestFilter.doFilter(OncePerRequestFilter.java:116)
	at org.apache.catalina.core.ApplicationFilterChain.doFilter(ApplicationFilterChain.java:107)
	at org.springframework.web.filter.FormContentFilter.doFilterInternal(FormContentFilter.java:93)
	at org.springframework.web.filter.OncePerRequestFilter.doFilter(OncePerRequestFilter.java:116)
	at org.apache.catalina.core.ApplicationFilterChain.doFilter(ApplicationFilterChain.java:107)
	at org.springframework.session.web.http.SessionRepositoryFilter.doFilterInternal(SessionRepositoryFilter.java:142)
	at org.springframework.session.web.http.OncePerRequestFilter.doFilter(OncePerRequestFilter.java:82)
	at org.springframework.web.filter.DelegatingFilterProxy.invokeDelegate(DelegatingFilterProxy.java:355)
	at org.springframework.web.filter.DelegatingFilterProxy.doFilter(DelegatingFilterProxy.java:272)
	at org.apache.catalina.core.ApplicationFilterChain.doFilter(ApplicationFilterChain.java:107)
	at org.springframework.web.filter.CharacterEncodingFilter.doFilterInternal(CharacterEncodingFilter.java:199)
	at org.springframework.web.filter.OncePerRequestFilter.doFilter(OncePerRequestFilter.java:116)
	at org.apache.catalina.core.ApplicationFilterChain.doFilter(ApplicationFilterChain.java:107)
	at org.apache.catalina.core.StandardWrapperValve.invoke(StandardWrapperValve.java:165)
	at org.apache.catalina.core.StandardContextValve.invoke(StandardContextValve.java:77)
	at org.apache.catalina.authenticator.AuthenticatorBase.invoke(AuthenticatorBase.java:482)
	at org.apache.catalina.core.StandardHostValve.invoke(StandardHostValve.java:113)
	at org.apache.catalina.valves.ErrorReportValve.invoke(ErrorReportValve.java:83)
	at org.apache.catalina.core.StandardEngineValve.invoke(StandardEngineValve.java:72)
	at org.apache.catalina.connector.CoyoteAdapter.service(CoyoteAdapter.java:341)
	at org.apache.coyote.http11.Http11Processor.service(Http11Processor.java:397)
	at org.apache.coyote.AbstractProcessorLight.process(AbstractProcessorLight.java:63)
	at org.apache.coyote.AbstractProtocol$ConnectionHandler.process(AbstractProtocol.java:903)
	at org.apache.tomcat.util.net.NioEndpoint$SocketProcessor.doRun(NioEndpoint.java:1778)
	at org.apache.tomcat.util.net.SocketProcessorBase.run(SocketProcessorBase.java:52)
	at org.apache.tomcat.util.threads.ThreadPoolExecutor.runWorker(ThreadPoolExecutor.java:946)
	at org.apache.tomcat.util.threads.ThreadPoolExecutor$Worker.run(ThreadPoolExecutor.java:480)
	at org.apache.tomcat.util.threads.TaskThread$WrappingRunnable.run(TaskThread.java:57)
	at java.base/java.lang.Thread.run(Thread.java:1583)
2026-08-18 16:25:24 INFO  c.e.c.Tool.security.RateLimitFilter - Request from IP: 10.235.148.185 | URI: /boards/workspace/2 | Tokens remaining: 45
2026-08-18 16:25:25 INFO  c.e.c.Tool.security.RateLimitFilter - Request from IP: 10.235.148.185 | URI: /boards/4/lists | Tokens remaining: 44
2026-08-18 16:26:31 INFO  c.e.c.Tool.security.RateLimitFilter - Request from IP: 10.235.148.185 | URI: /user/recent-boards/6 | Tokens remaining: 50
2026-08-18 16:26:31 INFO  c.e.c.Tool.security.RateLimitFilter - Request from IP: 10.235.148.185 | URI: /boards/6/lists | Tokens remaining: 49
2026-08-18 16:26:32 INFO  c.e.c.Tool.security.RateLimitFilter - Request from IP: 10.235.148.185 | URI: /user/recent-boards | Tokens remaining: 48
2026-08-18 16:26:33 INFO  c.e.c.Tool.security.RateLimitFilter - Request from IP: 10.235.148.185 | URI: /user/recent-boards/5 | Tokens remaining: 48
2026-08-18 16:26:33 INFO  c.e.c.Tool.security.RateLimitFilter - Request from IP: 10.235.148.185 | URI: /boards/5/lists | Tokens remaining: 47
2026-08-18 16:26:34 INFO  c.e.c.Tool.security.RateLimitFilter - Request from IP: 10.235.148.185 | URI: /user/recent-boards | Tokens remaining: 47
2026-08-18 16:26:34 INFO  c.e.c.Tool.security.RateLimitFilter - Request from IP: 10.235.148.185 | URI: /cards/lists/7/cards | Tokens remaining: 46
2026-08-18 16:26:34 INFO  c.e.c.Tool.security.RateLimitFilter - Request from IP: 10.235.148.185 | URI: /cards/lists/8/cards | Tokens remaining: 45
2026-08-18 16:28:35 INFO  o.s.boot.tomcat.GracefulShutdown - Commencing graceful shutdown. Waiting for active requests to complete
2026-08-18 16:28:36 INFO  o.s.boot.tomcat.GracefulShutdown - Graceful shutdown complete
2026-08-18 16:28:36 INFO  o.s.m.s.b.SimpleBrokerMessageHandler - Stopping...
2026-08-18 16:28:36 INFO  o.s.m.s.b.SimpleBrokerMessageHandler - BrokerAvailabilityEvent[available=false, SimpleBrokerMessageHandler [org.springframework.messaging.simp.broker.DefaultSubscriptionRegistry@6f7be76]]
2026-08-18 16:28:36 INFO  o.s.m.s.b.SimpleBrokerMessageHandler - Stopped.
2026-08-18 16:28:36 INFO  o.s.o.j.LocalContainerEntityManagerFactoryBean - Closing JPA EntityManagerFactory for persistence unit 'default'
2026-08-18 16:28:36 INFO  com.zaxxer.hikari.HikariDataSource - HikariPool-1 - Shutdown initiated...
2026-08-18 16:28:36 INFO  com.zaxxer.hikari.HikariDataSource - HikariPool-1 - Shutdown completed.
2026-08-18 16:28:59 INFO  c.e.c.T.CollaborationToolApplication - Starting CollaborationToolApplication using Java 21.0.8 with PID 14940 (C:\Abraham\Code\Eclectics\Collaboration-Tool\target\classes started by pc in C:\Abraham\Code\Eclectics\Collaboration-Tool)
2026-08-18 16:28:59 INFO  c.e.c.T.CollaborationToolApplication - The following 1 profile is active: "prod"
2026-08-18 16:29:06 INFO  o.s.d.r.c.RepositoryConfigurationDelegate - Multiple Spring Data modules found, entering strict repository configuration mode
2026-08-18 16:29:06 INFO  o.s.d.r.c.RepositoryConfigurationDelegate - Bootstrapping Spring Data JPA repositories in DEFAULT mode.
2026-08-18 16:29:07 INFO  o.s.d.r.c.RepositoryConfigurationDelegate - Finished Spring Data repository scanning in 949 ms. Found 25 JPA repository interfaces.
2026-08-18 16:29:07 INFO  o.s.d.r.c.RepositoryConfigurationDelegate - Multiple Spring Data modules found, entering strict repository configuration mode
2026-08-18 16:29:07 INFO  o.s.d.r.c.RepositoryConfigurationDelegate - Bootstrapping Spring Data Redis repositories in DEFAULT mode.
2026-08-18 16:29:07 INFO  o.s.d.r.c.RepositoryConfigurationExtensionSupport - Spring Data Redis - Could not safely identify store assignment for repository candidate interface com.eclectics.collaboration.Tool.repository.ActivityLogRepository; If you want this repository to be a Redis repository, consider annotating your entities with one of these annotations: org.springframework.data.redis.core.RedisHash (preferred), or consider extending one of the following types with your repository: org.springframework.data.keyvalue.repository.KeyValueRepository
2026-08-18 16:29:07 INFO  o.s.d.r.c.RepositoryConfigurationExtensionSupport - Spring Data Redis - Could not safely identify store assignment for repository candidate interface com.eclectics.collaboration.Tool.repository.BoardMemberRepository; If you want this repository to be a Redis repository, consider annotating your entities with one of these annotations: org.springframework.data.redis.core.RedisHash (preferred), or consider extending one of the following types with your repository: org.springframework.data.keyvalue.repository.KeyValueRepository
2026-08-18 16:29:07 INFO  o.s.d.r.c.RepositoryConfigurationExtensionSupport - Spring Data Redis - Could not safely identify store assignment for repository candidate interface com.eclectics.collaboration.Tool.repository.BoardsRepository; If you want this repository to be a Redis repository, consider annotating your entities with one of these annotations: org.springframework.data.redis.core.RedisHash (preferred), or consider extending one of the following types with your repository: org.springframework.data.keyvalue.repository.KeyValueRepository
2026-08-18 16:29:07 INFO  o.s.d.r.c.RepositoryConfigurationExtensionSupport - Spring Data Redis - Could not safely identify store assignment for repository candidate interface com.eclectics.collaboration.Tool.repository.CardAssigneeRepository; If you want this repository to be a Redis repository, consider annotating your entities with one of these annotations: org.springframework.data.redis.core.RedisHash (preferred), or consider extending one of the following types with your repository: org.springframework.data.keyvalue.repository.KeyValueRepository
2026-08-18 16:29:07 INFO  o.s.d.r.c.RepositoryConfigurationExtensionSupport - Spring Data Redis - Could not safely identify store assignment for repository candidate interface com.eclectics.collaboration.Tool.repository.CardLabelRepository; If you want this repository to be a Redis repository, consider annotating your entities with one of these annotations: org.springframework.data.redis.core.RedisHash (preferred), or consider extending one of the following types with your repository: org.springframework.data.keyvalue.repository.KeyValueRepository
2026-08-18 16:29:07 INFO  o.s.d.r.c.RepositoryConfigurationExtensionSupport - Spring Data Redis - Could not safely identify store assignment for repository candidate interface com.eclectics.collaboration.Tool.repository.CardRepository; If you want this repository to be a Redis repository, consider annotating your entities with one of these annotations: org.springframework.data.redis.core.RedisHash (preferred), or consider extending one of the following types with your repository: org.springframework.data.keyvalue.repository.KeyValueRepository
2026-08-18 16:29:07 INFO  o.s.d.r.c.RepositoryConfigurationExtensionSupport - Spring Data Redis - Could not safely identify store assignment for repository candidate interface com.eclectics.collaboration.Tool.repository.CommentMentionRepository; If you want this repository to be a Redis repository, consider annotating your entities with one of these annotations: org.springframework.data.redis.core.RedisHash (preferred), or consider extending one of the following types with your repository: org.springframework.data.keyvalue.repository.KeyValueRepository
2026-08-18 16:29:07 INFO  o.s.d.r.c.RepositoryConfigurationExtensionSupport - Spring Data Redis - Could not safely identify store assignment for repository candidate interface com.eclectics.collaboration.Tool.repository.CommentRepository; If you want this repository to be a Redis repository, consider annotating your entities with one of these annotations: org.springframework.data.redis.core.RedisHash (preferred), or consider extending one of the following types with your repository: org.springframework.data.keyvalue.repository.KeyValueRepository
2026-08-18 16:29:07 INFO  o.s.d.r.c.RepositoryConfigurationExtensionSupport - Spring Data Redis - Could not safely identify store assignment for repository candidate interface com.eclectics.collaboration.Tool.repository.DueDateReminderRepository; If you want this repository to be a Redis repository, consider annotating your entities with one of these annotations: org.springframework.data.redis.core.RedisHash (preferred), or consider extending one of the following types with your repository: org.springframework.data.keyvalue.repository.KeyValueRepository
2026-08-18 16:29:07 INFO  o.s.d.r.c.RepositoryConfigurationExtensionSupport - Spring Data Redis - Could not safely identify store assignment for repository candidate interface com.eclectics.collaboration.Tool.repository.FAQRepository; If you want this repository to be a Redis repository, consider annotating your entities with one of these annotations: org.springframework.data.redis.core.RedisHash (preferred), or consider extending one of the following types with your repository: org.springframework.data.keyvalue.repository.KeyValueRepository
2026-08-18 16:29:07 INFO  o.s.d.r.c.RepositoryConfigurationExtensionSupport - Spring Data Redis - Could not safely identify store assignment for repository candidate interface com.eclectics.collaboration.Tool.repository.InvitationRepository; If you want this repository to be a Redis repository, consider annotating your entities with one of these annotations: org.springframework.data.redis.core.RedisHash (preferred), or consider extending one of the following types with your repository: org.springframework.data.keyvalue.repository.KeyValueRepository
2026-08-18 16:29:07 INFO  o.s.d.r.c.RepositoryConfigurationExtensionSupport - Spring Data Redis - Could not safely identify store assignment for repository candidate interface com.eclectics.collaboration.Tool.repository.IssueRepository; If you want this repository to be a Redis repository, consider annotating your entities with one of these annotations: org.springframework.data.redis.core.RedisHash (preferred), or consider extending one of the following types with your repository: org.springframework.data.keyvalue.repository.KeyValueRepository
2026-08-18 16:29:07 INFO  o.s.d.r.c.RepositoryConfigurationExtensionSupport - Spring Data Redis - Could not safely identify store assignment for repository candidate interface com.eclectics.collaboration.Tool.repository.LabelRepository; If you want this repository to be a Redis repository, consider annotating your entities with one of these annotations: org.springframework.data.redis.core.RedisHash (preferred), or consider extending one of the following types with your repository: org.springframework.data.keyvalue.repository.KeyValueRepository
2026-08-18 16:29:07 INFO  o.s.d.r.c.RepositoryConfigurationExtensionSupport - Spring Data Redis - Could not safely identify store assignment for repository candidate interface com.eclectics.collaboration.Tool.repository.ListEntityRepository; If you want this repository to be a Redis repository, consider annotating your entities with one of these annotations: org.springframework.data.redis.core.RedisHash (preferred), or consider extending one of the following types with your repository: org.springframework.data.keyvalue.repository.KeyValueRepository
2026-08-18 16:29:07 INFO  o.s.d.r.c.RepositoryConfigurationExtensionSupport - Spring Data Redis - Could not safely identify store assignment for repository candidate interface com.eclectics.collaboration.Tool.repository.NotificationPreferenceRepository; If you want this repository to be a Redis repository, consider annotating your entities with one of these annotations: org.springframework.data.redis.core.RedisHash (preferred), or consider extending one of the following types with your repository: org.springframework.data.keyvalue.repository.KeyValueRepository
2026-08-18 16:29:07 INFO  o.s.d.r.c.RepositoryConfigurationExtensionSupport - Spring Data Redis - Could not safely identify store assignment for repository candidate interface com.eclectics.collaboration.Tool.repository.NotificationRepository; If you want this repository to be a Redis repository, consider annotating your entities with one of these annotations: org.springframework.data.redis.core.RedisHash (preferred), or consider extending one of the following types with your repository: org.springframework.data.keyvalue.repository.KeyValueRepository
2026-08-18 16:29:07 INFO  o.s.d.r.c.RepositoryConfigurationExtensionSupport - Spring Data Redis - Could not safely identify store assignment for repository candidate interface com.eclectics.collaboration.Tool.repository.RefreshTokenRepository; If you want this repository to be a Redis repository, consider annotating your entities with one of these annotations: org.springframework.data.redis.core.RedisHash (preferred), or consider extending one of the following types with your repository: org.springframework.data.keyvalue.repository.KeyValueRepository
2026-08-18 16:29:07 INFO  o.s.d.r.c.RepositoryConfigurationExtensionSupport - Spring Data Redis - Could not safely identify store assignment for repository candidate interface com.eclectics.collaboration.Tool.repository.StarredBoardRepository; If you want this repository to be a Redis repository, consider annotating your entities with one of these annotations: org.springframework.data.redis.core.RedisHash (preferred), or consider extending one of the following types with your repository: org.springframework.data.keyvalue.repository.KeyValueRepository
2026-08-18 16:29:07 INFO  o.s.d.r.c.RepositoryConfigurationExtensionSupport - Spring Data Redis - Could not safely identify store assignment for repository candidate interface com.eclectics.collaboration.Tool.repository.StarredWorkspaceRepository; If you want this repository to be a Redis repository, consider annotating your entities with one of these annotations: org.springframework.data.redis.core.RedisHash (preferred), or consider extending one of the following types with your repository: org.springframework.data.keyvalue.repository.KeyValueRepository
2026-08-18 16:29:07 INFO  o.s.d.r.c.RepositoryConfigurationExtensionSupport - Spring Data Redis - Could not safely identify store assignment for repository candidate interface com.eclectics.collaboration.Tool.repository.SystemConfigRepository; If you want this repository to be a Redis repository, consider annotating your entities with one of these annotations: org.springframework.data.redis.core.RedisHash (preferred), or consider extending one of the following types with your repository: org.springframework.data.keyvalue.repository.KeyValueRepository
2026-08-18 16:29:07 INFO  o.s.d.r.c.RepositoryConfigurationExtensionSupport - Spring Data Redis - Could not safely identify store assignment for repository candidate interface com.eclectics.collaboration.Tool.repository.TalkRepository; If you want this repository to be a Redis repository, consider annotating your entities with one of these annotations: org.springframework.data.redis.core.RedisHash (preferred), or consider extending one of the following types with your repository: org.springframework.data.keyvalue.repository.KeyValueRepository
2026-08-18 16:29:07 INFO  o.s.d.r.c.RepositoryConfigurationExtensionSupport - Spring Data Redis - Could not safely identify store assignment for repository candidate interface com.eclectics.collaboration.Tool.repository.UserRecentBoardRepository; If you want this repository to be a Redis repository, consider annotating your entities with one of these annotations: org.springframework.data.redis.core.RedisHash (preferred), or consider extending one of the following types with your repository: org.springframework.data.keyvalue.repository.KeyValueRepository
2026-08-18 16:29:07 INFO  o.s.d.r.c.RepositoryConfigurationExtensionSupport - Spring Data Redis - Could not safely identify store assignment for repository candidate interface com.eclectics.collaboration.Tool.repository.UserRespository; If you want this repository to be a Redis repository, consider annotating your entities with one of these annotations: org.springframework.data.redis.core.RedisHash (preferred), or consider extending one of the following types with your repository: org.springframework.data.keyvalue.repository.KeyValueRepository
2026-08-18 16:29:07 INFO  o.s.d.r.c.RepositoryConfigurationExtensionSupport - Spring Data Redis - Could not safely identify store assignment for repository candidate interface com.eclectics.collaboration.Tool.repository.WorkSpaceMemberRepository; If you want this repository to be a Redis repository, consider annotating your entities with one of these annotations: org.springframework.data.redis.core.RedisHash (preferred), or consider extending one of the following types with your repository: org.springframework.data.keyvalue.repository.KeyValueRepository
2026-08-18 16:29:07 INFO  o.s.d.r.c.RepositoryConfigurationExtensionSupport - Spring Data Redis - Could not safely identify store assignment for repository candidate interface com.eclectics.collaboration.Tool.repository.WorkSpaceReposiroty; If you want this repository to be a Redis repository, consider annotating your entities with one of these annotations: org.springframework.data.redis.core.RedisHash (preferred), or consider extending one of the following types with your repository: org.springframework.data.keyvalue.repository.KeyValueRepository
2026-08-18 16:29:07 INFO  o.s.d.r.c.RepositoryConfigurationDelegate - Finished Spring Data repository scanning in 101 ms. Found 0 Redis repository interfaces.
2026-08-18 16:29:11 INFO  o.s.boot.tomcat.TomcatWebServer - Tomcat initialized with port 8084 (http)
2026-08-18 16:29:11 INFO  o.a.coyote.http11.Http11NioProtocol - Initializing ProtocolHandler ["http-nio-0.0.0.0-8084"]
2026-08-18 16:29:11 INFO  o.a.catalina.core.StandardService - Starting service [Tomcat]
2026-08-18 16:29:11 INFO  o.a.catalina.core.StandardEngine - Starting Servlet engine: [Apache Tomcat/11.0.15]
2026-08-18 16:29:11 INFO  o.s.b.w.c.s.WebApplicationContextInitializer - Root WebApplicationContext: initialization completed in 12008 ms
2026-08-18 16:29:12 INFO  com.zaxxer.hikari.HikariDataSource - HikariPool-1 - Starting...
2026-08-18 16:29:13 INFO  com.zaxxer.hikari.pool.HikariPool - HikariPool-1 - Added connection org.postgresql.jdbc.PgConnection@249a45fd
2026-08-18 16:29:13 INFO  com.zaxxer.hikari.HikariDataSource - HikariPool-1 - Start completed.
2026-08-18 16:29:13 INFO  org.hibernate.orm.jpa - HHH008540: Processing PersistenceUnitInfo [name: default]
2026-08-18 16:29:14 INFO  org.hibernate.orm.core - HHH000001: Hibernate ORM core version 7.2.1.Final
2026-08-18 16:29:16 INFO  o.s.o.j.p.SpringPersistenceUnitInfo - No LoadTimeWeaver setup: ignoring JPA class transformer
2026-08-18 16:29:17 INFO  o.hibernate.orm.connections.pooling - HHH10001005: Database info:
	Database JDBC URL [jdbc:postgresql://localhost:5432/collaborationTool]
	Database driver: PostgreSQL JDBC Driver
	Database dialect: PostgreSQLDialect
	Database version: 17.6
	Default catalog/schema: collaborationTool/public
	Autocommit mode: undefined/unknown
	Isolation level: READ_COMMITTED [default READ_COMMITTED]
	JDBC fetch size: none
	Pool: DataSourceConnectionProvider
	Minimum pool size: undefined/unknown
	Maximum pool size: undefined/unknown
2026-08-18 16:29:21 INFO  org.hibernate.orm.core - HHH000489: No JTA platform available (set 'hibernate.transaction.jta.platform' to enable JTA platform integration)
2026-08-18 16:29:22 INFO  o.s.o.j.LocalContainerEntityManagerFactoryBean - Initialized JPA EntityManagerFactory for persistence unit 'default'
2026-08-18 16:29:22 INFO  o.s.d.j.r.q.QueryEnhancerFactories - Hibernate is in classpath; If applicable, HQL parser will be used.
2026-08-18 16:29:34 WARN  o.s.b.j.a.JpaBaseConfiguration$JpaWebConfiguration - spring.jpa.open-in-view is enabled by default. Therefore, database queries may be performed during view rendering. Explicitly configure spring.jpa.open-in-view to disable this warning
2026-08-18 16:29:35 INFO  o.s.v.b.OptionalValidatorFactoryBean - Failed to set up a Bean Validation provider: jakarta.validation.NoProviderFoundException: Unable to create a Configuration, because no Jakarta Validation provider could be found. Add a provider like Hibernate Validator (RI) to your classpath.
2026-08-18 16:29:37 INFO  o.s.m.s.b.SimpleBrokerMessageHandler - Starting...
2026-08-18 16:29:37 INFO  o.s.m.s.b.SimpleBrokerMessageHandler - BrokerAvailabilityEvent[available=true, SimpleBrokerMessageHandler [org.springframework.messaging.simp.broker.DefaultSubscriptionRegistry@3241c573]]
2026-08-18 16:29:37 INFO  o.s.m.s.b.SimpleBrokerMessageHandler - Started.
2026-08-18 16:29:38 INFO  o.a.coyote.http11.Http11NioProtocol - Starting ProtocolHandler ["http-nio-0.0.0.0-8084"]
2026-08-18 16:29:38 INFO  o.s.boot.tomcat.TomcatWebServer - Tomcat started on port 8084 (http) with context path '/'
2026-08-18 16:29:38 INFO  c.e.c.T.CollaborationToolApplication - Started CollaborationToolApplication in 41.862 seconds (process running for 46.36)
2026-08-18 16:29:38 INFO  c.e.c.Tool.configuration.AdminSeeder - >>> Admin already exists, skipping: nthengeabraham952@gmail.com
2026-08-18 16:29:38 INFO  c.e.c.Tool.configuration.AdminSeeder - >>> Admin already exists, skipping: chepkemoisheilah794@gmail.com
2026-08-18 16:29:49 INFO  o.a.c.c.C.[Tomcat].[localhost].[/] - Initializing Spring DispatcherServlet 'dispatcherServlet'
2026-08-18 16:29:49 INFO  o.s.web.servlet.DispatcherServlet - Initializing Servlet 'dispatcherServlet'
2026-08-18 16:29:49 INFO  o.s.web.servlet.DispatcherServlet - Completed initialization in 5 ms
2026-08-18 16:29:49 INFO  c.e.c.Tool.security.RateLimitFilter - Request from IP: 10.235.148.185 | URI: /user/login | Tokens remaining: 50
2026-08-18 16:29:51 INFO  c.e.c.Tool.security.RateLimitFilter - Request from IP: 10.235.148.185 | URI: /workspace/my-workspaces | Tokens remaining: 50
2026-08-18 16:29:51 INFO  c.e.c.Tool.security.RateLimitFilter - Request from IP: 10.235.148.185 | URI: /user/scratchpad | Tokens remaining: 49
2026-08-18 16:29:51 INFO  c.e.c.Tool.security.RateLimitFilter - Request from IP: 10.235.148.185 | URI: /boards/starred | Tokens remaining: 48
2026-08-18 16:29:51 INFO  c.e.c.Tool.security.RateLimitFilter - Request from IP: 10.235.148.185 | URI: /user/notifications/unread-count | Tokens remaining: 48
2026-08-18 16:29:51 INFO  c.e.c.Tool.security.RateLimitFilter - Request from IP: 10.235.148.185 | URI: /workspace/starred | Tokens remaining: 46
2026-08-18 16:29:51 INFO  c.e.c.Tool.security.RateLimitFilter - Request from IP: 10.235.148.185 | URI: /user/recent-boards | Tokens remaining: 45
2026-08-18 16:29:53 ERROR c.e.c.Tool.security.JwtFilter - Authentication failed: Unable to connect to Redis
2026-08-18 16:29:53 INFO  c.e.c.Tool.security.RateLimitFilter - Request from IP: 10.235.148.185 | URI: /user/refresh | Tokens remaining: 45
2026-08-18 16:29:53 ERROR c.e.c.Tool.security.JwtFilter - Authentication failed: Unable to connect to Redis
2026-08-18 16:29:53 INFO  c.e.c.Tool.security.RateLimitFilter - Request from IP: 10.235.148.185 | URI: /user/refresh | Tokens remaining: 45
2026-08-18 16:29:53 INFO  c.e.c.Tool.security.RateLimitFilter - Request from IP: 10.235.148.185 | URI: /workspace/my-workspaces | Tokens remaining: 44
2026-08-18 16:29:53 INFO  c.e.c.Tool.security.RateLimitFilter - Request from IP: 10.235.148.185 | URI: /workspace/starred | Tokens remaining: 43
2026-08-18 16:29:53 ERROR c.e.c.Tool.security.JwtFilter - Authentication failed: Unable to connect to Redis
2026-08-18 16:29:53 INFO  c.e.c.Tool.security.RateLimitFilter - Request from IP: 10.235.148.185 | URI: /user/refresh | Tokens remaining: 42
2026-08-18 16:29:53 ERROR c.e.c.Tool.security.JwtFilter - Authentication failed: Unable to connect to Redis
2026-08-18 16:29:53 ERROR c.e.c.Tool.security.JwtFilter - Authentication failed: Unable to connect to Redis
2026-08-18 16:29:54 ERROR c.e.c.Tool.security.JwtFilter - Authentication failed: Unable to connect to Redis
2026-08-18 16:29:54 ERROR c.e.c.Tool.security.JwtFilter - Authentication failed: Unable to connect to Redis
2026-08-18 16:29:54 ERROR c.e.c.Tool.security.JwtFilter - Authentication failed: Unable to connect to Redis
2026-08-18 16:29:54 INFO  c.e.c.Tool.security.RateLimitFilter - Request from IP: 10.235.148.185 | URI: /boards/starred | Tokens remaining: 41
2026-08-18 16:29:54 INFO  c.e.c.Tool.security.RateLimitFilter - Request from IP: 10.235.148.185 | URI: /user/refresh | Tokens remaining: 40
2026-08-18 16:29:54 ERROR c.e.c.Tool.security.JwtFilter - Authentication failed: Unable to connect to Redis
2026-08-18 16:29:54 INFO  c.e.c.Tool.security.RateLimitFilter - Request from IP: 10.235.148.185 | URI: /user/notifications/unread-count | Tokens remaining: 39
2026-08-18 16:29:54 ERROR c.e.c.Tool.security.JwtFilter - Authentication failed: Unable to connect to Redis
2026-08-18 16:29:54 INFO  c.e.c.Tool.security.RateLimitFilter - Request from IP: 10.235.148.185 | URI: /user/scratchpad | Tokens remaining: 38
2026-08-18 16:29:54 INFO  c.e.c.Tool.security.RateLimitFilter - Request from IP: 10.235.148.185 | URI: /user/recent-boards | Tokens remaining: 37
2026-08-18 16:29:54 ERROR c.e.c.Tool.security.JwtFilter - Authentication failed: Unable to connect to Redis
2026-08-18 16:29:54 ERROR c.e.c.Tool.security.JwtFilter - Authentication failed: Unable to connect to Redis
2026-08-18 16:30:07 INFO  c.e.c.Tool.security.RateLimitFilter - Request from IP: 10.235.148.185 | URI: /workspace/my-workspaces | Tokens remaining: 47
2026-08-18 16:30:07 INFO  c.e.c.Tool.security.RateLimitFilter - Request from IP: 10.235.148.185 | URI: /user/recent-boards | Tokens remaining: 46
2026-08-18 16:30:07 INFO  c.e.c.Tool.security.RateLimitFilter - Request from IP: 10.235.148.185 | URI: /boards/starred | Tokens remaining: 45
2026-08-18 16:30:07 INFO  c.e.c.Tool.security.RateLimitFilter - Request from IP: 10.235.148.185 | URI: /user/notifications/unread-count | Tokens remaining: 44
2026-08-18 16:30:07 INFO  c.e.c.Tool.security.RateLimitFilter - Request from IP: 10.235.148.185 | URI: /workspace/starred | Tokens remaining: 45
2026-08-18 16:30:07 INFO  c.e.c.Tool.security.RateLimitFilter - Request from IP: 10.235.148.185 | URI: /user/scratchpad | Tokens remaining: 42
2026-08-18 16:30:07 WARN  c.e.c.Tool.security.JwtFilter - JWT Expired: JWT expired at 2026-08-18T13:29:54Z. Current time: 2026-08-18T13:30:07Z, a difference of 13827 milliseconds.  Allowed clock skew: 0 milliseconds.
2026-08-18 16:30:07 WARN  c.e.c.Tool.security.JwtFilter - JWT Expired: JWT expired at 2026-08-18T13:29:54Z. Current time: 2026-08-18T13:30:07Z, a difference of 13844 milliseconds.  Allowed clock skew: 0 milliseconds.
2026-08-18 16:30:07 WARN  c.e.c.Tool.security.JwtFilter - JWT Expired: JWT expired at 2026-08-18T13:29:54Z. Current time: 2026-08-18T13:30:07Z, a difference of 13835 milliseconds.  Allowed clock skew: 0 milliseconds.
2026-08-18 16:30:07 WARN  c.e.c.Tool.security.JwtFilter - JWT Expired: JWT expired at 2026-08-18T13:29:54Z. Current time: 2026-08-18T13:30:07Z, a difference of 13843 milliseconds.  Allowed clock skew: 0 milliseconds.
2026-08-18 16:30:07 WARN  c.e.c.Tool.security.JwtFilter - JWT Expired: JWT expired at 2026-08-18T13:29:54Z. Current time: 2026-08-18T13:30:07Z, a difference of 13838 milliseconds.  Allowed clock skew: 0 milliseconds.
2026-08-18 16:30:07 WARN  c.e.c.Tool.security.JwtFilter - JWT Expired: JWT expired at 2026-08-18T13:29:54Z. Current time: 2026-08-18T13:30:07Z, a difference of 13832 milliseconds.  Allowed clock skew: 0 milliseconds.
2026-08-18 16:30:08 INFO  c.e.c.Tool.security.RateLimitFilter - Request from IP: 10.235.148.185 | URI: /user/refresh | Tokens remaining: 41
2026-08-18 16:30:08 WARN  c.e.c.T.e.CollaborationExceptionHandler - Unauthorized access attempt: Refresh token not found. Please log in again.
2026-08-18 16:30:30 INFO  c.e.c.Tool.security.RateLimitFilter - Request from IP: 10.235.148.185 | URI: /user/login | Tokens remaining: 50
2026-08-18 16:30:31 INFO  c.e.c.Tool.security.RateLimitFilter - Request from IP: 10.235.148.185 | URI: /workspace/my-workspaces | Tokens remaining: 49
2026-08-18 16:30:31 ERROR c.e.c.Tool.security.JwtFilter - Authentication failed: Unable to connect to Redis
2026-08-18 16:30:31 INFO  c.e.c.Tool.security.RateLimitFilter - Request from IP: 10.235.148.185 | URI: /user/scratchpad | Tokens remaining: 48
2026-08-18 16:30:31 INFO  c.e.c.Tool.security.RateLimitFilter - Request from IP: 10.235.148.185 | URI: /user/recent-boards | Tokens remaining: 47
2026-08-18 16:30:31 ERROR c.e.c.Tool.security.JwtFilter - Authentication failed: Unable to connect to Redis
2026-08-18 16:30:31 ERROR c.e.c.Tool.security.JwtFilter - Authentication failed: Unable to connect to Redis
2026-08-18 16:30:31 INFO  c.e.c.Tool.security.RateLimitFilter - Request from IP: 10.235.148.185 | URI: /workspace/starred | Tokens remaining: 46
2026-08-18 16:30:31 ERROR c.e.c.Tool.security.JwtFilter - Authentication failed: Unable to connect to Redis
2026-08-18 16:30:31 INFO  c.e.c.Tool.security.RateLimitFilter - Request from IP: 10.235.148.185 | URI: /boards/starred | Tokens remaining: 45
2026-08-18 16:30:31 ERROR c.e.c.Tool.security.JwtFilter - Authentication failed: Unable to connect to Redis
2026-08-18 16:30:31 INFO  c.e.c.Tool.security.RateLimitFilter - Request from IP: 10.235.148.185 | URI: /user/notifications/unread-count | Tokens remaining: 44
2026-08-18 16:30:31 INFO  c.e.c.Tool.security.RateLimitFilter - Request from IP: 10.235.148.185 | URI: /user/refresh | Tokens remaining: 43
2026-08-18 16:30:31 ERROR c.e.c.Tool.security.JwtFilter - Authentication failed: Unable to connect to Redis
2026-08-18 16:30:31 INFO  c.e.c.Tool.security.RateLimitFilter - Request from IP: 10.235.148.185 | URI: /user/scratchpad | Tokens remaining: 42
2026-08-18 16:30:31 ERROR c.e.c.Tool.security.JwtFilter - Authentication failed: Unable to connect to Redis
2026-08-18 16:30:31 INFO  c.e.c.Tool.security.RateLimitFilter - Request from IP: 10.235.148.185 | URI: /user/refresh | Tokens remaining: 41
2026-08-18 16:30:31 INFO  c.e.c.Tool.security.RateLimitFilter - Request from IP: 10.235.148.185 | URI: /boards/starred | Tokens remaining: 40
2026-08-18 16:30:31 INFO  c.e.c.Tool.security.RateLimitFilter - Request from IP: 10.235.148.185 | URI: /workspace/starred | Tokens remaining: 39
2026-08-18 16:30:31 INFO  c.e.c.Tool.security.RateLimitFilter - Request from IP: 10.235.148.185 | URI: /user/recent-boards | Tokens remaining: 38
2026-08-18 16:30:31 INFO  c.e.c.Tool.security.RateLimitFilter - Request from IP: 10.235.148.185 | URI: /user/notifications/unread-count | Tokens remaining: 40
2026-08-18 16:30:31 INFO  c.e.c.Tool.security.RateLimitFilter - Request from IP: 10.235.148.185 | URI: /workspace/my-workspaces | Tokens remaining: 36
2026-08-18 16:30:31 INFO  c.e.c.Tool.security.RateLimitFilter - Request from IP: 10.235.148.185 | URI: /user/scratchpad | Tokens remaining: 35
2026-08-18 16:30:31 ERROR c.e.c.Tool.security.JwtFilter - Authentication failed: Unable to connect to Redis
2026-08-18 16:30:31 ERROR c.e.c.Tool.security.JwtFilter - Authentication failed: Unable to connect to Redis
2026-08-18 16:30:31 ERROR c.e.c.Tool.security.JwtFilter - Authentication failed: Unable to connect to Redis
2026-08-18 16:30:31 ERROR c.e.c.Tool.security.JwtFilter - Authentication failed: Unable to connect to Redis
2026-08-18 16:30:31 ERROR c.e.c.Tool.security.JwtFilter - Authentication failed: Unable to connect to Redis
2026-08-18 16:30:31 ERROR c.e.c.Tool.security.JwtFilter - Authentication failed: Unable to connect to Redis
2026-08-18 16:30:31 INFO  c.e.c.Tool.security.RateLimitFilter - Request from IP: 10.235.148.185 | URI: /boards/starred | Tokens remaining: 35
2026-08-18 16:30:32 INFO  c.e.c.Tool.security.RateLimitFilter - Request from IP: 10.235.148.185 | URI: /workspace/starred | Tokens remaining: 34
2026-08-18 16:30:32 ERROR c.e.c.Tool.security.JwtFilter - Authentication failed: Unable to connect to Redis
2026-08-18 16:30:32 ERROR c.e.c.Tool.security.JwtFilter - Authentication failed: Unable to connect to Redis
2026-08-18 16:30:32 INFO  c.e.c.Tool.security.RateLimitFilter - Request from IP: 10.235.148.185 | URI: /user/recent-boards | Tokens remaining: 33
2026-08-18 16:30:32 ERROR c.e.c.Tool.security.JwtFilter - Authentication failed: Unable to connect to Redis
2026-08-18 16:30:32 INFO  c.e.c.Tool.security.RateLimitFilter - Request from IP: 10.235.148.185 | URI: /user/notifications/unread-count | Tokens remaining: 32
2026-08-18 16:30:32 ERROR c.e.c.Tool.security.JwtFilter - Authentication failed: Unable to connect to Redis
2026-08-18 16:30:37 INFO  o.s.w.s.c.WebSocketMessageBrokerStats - WebSocketSession[0 current WS(0)-HttpStream(0)-HttpPoll(0), 0 total, 0 closed abnormally (0 connect failure, 0 send limit, 0 transport error)], stompSubProtocol[processed CONNECT(0)-CONNECTED(0)-DISCONNECT(0)], stompBrokerRelay[null], inboundChannel[pool size = 0, active threads = 0, queued tasks = 0, completed tasks = 0], outboundChannel[pool size = 0, active threads = 0, queued tasks = 0, completed tasks = 0], sockJsScheduler[pool size = 4, active threads = 1, queued tasks = 3, completed tasks = 3]
2026-08-18 16:30:48 INFO  o.s.boot.tomcat.GracefulShutdown - Commencing graceful shutdown. Waiting for active requests to complete
2026-08-18 16:30:48 INFO  o.s.boot.tomcat.GracefulShutdown - Graceful shutdown complete
2026-08-18 16:30:48 INFO  o.s.m.s.b.SimpleBrokerMessageHandler - Stopping...
2026-08-18 16:30:48 INFO  o.s.m.s.b.SimpleBrokerMessageHandler - BrokerAvailabilityEvent[available=false, SimpleBrokerMessageHandler [org.springframework.messaging.simp.broker.DefaultSubscriptionRegistry@3241c573]]
2026-08-18 16:30:48 INFO  o.s.m.s.b.SimpleBrokerMessageHandler - Stopped.
2026-08-18 16:30:48 INFO  o.s.o.j.LocalContainerEntityManagerFactoryBean - Closing JPA EntityManagerFactory for persistence unit 'default'
2026-08-18 16:30:48 INFO  com.zaxxer.hikari.HikariDataSource - HikariPool-1 - Shutdown initiated...
2026-08-18 16:30:48 INFO  com.zaxxer.hikari.HikariDataSource - HikariPool-1 - Shutdown completed.
2026-08-18 16:31:01 INFO  c.e.c.T.CollaborationToolApplication - Starting CollaborationToolApplication using Java 21.0.8 with PID 17940 (C:\Abraham\Code\Eclectics\Collaboration-Tool\target\classes started by pc in C:\Abraham\Code\Eclectics\Collaboration-Tool)
2026-08-18 16:31:01 INFO  c.e.c.T.CollaborationToolApplication - The following 1 profile is active: "prod"
2026-08-18 16:31:07 INFO  o.s.d.r.c.RepositoryConfigurationDelegate - Multiple Spring Data modules found, entering strict repository configuration mode
2026-08-18 16:31:07 INFO  o.s.d.r.c.RepositoryConfigurationDelegate - Bootstrapping Spring Data JPA repositories in DEFAULT mode.
2026-08-18 16:31:08 INFO  o.s.d.r.c.RepositoryConfigurationDelegate - Finished Spring Data repository scanning in 873 ms. Found 25 JPA repository interfaces.
2026-08-18 16:31:08 INFO  o.s.d.r.c.RepositoryConfigurationDelegate - Multiple Spring Data modules found, entering strict repository configuration mode
2026-08-18 16:31:08 INFO  o.s.d.r.c.RepositoryConfigurationDelegate - Bootstrapping Spring Data Redis repositories in DEFAULT mode.
2026-08-18 16:31:08 INFO  o.s.d.r.c.RepositoryConfigurationExtensionSupport - Spring Data Redis - Could not safely identify store assignment for repository candidate interface com.eclectics.collaboration.Tool.repository.ActivityLogRepository; If you want this repository to be a Redis repository, consider annotating your entities with one of these annotations: org.springframework.data.redis.core.RedisHash (preferred), or consider extending one of the following types with your repository: org.springframework.data.keyvalue.repository.KeyValueRepository
2026-08-18 16:31:08 INFO  o.s.d.r.c.RepositoryConfigurationExtensionSupport - Spring Data Redis - Could not safely identify store assignment for repository candidate interface com.eclectics.collaboration.Tool.repository.BoardMemberRepository; If you want this repository to be a Redis repository, consider annotating your entities with one of these annotations: org.springframework.data.redis.core.RedisHash (preferred), or consider extending one of the following types with your repository: org.springframework.data.keyvalue.repository.KeyValueRepository
2026-08-18 16:31:08 INFO  o.s.d.r.c.RepositoryConfigurationExtensionSupport - Spring Data Redis - Could not safely identify store assignment for repository candidate interface com.eclectics.collaboration.Tool.repository.BoardsRepository; If you want this repository to be a Redis repository, consider annotating your entities with one of these annotations: org.springframework.data.redis.core.RedisHash (preferred), or consider extending one of the following types with your repository: org.springframework.data.keyvalue.repository.KeyValueRepository
2026-08-18 16:31:08 INFO  o.s.d.r.c.RepositoryConfigurationExtensionSupport - Spring Data Redis - Could not safely identify store assignment for repository candidate interface com.eclectics.collaboration.Tool.repository.CardAssigneeRepository; If you want this repository to be a Redis repository, consider annotating your entities with one of these annotations: org.springframework.data.redis.core.RedisHash (preferred), or consider extending one of the following types with your repository: org.springframework.data.keyvalue.repository.KeyValueRepository
2026-08-18 16:31:08 INFO  o.s.d.r.c.RepositoryConfigurationExtensionSupport - Spring Data Redis - Could not safely identify store assignment for repository candidate interface com.eclectics.collaboration.Tool.repository.CardLabelRepository; If you want this repository to be a Redis repository, consider annotating your entities with one of these annotations: org.springframework.data.redis.core.RedisHash (preferred), or consider extending one of the following types with your repository: org.springframework.data.keyvalue.repository.KeyValueRepository
2026-08-18 16:31:08 INFO  o.s.d.r.c.RepositoryConfigurationExtensionSupport - Spring Data Redis - Could not safely identify store assignment for repository candidate interface com.eclectics.collaboration.Tool.repository.CardRepository; If you want this repository to be a Redis repository, consider annotating your entities with one of these annotations: org.springframework.data.redis.core.RedisHash (preferred), or consider extending one of the following types with your repository: org.springframework.data.keyvalue.repository.KeyValueRepository
2026-08-18 16:31:08 INFO  o.s.d.r.c.RepositoryConfigurationExtensionSupport - Spring Data Redis - Could not safely identify store assignment for repository candidate interface com.eclectics.collaboration.Tool.repository.CommentMentionRepository; If you want this repository to be a Redis repository, consider annotating your entities with one of these annotations: org.springframework.data.redis.core.RedisHash (preferred), or consider extending one of the following types with your repository: org.springframework.data.keyvalue.repository.KeyValueRepository
2026-08-18 16:31:08 INFO  o.s.d.r.c.RepositoryConfigurationExtensionSupport - Spring Data Redis - Could not safely identify store assignment for repository candidate interface com.eclectics.collaboration.Tool.repository.CommentRepository; If you want this repository to be a Redis repository, consider annotating your entities with one of these annotations: org.springframework.data.redis.core.RedisHash (preferred), or consider extending one of the following types with your repository: org.springframework.data.keyvalue.repository.KeyValueRepository
2026-08-18 16:31:08 INFO  o.s.d.r.c.RepositoryConfigurationExtensionSupport - Spring Data Redis - Could not safely identify store assignment for repository candidate interface com.eclectics.collaboration.Tool.repository.DueDateReminderRepository; If you want this repository to be a Redis repository, consider annotating your entities with one of these annotations: org.springframework.data.redis.core.RedisHash (preferred), or consider extending one of the following types with your repository: org.springframework.data.keyvalue.repository.KeyValueRepository
2026-08-18 16:31:08 INFO  o.s.d.r.c.RepositoryConfigurationExtensionSupport - Spring Data Redis - Could not safely identify store assignment for repository candidate interface com.eclectics.collaboration.Tool.repository.FAQRepository; If you want this repository to be a Redis repository, consider annotating your entities with one of these annotations: org.springframework.data.redis.core.RedisHash (preferred), or consider extending one of the following types with your repository: org.springframework.data.keyvalue.repository.KeyValueRepository
2026-08-18 16:31:08 INFO  o.s.d.r.c.RepositoryConfigurationExtensionSupport - Spring Data Redis - Could not safely identify store assignment for repository candidate interface com.eclectics.collaboration.Tool.repository.InvitationRepository; If you want this repository to be a Redis repository, consider annotating your entities with one of these annotations: org.springframework.data.redis.core.RedisHash (preferred), or consider extending one of the following types with your repository: org.springframework.data.keyvalue.repository.KeyValueRepository
2026-08-18 16:31:08 INFO  o.s.d.r.c.RepositoryConfigurationExtensionSupport - Spring Data Redis - Could not safely identify store assignment for repository candidate interface com.eclectics.collaboration.Tool.repository.IssueRepository; If you want this repository to be a Redis repository, consider annotating your entities with one of these annotations: org.springframework.data.redis.core.RedisHash (preferred), or consider extending one of the following types with your repository: org.springframework.data.keyvalue.repository.KeyValueRepository
2026-08-18 16:31:08 INFO  o.s.d.r.c.RepositoryConfigurationExtensionSupport - Spring Data Redis - Could not safely identify store assignment for repository candidate interface com.eclectics.collaboration.Tool.repository.LabelRepository; If you want this repository to be a Redis repository, consider annotating your entities with one of these annotations: org.springframework.data.redis.core.RedisHash (preferred), or consider extending one of the following types with your repository: org.springframework.data.keyvalue.repository.KeyValueRepository
2026-08-18 16:31:08 INFO  o.s.d.r.c.RepositoryConfigurationExtensionSupport - Spring Data Redis - Could not safely identify store assignment for repository candidate interface com.eclectics.collaboration.Tool.repository.ListEntityRepository; If you want this repository to be a Redis repository, consider annotating your entities with one of these annotations: org.springframework.data.redis.core.RedisHash (preferred), or consider extending one of the following types with your repository: org.springframework.data.keyvalue.repository.KeyValueRepository
2026-08-18 16:31:08 INFO  o.s.d.r.c.RepositoryConfigurationExtensionSupport - Spring Data Redis - Could not safely identify store assignment for repository candidate interface com.eclectics.collaboration.Tool.repository.NotificationPreferenceRepository; If you want this repository to be a Redis repository, consider annotating your entities with one of these annotations: org.springframework.data.redis.core.RedisHash (preferred), or consider extending one of the following types with your repository: org.springframework.data.keyvalue.repository.KeyValueRepository
2026-08-18 16:31:08 INFO  o.s.d.r.c.RepositoryConfigurationExtensionSupport - Spring Data Redis - Could not safely identify store assignment for repository candidate interface com.eclectics.collaboration.Tool.repository.NotificationRepository; If you want this repository to be a Redis repository, consider annotating your entities with one of these annotations: org.springframework.data.redis.core.RedisHash (preferred), or consider extending one of the following types with your repository: org.springframework.data.keyvalue.repository.KeyValueRepository
2026-08-18 16:31:08 INFO  o.s.d.r.c.RepositoryConfigurationExtensionSupport - Spring Data Redis - Could not safely identify store assignment for repository candidate interface com.eclectics.collaboration.Tool.repository.RefreshTokenRepository; If you want this repository to be a Redis repository, consider annotating your entities with one of these annotations: org.springframework.data.redis.core.RedisHash (preferred), or consider extending one of the following types with your repository: org.springframework.data.keyvalue.repository.KeyValueRepository
2026-08-18 16:31:08 INFO  o.s.d.r.c.RepositoryConfigurationExtensionSupport - Spring Data Redis - Could not safely identify store assignment for repository candidate interface com.eclectics.collaboration.Tool.repository.StarredBoardRepository; If you want this repository to be a Redis repository, consider annotating your entities with one of these annotations: org.springframework.data.redis.core.RedisHash (preferred), or consider extending one of the following types with your repository: org.springframework.data.keyvalue.repository.KeyValueRepository
2026-08-18 16:31:08 INFO  o.s.d.r.c.RepositoryConfigurationExtensionSupport - Spring Data Redis - Could not safely identify store assignment for repository candidate interface com.eclectics.collaboration.Tool.repository.StarredWorkspaceRepository; If you want this repository to be a Redis repository, consider annotating your entities with one of these annotations: org.springframework.data.redis.core.RedisHash (preferred), or consider extending one of the following types with your repository: org.springframework.data.keyvalue.repository.KeyValueRepository
2026-08-18 16:31:08 INFO  o.s.d.r.c.RepositoryConfigurationExtensionSupport - Spring Data Redis - Could not safely identify store assignment for repository candidate interface com.eclectics.collaboration.Tool.repository.SystemConfigRepository; If you want this repository to be a Redis repository, consider annotating your entities with one of these annotations: org.springframework.data.redis.core.RedisHash (preferred), or consider extending one of the following types with your repository: org.springframework.data.keyvalue.repository.KeyValueRepository
2026-08-18 16:31:08 INFO  o.s.d.r.c.RepositoryConfigurationExtensionSupport - Spring Data Redis - Could not safely identify store assignment for repository candidate interface com.eclectics.collaboration.Tool.repository.TalkRepository; If you want this repository to be a Redis repository, consider annotating your entities with one of these annotations: org.springframework.data.redis.core.RedisHash (preferred), or consider extending one of the following types with your repository: org.springframework.data.keyvalue.repository.KeyValueRepository
2026-08-18 16:31:08 INFO  o.s.d.r.c.RepositoryConfigurationExtensionSupport - Spring Data Redis - Could not safely identify store assignment for repository candidate interface com.eclectics.collaboration.Tool.repository.UserRecentBoardRepository; If you want this repository to be a Redis repository, consider annotating your entities with one of these annotations: org.springframework.data.redis.core.RedisHash (preferred), or consider extending one of the following types with your repository: org.springframework.data.keyvalue.repository.KeyValueRepository
2026-08-18 16:31:08 INFO  o.s.d.r.c.RepositoryConfigurationExtensionSupport - Spring Data Redis - Could not safely identify store assignment for repository candidate interface com.eclectics.collaboration.Tool.repository.UserRespository; If you want this repository to be a Redis repository, consider annotating your entities with one of these annotations: org.springframework.data.redis.core.RedisHash (preferred), or consider extending one of the following types with your repository: org.springframework.data.keyvalue.repository.KeyValueRepository
2026-08-18 16:31:08 INFO  o.s.d.r.c.RepositoryConfigurationExtensionSupport - Spring Data Redis - Could not safely identify store assignment for repository candidate interface com.eclectics.collaboration.Tool.repository.WorkSpaceMemberRepository; If you want this repository to be a Redis repository, consider annotating your entities with one of these annotations: org.springframework.data.redis.core.RedisHash (preferred), or consider extending one of the following types with your repository: org.springframework.data.keyvalue.repository.KeyValueRepository
2026-08-18 16:31:08 INFO  o.s.d.r.c.RepositoryConfigurationExtensionSupport - Spring Data Redis - Could not safely identify store assignment for repository candidate interface com.eclectics.collaboration.Tool.repository.WorkSpaceReposiroty; If you want this repository to be a Redis repository, consider annotating your entities with one of these annotations: org.springframework.data.redis.core.RedisHash (preferred), or consider extending one of the following types with your repository: org.springframework.data.keyvalue.repository.KeyValueRepository
2026-08-18 16:31:08 INFO  o.s.d.r.c.RepositoryConfigurationDelegate - Finished Spring Data repository scanning in 119 ms. Found 0 Redis repository interfaces.
2026-08-18 16:31:13 INFO  o.s.boot.tomcat.TomcatWebServer - Tomcat initialized with port 8084 (http)
2026-08-18 16:31:13 INFO  o.a.coyote.http11.Http11NioProtocol - Initializing ProtocolHandler ["http-nio-0.0.0.0-8084"]
2026-08-18 16:31:13 INFO  o.a.catalina.core.StandardService - Starting service [Tomcat]
2026-08-18 16:31:13 INFO  o.a.catalina.core.StandardEngine - Starting Servlet engine: [Apache Tomcat/11.0.15]
2026-08-18 16:31:13 INFO  o.s.b.w.c.s.WebApplicationContextInitializer - Root WebApplicationContext: initialization completed in 11896 ms
2026-08-18 16:31:14 INFO  com.zaxxer.hikari.HikariDataSource - HikariPool-1 - Starting...
2026-08-18 16:31:15 INFO  com.zaxxer.hikari.pool.HikariPool - HikariPool-1 - Added connection org.postgresql.jdbc.PgConnection@67784537
2026-08-18 16:31:15 INFO  com.zaxxer.hikari.HikariDataSource - HikariPool-1 - Start completed.
2026-08-18 16:31:15 INFO  org.hibernate.orm.jpa - HHH008540: Processing PersistenceUnitInfo [name: default]
2026-08-18 16:31:16 INFO  org.hibernate.orm.core - HHH000001: Hibernate ORM core version 7.2.1.Final
2026-08-18 16:31:19 INFO  o.s.o.j.p.SpringPersistenceUnitInfo - No LoadTimeWeaver setup: ignoring JPA class transformer
2026-08-18 16:31:20 INFO  o.hibernate.orm.connections.pooling - HHH10001005: Database info:
	Database JDBC URL [jdbc:postgresql://localhost:5432/collaborationTool]
	Database driver: PostgreSQL JDBC Driver
	Database dialect: PostgreSQLDialect
	Database version: 17.6
	Default catalog/schema: collaborationTool/public
	Autocommit mode: undefined/unknown
	Isolation level: READ_COMMITTED [default READ_COMMITTED]
	JDBC fetch size: none
	Pool: DataSourceConnectionProvider
	Minimum pool size: undefined/unknown
	Maximum pool size: undefined/unknown
2026-08-18 16:31:25 INFO  org.hibernate.orm.core - HHH000489: No JTA platform available (set 'hibernate.transaction.jta.platform' to enable JTA platform integration)
2026-08-18 16:31:25 INFO  o.s.o.j.LocalContainerEntityManagerFactoryBean - Initialized JPA EntityManagerFactory for persistence unit 'default'
2026-08-18 16:31:26 INFO  o.s.d.j.r.q.QueryEnhancerFactories - Hibernate is in classpath; If applicable, HQL parser will be used.
2026-08-18 16:31:35 WARN  o.s.b.j.a.JpaBaseConfiguration$JpaWebConfiguration - spring.jpa.open-in-view is enabled by default. Therefore, database queries may be performed during view rendering. Explicitly configure spring.jpa.open-in-view to disable this warning
2026-08-18 16:31:36 INFO  o.s.v.b.OptionalValidatorFactoryBean - Failed to set up a Bean Validation provider: jakarta.validation.NoProviderFoundException: Unable to create a Configuration, because no Jakarta Validation provider could be found. Add a provider like Hibernate Validator (RI) to your classpath.
2026-08-18 16:31:39 INFO  o.s.m.s.b.SimpleBrokerMessageHandler - Starting...
2026-08-18 16:31:39 INFO  o.s.m.s.b.SimpleBrokerMessageHandler - BrokerAvailabilityEvent[available=true, SimpleBrokerMessageHandler [org.springframework.messaging.simp.broker.DefaultSubscriptionRegistry@2e86dfc5]]
2026-08-18 16:31:39 INFO  o.s.m.s.b.SimpleBrokerMessageHandler - Started.
2026-08-18 16:31:39 INFO  o.a.coyote.http11.Http11NioProtocol - Starting ProtocolHandler ["http-nio-0.0.0.0-8084"]
2026-08-18 16:31:39 INFO  o.s.boot.tomcat.TomcatWebServer - Tomcat started on port 8084 (http) with context path '/'
2026-08-18 16:31:39 INFO  c.e.c.T.CollaborationToolApplication - Started CollaborationToolApplication in 41.607 seconds (process running for 43.879)
2026-08-18 16:31:39 INFO  c.e.c.Tool.configuration.AdminSeeder - >>> Admin already exists, skipping: nthengeabraham952@gmail.com
2026-08-18 16:31:39 INFO  c.e.c.Tool.configuration.AdminSeeder - >>> Admin already exists, skipping: chepkemoisheilah794@gmail.com
2026-08-18 16:32:18 INFO  o.a.c.c.C.[Tomcat].[localhost].[/] - Initializing Spring DispatcherServlet 'dispatcherServlet'
2026-08-18 16:32:18 INFO  o.s.web.servlet.DispatcherServlet - Initializing Servlet 'dispatcherServlet'
2026-08-18 16:32:18 INFO  o.s.web.servlet.DispatcherServlet - Completed initialization in 79 ms
2026-08-18 16:32:19 INFO  c.e.c.Tool.security.RateLimitFilter - Request from IP: 10.235.148.185 | URI: /user/login | Tokens remaining: 50
2026-08-18 16:32:22 INFO  c.e.c.Tool.security.RateLimitFilter - Request from IP: 10.235.148.185 | URI: /workspace/my-workspaces | Tokens remaining: 50
2026-08-18 16:32:23 INFO  c.e.c.Tool.security.RateLimitFilter - Request from IP: 10.235.148.185 | URI: /user/recent-boards | Tokens remaining: 49
2026-08-18 16:32:23 INFO  c.e.c.Tool.security.RateLimitFilter - Request from IP: 10.235.148.185 | URI: /user/scratchpad | Tokens remaining: 48
2026-08-18 16:32:23 INFO  c.e.c.Tool.security.RateLimitFilter - Request from IP: 10.235.148.185 | URI: /boards/starred | Tokens remaining: 47
2026-08-18 16:32:23 INFO  c.e.c.Tool.security.RateLimitFilter - Request from IP: 10.235.148.185 | URI: /workspace/starred | Tokens remaining: 46
2026-08-18 16:32:23 INFO  c.e.c.Tool.security.RateLimitFilter - Request from IP: 10.235.148.185 | URI: /user/notifications/unread-count | Tokens remaining: 46
2026-08-18 16:32:31 INFO  c.e.c.Tool.security.RateLimitFilter - Request from IP: 10.235.148.185 | URI: /boards/workspace/2 | Tokens remaining: 50
2026-08-18 16:32:31 ERROR c.e.c.T.e.CollaborationExceptionHandler - Unexpected error occurred: class java.util.LinkedHashMap cannot be cast to class com.eclectics.collaboration.Tool.dto.ScratchpadDTO (java.util.LinkedHashMap is in module java.base of loader 'bootstrap'; com.eclectics.collaboration.Tool.dto.ScratchpadDTO is in unnamed module of loader 'app')
java.lang.ClassCastException: class java.util.LinkedHashMap cannot be cast to class com.eclectics.collaboration.Tool.dto.ScratchpadDTO (java.util.LinkedHashMap is in module java.base of loader 'bootstrap'; com.eclectics.collaboration.Tool.dto.ScratchpadDTO is in unnamed module of loader 'app')
	at com.eclectics.collaboration.Tool.service.Impl.UserServiceImpl$$SpringCGLIB$$0.getScratchpad(<generated>)
	at com.eclectics.collaboration.Tool.controller.UserController.getScratchpad(UserController.java:182)
	at java.base/jdk.internal.reflect.DirectMethodHandleAccessor.invoke(DirectMethodHandleAccessor.java:103)
	at java.base/java.lang.reflect.Method.invoke(Method.java:580)
	at org.springframework.web.method.support.InvocableHandlerMethod.doInvoke(InvocableHandlerMethod.java:258)
	at org.springframework.web.method.support.InvocableHandlerMethod.invokeForRequest(InvocableHandlerMethod.java:190)
	at org.springframework.web.servlet.mvc.method.annotation.ServletInvocableHandlerMethod.invokeAndHandle(ServletInvocableHandlerMethod.java:117)
	at org.springframework.web.servlet.mvc.method.annotation.RequestMappingHandlerAdapter.invokeHandlerMethod(RequestMappingHandlerAdapter.java:934)
	at org.springframework.web.servlet.mvc.method.annotation.RequestMappingHandlerAdapter.handleInternal(RequestMappingHandlerAdapter.java:853)
	at org.springframework.web.servlet.mvc.method.AbstractHandlerMethodAdapter.handle(AbstractHandlerMethodAdapter.java:86)
	at org.springframework.web.servlet.DispatcherServlet.doDispatch(DispatcherServlet.java:963)
	at org.springframework.web.servlet.DispatcherServlet.doService(DispatcherServlet.java:866)
	at org.springframework.web.servlet.FrameworkServlet.processRequest(FrameworkServlet.java:1003)
	at org.springframework.web.servlet.FrameworkServlet.doGet(FrameworkServlet.java:892)
	at jakarta.servlet.http.HttpServlet.service(HttpServlet.java:622)
	at org.springframework.web.servlet.FrameworkServlet.service(FrameworkServlet.java:874)
	at jakarta.servlet.http.HttpServlet.service(HttpServlet.java:710)
	at org.apache.catalina.core.ApplicationFilterChain.doFilter(ApplicationFilterChain.java:128)
	at org.apache.tomcat.websocket.server.WsFilter.doFilter(WsFilter.java:53)
	at org.apache.catalina.core.ApplicationFilterChain.doFilter(ApplicationFilterChain.java:107)
	at org.springframework.web.filter.OncePerRequestFilter.doFilter(OncePerRequestFilter.java:110)
	at org.apache.catalina.core.ApplicationFilterChain.doFilter(ApplicationFilterChain.java:107)
	at org.springframework.web.filter.OncePerRequestFilter.doFilter(OncePerRequestFilter.java:110)
	at org.apache.catalina.core.ApplicationFilterChain.doFilter(ApplicationFilterChain.java:107)
	at org.springframework.web.filter.CompositeFilter$VirtualFilterChain.doFilter(CompositeFilter.java:108)
	at org.springframework.security.web.FilterChainProxy.lambda$doFilterInternal$3(FilterChainProxy.java:235)
	at org.springframework.security.web.FilterChainProxy$VirtualFilterChain.doFilter(FilterChainProxy.java:371)
	at org.springframework.security.web.access.intercept.AuthorizationFilter.doFilter(AuthorizationFilter.java:101)
	at org.springframework.security.web.FilterChainProxy$VirtualFilterChain.doFilter(FilterChainProxy.java:380)
	at org.springframework.security.web.access.ExceptionTranslationFilter.doFilter(ExceptionTranslationFilter.java:126)
	at org.springframework.security.web.access.ExceptionTranslationFilter.doFilter(ExceptionTranslationFilter.java:120)
	at org.springframework.security.web.FilterChainProxy$VirtualFilterChain.doFilter(FilterChainProxy.java:380)
	at org.springframework.security.web.session.SessionManagementFilter.doFilter(SessionManagementFilter.java:132)
	at org.springframework.security.web.session.SessionManagementFilter.doFilter(SessionManagementFilter.java:86)
	at org.springframework.security.web.FilterChainProxy$VirtualFilterChain.doFilter(FilterChainProxy.java:380)
	at org.springframework.security.web.authentication.AnonymousAuthenticationFilter.doFilter(AnonymousAuthenticationFilter.java:100)
	at org.springframework.security.web.FilterChainProxy$VirtualFilterChain.doFilter(FilterChainProxy.java:380)
	at org.springframework.security.web.servletapi.SecurityContextHolderAwareRequestFilter.doFilter(SecurityContextHolderAwareRequestFilter.java:181)
	at org.springframework.security.web.FilterChainProxy$VirtualFilterChain.doFilter(FilterChainProxy.java:380)
	at org.springframework.security.web.savedrequest.RequestCacheAwareFilter.doFilter(RequestCacheAwareFilter.java:63)
	at org.springframework.security.web.FilterChainProxy$VirtualFilterChain.doFilter(FilterChainProxy.java:380)
	at com.eclectics.collaboration.Tool.security.JwtFilter.doFilterInternal(JwtFilter.java:85)
	at org.springframework.web.filter.OncePerRequestFilter.doFilter(OncePerRequestFilter.java:116)
	at org.springframework.security.web.FilterChainProxy$VirtualFilterChain.doFilter(FilterChainProxy.java:380)
	at com.eclectics.collaboration.Tool.security.RateLimitFilter.doFilterInternal(RateLimitFilter.java:50)
	at org.springframework.web.filter.OncePerRequestFilter.doFilter(OncePerRequestFilter.java:116)
	at org.springframework.security.web.FilterChainProxy$VirtualFilterChain.doFilter(FilterChainProxy.java:380)
	at org.springframework.security.web.authentication.logout.LogoutFilter.doFilter(LogoutFilter.java:110)
	at org.springframework.security.web.authentication.logout.LogoutFilter.doFilter(LogoutFilter.java:96)
	at org.springframework.security.web.FilterChainProxy$VirtualFilterChain.doFilter(FilterChainProxy.java:380)
	at org.springframework.web.filter.CorsFilter.doFilterInternal(CorsFilter.java:91)
	at org.springframework.web.filter.OncePerRequestFilter.doFilter(OncePerRequestFilter.java:116)
	at org.springframework.security.web.FilterChainProxy$VirtualFilterChain.doFilter(FilterChainProxy.java:380)
	at org.springframework.security.web.header.HeaderWriterFilter.doHeadersAfter(HeaderWriterFilter.java:90)
	at org.springframework.security.web.header.HeaderWriterFilter.doFilterInternal(HeaderWriterFilter.java:75)
	at org.springframework.web.filter.OncePerRequestFilter.doFilter(OncePerRequestFilter.java:116)
	at org.springframework.security.web.FilterChainProxy$VirtualFilterChain.doFilter(FilterChainProxy.java:380)
	at org.springframework.security.web.context.SecurityContextHolderFilter.doFilter(SecurityContextHolderFilter.java:82)
	at org.springframework.security.web.context.SecurityContextHolderFilter.doFilter(SecurityContextHolderFilter.java:69)
	at org.springframework.security.web.FilterChainProxy$VirtualFilterChain.doFilter(FilterChainProxy.java:380)
	at org.springframework.security.web.context.request.async.WebAsyncManagerIntegrationFilter.doFilterInternal(WebAsyncManagerIntegrationFilter.java:62)
	at org.springframework.web.filter.OncePerRequestFilter.doFilter(OncePerRequestFilter.java:116)
	at org.springframework.security.web.FilterChainProxy$VirtualFilterChain.doFilter(FilterChainProxy.java:380)
	at org.springframework.security.web.session.DisableEncodeUrlFilter.doFilterInternal(DisableEncodeUrlFilter.java:42)
	at org.springframework.web.filter.OncePerRequestFilter.doFilter(OncePerRequestFilter.java:116)
	at org.springframework.security.web.FilterChainProxy$VirtualFilterChain.doFilter(FilterChainProxy.java:380)
	at org.springframework.security.web.FilterChainProxy.doFilterInternal(FilterChainProxy.java:237)
	at org.springframework.security.web.FilterChainProxy.doFilter(FilterChainProxy.java:195)
	at org.springframework.web.filter.CompositeFilter$VirtualFilterChain.doFilter(CompositeFilter.java:113)
	at org.springframework.web.filter.ServletRequestPathFilter.doFilter(ServletRequestPathFilter.java:52)
	at org.springframework.web.filter.CompositeFilter$VirtualFilterChain.doFilter(CompositeFilter.java:113)
	at org.springframework.web.filter.CompositeFilter.doFilter(CompositeFilter.java:74)
	at org.springframework.security.config.annotation.web.configuration.WebSecurityConfiguration$CompositeFilterChainProxy.doFilter(WebSecurityConfiguration.java:317)
	at org.springframework.web.filter.DelegatingFilterProxy.invokeDelegate(DelegatingFilterProxy.java:355)
	at org.springframework.web.filter.DelegatingFilterProxy.doFilter(DelegatingFilterProxy.java:272)
	at org.apache.catalina.core.ApplicationFilterChain.doFilter(ApplicationFilterChain.java:107)
	at org.springframework.web.filter.RequestContextFilter.doFilterInternal(RequestContextFilter.java:100)
	at org.springframework.web.filter.OncePerRequestFilter.doFilter(OncePerRequestFilter.java:116)
	at org.apache.catalina.core.ApplicationFilterChain.doFilter(ApplicationFilterChain.java:107)
	at org.springframework.web.filter.FormContentFilter.doFilterInternal(FormContentFilter.java:93)
	at org.springframework.web.filter.OncePerRequestFilter.doFilter(OncePerRequestFilter.java:116)
	at org.apache.catalina.core.ApplicationFilterChain.doFilter(ApplicationFilterChain.java:107)
	at org.springframework.session.web.http.SessionRepositoryFilter.doFilterInternal(SessionRepositoryFilter.java:142)
	at org.springframework.session.web.http.OncePerRequestFilter.doFilter(OncePerRequestFilter.java:82)
	at org.springframework.web.filter.DelegatingFilterProxy.invokeDelegate(DelegatingFilterProxy.java:355)
	at org.springframework.web.filter.DelegatingFilterProxy.doFilter(DelegatingFilterProxy.java:272)
	at org.apache.catalina.core.ApplicationFilterChain.doFilter(ApplicationFilterChain.java:107)
	at org.springframework.web.filter.CharacterEncodingFilter.doFilterInternal(CharacterEncodingFilter.java:199)
	at org.springframework.web.filter.OncePerRequestFilter.doFilter(OncePerRequestFilter.java:116)
	at org.apache.catalina.core.ApplicationFilterChain.doFilter(ApplicationFilterChain.java:107)
	at org.apache.catalina.core.StandardWrapperValve.invoke(StandardWrapperValve.java:165)
	at org.apache.catalina.core.StandardContextValve.invoke(StandardContextValve.java:77)
	at org.apache.catalina.authenticator.AuthenticatorBase.invoke(AuthenticatorBase.java:482)
	at org.apache.catalina.core.StandardHostValve.invoke(StandardHostValve.java:113)
	at org.apache.catalina.valves.ErrorReportValve.invoke(ErrorReportValve.java:83)
	at org.apache.catalina.core.StandardEngineValve.invoke(StandardEngineValve.java:72)
	at org.apache.catalina.connector.CoyoteAdapter.service(CoyoteAdapter.java:341)
	at org.apache.coyote.http11.Http11Processor.service(Http11Processor.java:397)
	at org.apache.coyote.AbstractProcessorLight.process(AbstractProcessorLight.java:63)
	at org.apache.coyote.AbstractProtocol$ConnectionHandler.process(AbstractProtocol.java:903)
	at org.apache.tomcat.util.net.NioEndpoint$SocketProcessor.doRun(NioEndpoint.java:1778)
	at org.apache.tomcat.util.net.SocketProcessorBase.run(SocketProcessorBase.java:52)
	at org.apache.tomcat.util.threads.ThreadPoolExecutor.runWorker(ThreadPoolExecutor.java:946)
	at org.apache.tomcat.util.threads.ThreadPoolExecutor$Worker.run(ThreadPoolExecutor.java:480)
	at org.apache.tomcat.util.threads.TaskThread$WrappingRunnable.run(TaskThread.java:57)
	at java.base/java.lang.Thread.run(Thread.java:1583)
2026-08-18 16:32:31 INFO  c.e.c.Tool.security.RateLimitFilter - Request from IP: 10.235.148.185 | URI: /boards/4/lists | Tokens remaining: 49
2026-08-18 16:32:39 INFO  o.s.w.s.c.WebSocketMessageBrokerStats - WebSocketSession[0 current WS(0)-HttpStream(0)-HttpPoll(0), 0 total, 0 closed abnormally (0 connect failure, 0 send limit, 0 transport error)], stompSubProtocol[processed CONNECT(0)-CONNECTED(0)-DISCONNECT(0)], stompBrokerRelay[null], inboundChannel[pool size = 0, active threads = 0, queued tasks = 0, completed tasks = 0], outboundChannel[pool size = 0, active threads = 0, queued tasks = 0, completed tasks = 0], sockJsScheduler[pool size = 4, active threads = 1, queued tasks = 3, completed tasks = 3]
2026-08-18 16:33:05 INFO  c.e.c.Tool.security.RateLimitFilter - Request from IP: 10.235.148.185 | URI: /user/scratchpad | Tokens remaining: 50
2026-08-18 16:33:05 INFO  c.e.c.Tool.security.RateLimitFilter - Request from IP: 10.235.148.185 | URI: /workspace/my-workspaces | Tokens remaining: 49
2026-08-18 16:33:05 INFO  c.e.c.Tool.security.RateLimitFilter - Request from IP: 10.235.148.185 | URI: /user/recent-boards | Tokens remaining: 50
2026-08-18 16:33:05 INFO  c.e.c.Tool.security.RateLimitFilter - Request from IP: 10.235.148.185 | URI: /boards/starred | Tokens remaining: 47
2026-08-18 16:33:05 INFO  c.e.c.Tool.security.RateLimitFilter - Request from IP: 10.235.148.185 | URI: /workspace/starred | Tokens remaining: 46
2026-08-18 16:33:05 INFO  c.e.c.Tool.security.RateLimitFilter - Request from IP: 10.235.148.185 | URI: /user/notifications/unread-count | Tokens remaining: 45
2026-08-18 16:33:06 ERROR c.e.c.T.e.CollaborationExceptionHandler - Unexpected error occurred: class java.util.LinkedHashMap cannot be cast to class com.eclectics.collaboration.Tool.dto.ScratchpadDTO (java.util.LinkedHashMap is in module java.base of loader 'bootstrap'; com.eclectics.collaboration.Tool.dto.ScratchpadDTO is in unnamed module of loader 'app')
java.lang.ClassCastException: class java.util.LinkedHashMap cannot be cast to class com.eclectics.collaboration.Tool.dto.ScratchpadDTO (java.util.LinkedHashMap is in module java.base of loader 'bootstrap'; com.eclectics.collaboration.Tool.dto.ScratchpadDTO is in unnamed module of loader 'app')
	at com.eclectics.collaboration.Tool.service.Impl.UserServiceImpl$$SpringCGLIB$$0.getScratchpad(<generated>)
	at com.eclectics.collaboration.Tool.controller.UserController.getScratchpad(UserController.java:182)
	at java.base/jdk.internal.reflect.DirectMethodHandleAccessor.invoke(DirectMethodHandleAccessor.java:103)
	at java.base/java.lang.reflect.Method.invoke(Method.java:580)
	at org.springframework.web.method.support.InvocableHandlerMethod.doInvoke(InvocableHandlerMethod.java:258)
	at org.springframework.web.method.support.InvocableHandlerMethod.invokeForRequest(InvocableHandlerMethod.java:190)
	at org.springframework.web.servlet.mvc.method.annotation.ServletInvocableHandlerMethod.invokeAndHandle(ServletInvocableHandlerMethod.java:117)
	at org.springframework.web.servlet.mvc.method.annotation.RequestMappingHandlerAdapter.invokeHandlerMethod(RequestMappingHandlerAdapter.java:934)
	at org.springframework.web.servlet.mvc.method.annotation.RequestMappingHandlerAdapter.handleInternal(RequestMappingHandlerAdapter.java:853)
	at org.springframework.web.servlet.mvc.method.AbstractHandlerMethodAdapter.handle(AbstractHandlerMethodAdapter.java:86)
	at org.springframework.web.servlet.DispatcherServlet.doDispatch(DispatcherServlet.java:963)
	at org.springframework.web.servlet.DispatcherServlet.doService(DispatcherServlet.java:866)
	at org.springframework.web.servlet.FrameworkServlet.processRequest(FrameworkServlet.java:1003)
	at org.springframework.web.servlet.FrameworkServlet.doGet(FrameworkServlet.java:892)
	at jakarta.servlet.http.HttpServlet.service(HttpServlet.java:622)
	at org.springframework.web.servlet.FrameworkServlet.service(FrameworkServlet.java:874)
	at jakarta.servlet.http.HttpServlet.service(HttpServlet.java:710)
	at org.apache.catalina.core.ApplicationFilterChain.doFilter(ApplicationFilterChain.java:128)
	at org.apache.tomcat.websocket.server.WsFilter.doFilter(WsFilter.java:53)
	at org.apache.catalina.core.ApplicationFilterChain.doFilter(ApplicationFilterChain.java:107)
	at org.springframework.web.filter.OncePerRequestFilter.doFilter(OncePerRequestFilter.java:110)
	at org.apache.catalina.core.ApplicationFilterChain.doFilter(ApplicationFilterChain.java:107)
	at org.springframework.web.filter.OncePerRequestFilter.doFilter(OncePerRequestFilter.java:110)
	at org.apache.catalina.core.ApplicationFilterChain.doFilter(ApplicationFilterChain.java:107)
	at org.springframework.web.filter.CompositeFilter$VirtualFilterChain.doFilter(CompositeFilter.java:108)
	at org.springframework.security.web.FilterChainProxy.lambda$doFilterInternal$3(FilterChainProxy.java:235)
	at org.springframework.security.web.FilterChainProxy$VirtualFilterChain.doFilter(FilterChainProxy.java:371)
	at org.springframework.security.web.access.intercept.AuthorizationFilter.doFilter(AuthorizationFilter.java:101)
	at org.springframework.security.web.FilterChainProxy$VirtualFilterChain.doFilter(FilterChainProxy.java:380)
	at org.springframework.security.web.access.ExceptionTranslationFilter.doFilter(ExceptionTranslationFilter.java:126)
	at org.springframework.security.web.access.ExceptionTranslationFilter.doFilter(ExceptionTranslationFilter.java:120)
	at org.springframework.security.web.FilterChainProxy$VirtualFilterChain.doFilter(FilterChainProxy.java:380)
	at org.springframework.security.web.session.SessionManagementFilter.doFilter(SessionManagementFilter.java:132)
	at org.springframework.security.web.session.SessionManagementFilter.doFilter(SessionManagementFilter.java:86)
	at org.springframework.security.web.FilterChainProxy$VirtualFilterChain.doFilter(FilterChainProxy.java:380)
	at org.springframework.security.web.authentication.AnonymousAuthenticationFilter.doFilter(AnonymousAuthenticationFilter.java:100)
	at org.springframework.security.web.FilterChainProxy$VirtualFilterChain.doFilter(FilterChainProxy.java:380)
	at org.springframework.security.web.servletapi.SecurityContextHolderAwareRequestFilter.doFilter(SecurityContextHolderAwareRequestFilter.java:181)
	at org.springframework.security.web.FilterChainProxy$VirtualFilterChain.doFilter(FilterChainProxy.java:380)
	at org.springframework.security.web.savedrequest.RequestCacheAwareFilter.doFilter(RequestCacheAwareFilter.java:63)
	at org.springframework.security.web.FilterChainProxy$VirtualFilterChain.doFilter(FilterChainProxy.java:380)
	at com.eclectics.collaboration.Tool.security.JwtFilter.doFilterInternal(JwtFilter.java:85)
	at org.springframework.web.filter.OncePerRequestFilter.doFilter(OncePerRequestFilter.java:116)
	at org.springframework.security.web.FilterChainProxy$VirtualFilterChain.doFilter(FilterChainProxy.java:380)
	at com.eclectics.collaboration.Tool.security.RateLimitFilter.doFilterInternal(RateLimitFilter.java:50)
	at org.springframework.web.filter.OncePerRequestFilter.doFilter(OncePerRequestFilter.java:116)
	at org.springframework.security.web.FilterChainProxy$VirtualFilterChain.doFilter(FilterChainProxy.java:380)
	at org.springframework.security.web.authentication.logout.LogoutFilter.doFilter(LogoutFilter.java:110)
	at org.springframework.security.web.authentication.logout.LogoutFilter.doFilter(LogoutFilter.java:96)
	at org.springframework.security.web.FilterChainProxy$VirtualFilterChain.doFilter(FilterChainProxy.java:380)
	at org.springframework.web.filter.CorsFilter.doFilterInternal(CorsFilter.java:91)
	at org.springframework.web.filter.OncePerRequestFilter.doFilter(OncePerRequestFilter.java:116)
	at org.springframework.security.web.FilterChainProxy$VirtualFilterChain.doFilter(FilterChainProxy.java:380)
	at org.springframework.security.web.header.HeaderWriterFilter.doHeadersAfter(HeaderWriterFilter.java:90)
	at org.springframework.security.web.header.HeaderWriterFilter.doFilterInternal(HeaderWriterFilter.java:75)
	at org.springframework.web.filter.OncePerRequestFilter.doFilter(OncePerRequestFilter.java:116)
	at org.springframework.security.web.FilterChainProxy$VirtualFilterChain.doFilter(FilterChainProxy.java:380)
	at org.springframework.security.web.context.SecurityContextHolderFilter.doFilter(SecurityContextHolderFilter.java:82)
	at org.springframework.security.web.context.SecurityContextHolderFilter.doFilter(SecurityContextHolderFilter.java:69)
	at org.springframework.security.web.FilterChainProxy$VirtualFilterChain.doFilter(FilterChainProxy.java:380)
	at org.springframework.security.web.context.request.async.WebAsyncManagerIntegrationFilter.doFilterInternal(WebAsyncManagerIntegrationFilter.java:62)
	at org.springframework.web.filter.OncePerRequestFilter.doFilter(OncePerRequestFilter.java:116)
	at org.springframework.security.web.FilterChainProxy$VirtualFilterChain.doFilter(FilterChainProxy.java:380)
	at org.springframework.security.web.session.DisableEncodeUrlFilter.doFilterInternal(DisableEncodeUrlFilter.java:42)
	at org.springframework.web.filter.OncePerRequestFilter.doFilter(OncePerRequestFilter.java:116)
	at org.springframework.security.web.FilterChainProxy$VirtualFilterChain.doFilter(FilterChainProxy.java:380)
	at org.springframework.security.web.FilterChainProxy.doFilterInternal(FilterChainProxy.java:237)
	at org.springframework.security.web.FilterChainProxy.doFilter(FilterChainProxy.java:195)
	at org.springframework.web.filter.CompositeFilter$VirtualFilterChain.doFilter(CompositeFilter.java:113)
	at org.springframework.web.filter.ServletRequestPathFilter.doFilter(ServletRequestPathFilter.java:52)
	at org.springframework.web.filter.CompositeFilter$VirtualFilterChain.doFilter(CompositeFilter.java:113)
	at org.springframework.web.filter.CompositeFilter.doFilter(CompositeFilter.java:74)
	at org.springframework.security.config.annotation.web.configuration.WebSecurityConfiguration$CompositeFilterChainProxy.doFilter(WebSecurityConfiguration.java:317)
	at org.springframework.web.filter.DelegatingFilterProxy.invokeDelegate(DelegatingFilterProxy.java:355)
	at org.springframework.web.filter.DelegatingFilterProxy.doFilter(DelegatingFilterProxy.java:272)
	at org.apache.catalina.core.ApplicationFilterChain.doFilter(ApplicationFilterChain.java:107)
	at org.springframework.web.filter.RequestContextFilter.doFilterInternal(RequestContextFilter.java:100)
	at org.springframework.web.filter.OncePerRequestFilter.doFilter(OncePerRequestFilter.java:116)
	at org.apache.catalina.core.ApplicationFilterChain.doFilter(ApplicationFilterChain.java:107)
	at org.springframework.web.filter.FormContentFilter.doFilterInternal(FormContentFilter.java:93)
	at org.springframework.web.filter.OncePerRequestFilter.doFilter(OncePerRequestFilter.java:116)
	at org.apache.catalina.core.ApplicationFilterChain.doFilter(ApplicationFilterChain.java:107)
	at org.springframework.session.web.http.SessionRepositoryFilter.doFilterInternal(SessionRepositoryFilter.java:142)
	at org.springframework.session.web.http.OncePerRequestFilter.doFilter(OncePerRequestFilter.java:82)
	at org.springframework.web.filter.DelegatingFilterProxy.invokeDelegate(DelegatingFilterProxy.java:355)
	at org.springframework.web.filter.DelegatingFilterProxy.doFilter(DelegatingFilterProxy.java:272)
	at org.apache.catalina.core.ApplicationFilterChain.doFilter(ApplicationFilterChain.java:107)
	at org.springframework.web.filter.CharacterEncodingFilter.doFilterInternal(CharacterEncodingFilter.java:199)
	at org.springframework.web.filter.OncePerRequestFilter.doFilter(OncePerRequestFilter.java:116)
	at org.apache.catalina.core.ApplicationFilterChain.doFilter(ApplicationFilterChain.java:107)
	at org.apache.catalina.core.StandardWrapperValve.invoke(StandardWrapperValve.java:165)
	at org.apache.catalina.core.StandardContextValve.invoke(StandardContextValve.java:77)
	at org.apache.catalina.authenticator.AuthenticatorBase.invoke(AuthenticatorBase.java:482)
	at org.apache.catalina.core.StandardHostValve.invoke(StandardHostValve.java:113)
	at org.apache.catalina.valves.ErrorReportValve.invoke(ErrorReportValve.java:83)
	at org.apache.catalina.core.StandardEngineValve.invoke(StandardEngineValve.java:72)
	at org.apache.catalina.connector.CoyoteAdapter.service(CoyoteAdapter.java:341)
	at org.apache.coyote.http11.Http11Processor.service(Http11Processor.java:397)
	at org.apache.coyote.AbstractProcessorLight.process(AbstractProcessorLight.java:63)
	at org.apache.coyote.AbstractProtocol$ConnectionHandler.process(AbstractProtocol.java:903)
	at org.apache.tomcat.util.net.NioEndpoint$SocketProcessor.doRun(NioEndpoint.java:1778)
	at org.apache.tomcat.util.net.SocketProcessorBase.run(SocketProcessorBase.java:52)
	at org.apache.tomcat.util.threads.ThreadPoolExecutor.runWorker(ThreadPoolExecutor.java:946)
	at org.apache.tomcat.util.threads.ThreadPoolExecutor$Worker.run(ThreadPoolExecutor.java:480)
	at org.apache.tomcat.util.threads.TaskThread$WrappingRunnable.run(TaskThread.java:57)
	at java.base/java.lang.Thread.run(Thread.java:1583)
2026-08-18 16:33:06 INFO  c.e.c.Tool.security.RateLimitFilter - Request from IP: 10.235.148.185 | URI: /boards/workspace/2 | Tokens remaining: 44
2026-08-18 16:33:07 INFO  c.e.c.Tool.security.RateLimitFilter - Request from IP: 10.235.148.185 | URI: /boards/4/lists | Tokens remaining: 44
2026-08-18 16:34:04 INFO  c.e.c.Tool.security.RateLimitFilter - Request from IP: 10.235.148.185 | URI: /cards/assigned-to-me | Tokens remaining: 50
2026-08-18 16:34:08 INFO  c.e.c.Tool.security.RateLimitFilter - Request from IP: 10.235.148.185 | URI: /workspace/my-invitations | Tokens remaining: 50
2026-08-18 16:34:15 INFO  c.e.c.Tool.security.RateLimitFilter - Request from IP: 10.235.148.185 | URI: /workspace/my-invitations | Tokens remaining: 50
2026-08-18 16:34:56 INFO  o.s.boot.tomcat.GracefulShutdown - Commencing graceful shutdown. Waiting for active requests to complete
2026-08-18 16:34:56 INFO  o.s.boot.tomcat.GracefulShutdown - Graceful shutdown complete
2026-08-18 16:34:56 INFO  o.s.m.s.b.SimpleBrokerMessageHandler - Stopping...
2026-08-18 16:34:56 INFO  o.s.m.s.b.SimpleBrokerMessageHandler - BrokerAvailabilityEvent[available=false, SimpleBrokerMessageHandler [org.springframework.messaging.simp.broker.DefaultSubscriptionRegistry@2e86dfc5]]
2026-08-18 16:34:56 INFO  o.s.m.s.b.SimpleBrokerMessageHandler - Stopped.
2026-08-18 16:34:56 INFO  o.s.o.j.LocalContainerEntityManagerFactoryBean - Closing JPA EntityManagerFactory for persistence unit 'default'
2026-08-18 16:34:56 INFO  com.zaxxer.hikari.HikariDataSource - HikariPool-1 - Shutdown initiated...
2026-08-18 16:34:56 INFO  com.zaxxer.hikari.HikariDataSource - HikariPool-1 - Shutdown completed.
