2026-08-21 10:23:19 INFO  c.e.c.T.CollaborationToolApplication - Starting CollaborationToolApplication using Java 21.0.8 with PID 18556 (C:\Abraham\Code\Eclectics\Collaboration-Tool\target\classes started by pc in C:\Abraham\Code\Eclectics\Collaboration-Tool)
2026-08-21 10:23:20 INFO  c.e.c.T.CollaborationToolApplication - The following 1 profile is active: "prod"
2026-08-21 10:23:28 INFO  o.s.d.r.c.RepositoryConfigurationDelegate - Multiple Spring Data modules found, entering strict repository configuration mode
2026-08-21 10:23:28 INFO  o.s.d.r.c.RepositoryConfigurationDelegate - Bootstrapping Spring Data JPA repositories in DEFAULT mode.
2026-08-21 10:23:30 INFO  o.s.d.r.c.RepositoryConfigurationDelegate - Finished Spring Data repository scanning in 1337 ms. Found 25 JPA repository interfaces.
2026-08-21 10:23:30 INFO  o.s.d.r.c.RepositoryConfigurationDelegate - Multiple Spring Data modules found, entering strict repository configuration mode
2026-08-21 10:23:30 INFO  o.s.d.r.c.RepositoryConfigurationDelegate - Bootstrapping Spring Data Redis repositories in DEFAULT mode.
2026-08-21 10:23:30 INFO  o.s.d.r.c.RepositoryConfigurationExtensionSupport - Spring Data Redis - Could not safely identify store assignment for repository candidate interface com.eclectics.collaboration.Tool.repository.ActivityLogRepository; If you want this repository to be a Redis repository, consider annotating your entities with one of these annotations: org.springframework.data.redis.core.RedisHash (preferred), or consider extending one of the following types with your repository: org.springframework.data.keyvalue.repository.KeyValueRepository
2026-08-21 10:23:30 INFO  o.s.d.r.c.RepositoryConfigurationExtensionSupport - Spring Data Redis - Could not safely identify store assignment for repository candidate interface com.eclectics.collaboration.Tool.repository.BoardMemberRepository; If you want this repository to be a Redis repository, consider annotating your entities with one of these annotations: org.springframework.data.redis.core.RedisHash (preferred), or consider extending one of the following types with your repository: org.springframework.data.keyvalue.repository.KeyValueRepository
2026-08-21 10:23:30 INFO  o.s.d.r.c.RepositoryConfigurationExtensionSupport - Spring Data Redis - Could not safely identify store assignment for repository candidate interface com.eclectics.collaboration.Tool.repository.BoardsRepository; If you want this repository to be a Redis repository, consider annotating your entities with one of these annotations: org.springframework.data.redis.core.RedisHash (preferred), or consider extending one of the following types with your repository: org.springframework.data.keyvalue.repository.KeyValueRepository
2026-08-21 10:23:30 INFO  o.s.d.r.c.RepositoryConfigurationExtensionSupport - Spring Data Redis - Could not safely identify store assignment for repository candidate interface com.eclectics.collaboration.Tool.repository.CardAssigneeRepository; If you want this repository to be a Redis repository, consider annotating your entities with one of these annotations: org.springframework.data.redis.core.RedisHash (preferred), or consider extending one of the following types with your repository: org.springframework.data.keyvalue.repository.KeyValueRepository
2026-08-21 10:23:30 INFO  o.s.d.r.c.RepositoryConfigurationExtensionSupport - Spring Data Redis - Could not safely identify store assignment for repository candidate interface com.eclectics.collaboration.Tool.repository.CardLabelRepository; If you want this repository to be a Redis repository, consider annotating your entities with one of these annotations: org.springframework.data.redis.core.RedisHash (preferred), or consider extending one of the following types with your repository: org.springframework.data.keyvalue.repository.KeyValueRepository
2026-08-21 10:23:30 INFO  o.s.d.r.c.RepositoryConfigurationExtensionSupport - Spring Data Redis - Could not safely identify store assignment for repository candidate interface com.eclectics.collaboration.Tool.repository.CardRepository; If you want this repository to be a Redis repository, consider annotating your entities with one of these annotations: org.springframework.data.redis.core.RedisHash (preferred), or consider extending one of the following types with your repository: org.springframework.data.keyvalue.repository.KeyValueRepository
2026-08-21 10:23:30 INFO  o.s.d.r.c.RepositoryConfigurationExtensionSupport - Spring Data Redis - Could not safely identify store assignment for repository candidate interface com.eclectics.collaboration.Tool.repository.CommentMentionRepository; If you want this repository to be a Redis repository, consider annotating your entities with one of these annotations: org.springframework.data.redis.core.RedisHash (preferred), or consider extending one of the following types with your repository: org.springframework.data.keyvalue.repository.KeyValueRepository
2026-08-21 10:23:30 INFO  o.s.d.r.c.RepositoryConfigurationExtensionSupport - Spring Data Redis - Could not safely identify store assignment for repository candidate interface com.eclectics.collaboration.Tool.repository.CommentRepository; If you want this repository to be a Redis repository, consider annotating your entities with one of these annotations: org.springframework.data.redis.core.RedisHash (preferred), or consider extending one of the following types with your repository: org.springframework.data.keyvalue.repository.KeyValueRepository
2026-08-21 10:23:30 INFO  o.s.d.r.c.RepositoryConfigurationExtensionSupport - Spring Data Redis - Could not safely identify store assignment for repository candidate interface com.eclectics.collaboration.Tool.repository.DueDateReminderRepository; If you want this repository to be a Redis repository, consider annotating your entities with one of these annotations: org.springframework.data.redis.core.RedisHash (preferred), or consider extending one of the following types with your repository: org.springframework.data.keyvalue.repository.KeyValueRepository
2026-08-21 10:23:30 INFO  o.s.d.r.c.RepositoryConfigurationExtensionSupport - Spring Data Redis - Could not safely identify store assignment for repository candidate interface com.eclectics.collaboration.Tool.repository.FAQRepository; If you want this repository to be a Redis repository, consider annotating your entities with one of these annotations: org.springframework.data.redis.core.RedisHash (preferred), or consider extending one of the following types with your repository: org.springframework.data.keyvalue.repository.KeyValueRepository
2026-08-21 10:23:30 INFO  o.s.d.r.c.RepositoryConfigurationExtensionSupport - Spring Data Redis - Could not safely identify store assignment for repository candidate interface com.eclectics.collaboration.Tool.repository.InvitationRepository; If you want this repository to be a Redis repository, consider annotating your entities with one of these annotations: org.springframework.data.redis.core.RedisHash (preferred), or consider extending one of the following types with your repository: org.springframework.data.keyvalue.repository.KeyValueRepository
2026-08-21 10:23:30 INFO  o.s.d.r.c.RepositoryConfigurationExtensionSupport - Spring Data Redis - Could not safely identify store assignment for repository candidate interface com.eclectics.collaboration.Tool.repository.IssueRepository; If you want this repository to be a Redis repository, consider annotating your entities with one of these annotations: org.springframework.data.redis.core.RedisHash (preferred), or consider extending one of the following types with your repository: org.springframework.data.keyvalue.repository.KeyValueRepository
2026-08-21 10:23:30 INFO  o.s.d.r.c.RepositoryConfigurationExtensionSupport - Spring Data Redis - Could not safely identify store assignment for repository candidate interface com.eclectics.collaboration.Tool.repository.LabelRepository; If you want this repository to be a Redis repository, consider annotating your entities with one of these annotations: org.springframework.data.redis.core.RedisHash (preferred), or consider extending one of the following types with your repository: org.springframework.data.keyvalue.repository.KeyValueRepository
2026-08-21 10:23:30 INFO  o.s.d.r.c.RepositoryConfigurationExtensionSupport - Spring Data Redis - Could not safely identify store assignment for repository candidate interface com.eclectics.collaboration.Tool.repository.ListEntityRepository; If you want this repository to be a Redis repository, consider annotating your entities with one of these annotations: org.springframework.data.redis.core.RedisHash (preferred), or consider extending one of the following types with your repository: org.springframework.data.keyvalue.repository.KeyValueRepository
2026-08-21 10:23:30 INFO  o.s.d.r.c.RepositoryConfigurationExtensionSupport - Spring Data Redis - Could not safely identify store assignment for repository candidate interface com.eclectics.collaboration.Tool.repository.NotificationPreferenceRepository; If you want this repository to be a Redis repository, consider annotating your entities with one of these annotations: org.springframework.data.redis.core.RedisHash (preferred), or consider extending one of the following types with your repository: org.springframework.data.keyvalue.repository.KeyValueRepository
2026-08-21 10:23:30 INFO  o.s.d.r.c.RepositoryConfigurationExtensionSupport - Spring Data Redis - Could not safely identify store assignment for repository candidate interface com.eclectics.collaboration.Tool.repository.NotificationRepository; If you want this repository to be a Redis repository, consider annotating your entities with one of these annotations: org.springframework.data.redis.core.RedisHash (preferred), or consider extending one of the following types with your repository: org.springframework.data.keyvalue.repository.KeyValueRepository
2026-08-21 10:23:30 INFO  o.s.d.r.c.RepositoryConfigurationExtensionSupport - Spring Data Redis - Could not safely identify store assignment for repository candidate interface com.eclectics.collaboration.Tool.repository.RefreshTokenRepository; If you want this repository to be a Redis repository, consider annotating your entities with one of these annotations: org.springframework.data.redis.core.RedisHash (preferred), or consider extending one of the following types with your repository: org.springframework.data.keyvalue.repository.KeyValueRepository
2026-08-21 10:23:30 INFO  o.s.d.r.c.RepositoryConfigurationExtensionSupport - Spring Data Redis - Could not safely identify store assignment for repository candidate interface com.eclectics.collaboration.Tool.repository.StarredBoardRepository; If you want this repository to be a Redis repository, consider annotating your entities with one of these annotations: org.springframework.data.redis.core.RedisHash (preferred), or consider extending one of the following types with your repository: org.springframework.data.keyvalue.repository.KeyValueRepository
2026-08-21 10:23:30 INFO  o.s.d.r.c.RepositoryConfigurationExtensionSupport - Spring Data Redis - Could not safely identify store assignment for repository candidate interface com.eclectics.collaboration.Tool.repository.StarredWorkspaceRepository; If you want this repository to be a Redis repository, consider annotating your entities with one of these annotations: org.springframework.data.redis.core.RedisHash (preferred), or consider extending one of the following types with your repository: org.springframework.data.keyvalue.repository.KeyValueRepository
2026-08-21 10:23:30 INFO  o.s.d.r.c.RepositoryConfigurationExtensionSupport - Spring Data Redis - Could not safely identify store assignment for repository candidate interface com.eclectics.collaboration.Tool.repository.SystemConfigRepository; If you want this repository to be a Redis repository, consider annotating your entities with one of these annotations: org.springframework.data.redis.core.RedisHash (preferred), or consider extending one of the following types with your repository: org.springframework.data.keyvalue.repository.KeyValueRepository
2026-08-21 10:23:30 INFO  o.s.d.r.c.RepositoryConfigurationExtensionSupport - Spring Data Redis - Could not safely identify store assignment for repository candidate interface com.eclectics.collaboration.Tool.repository.TalkRepository; If you want this repository to be a Redis repository, consider annotating your entities with one of these annotations: org.springframework.data.redis.core.RedisHash (preferred), or consider extending one of the following types with your repository: org.springframework.data.keyvalue.repository.KeyValueRepository
2026-08-21 10:23:30 INFO  o.s.d.r.c.RepositoryConfigurationExtensionSupport - Spring Data Redis - Could not safely identify store assignment for repository candidate interface com.eclectics.collaboration.Tool.repository.UserRecentBoardRepository; If you want this repository to be a Redis repository, consider annotating your entities with one of these annotations: org.springframework.data.redis.core.RedisHash (preferred), or consider extending one of the following types with your repository: org.springframework.data.keyvalue.repository.KeyValueRepository
2026-08-21 10:23:30 INFO  o.s.d.r.c.RepositoryConfigurationExtensionSupport - Spring Data Redis - Could not safely identify store assignment for repository candidate interface com.eclectics.collaboration.Tool.repository.UserRespository; If you want this repository to be a Redis repository, consider annotating your entities with one of these annotations: org.springframework.data.redis.core.RedisHash (preferred), or consider extending one of the following types with your repository: org.springframework.data.keyvalue.repository.KeyValueRepository
2026-08-21 10:23:30 INFO  o.s.d.r.c.RepositoryConfigurationExtensionSupport - Spring Data Redis - Could not safely identify store assignment for repository candidate interface com.eclectics.collaboration.Tool.repository.WorkSpaceMemberRepository; If you want this repository to be a Redis repository, consider annotating your entities with one of these annotations: org.springframework.data.redis.core.RedisHash (preferred), or consider extending one of the following types with your repository: org.springframework.data.keyvalue.repository.KeyValueRepository
2026-08-21 10:23:30 INFO  o.s.d.r.c.RepositoryConfigurationExtensionSupport - Spring Data Redis - Could not safely identify store assignment for repository candidate interface com.eclectics.collaboration.Tool.repository.WorkSpaceReposiroty; If you want this repository to be a Redis repository, consider annotating your entities with one of these annotations: org.springframework.data.redis.core.RedisHash (preferred), or consider extending one of the following types with your repository: org.springframework.data.keyvalue.repository.KeyValueRepository
2026-08-21 10:23:30 INFO  o.s.d.r.c.RepositoryConfigurationDelegate - Finished Spring Data repository scanning in 412 ms. Found 0 Redis repository interfaces.
2026-08-21 10:23:33 INFO  o.s.boot.tomcat.TomcatWebServer - Tomcat initialized with port 8084 (http)
2026-08-21 10:23:33 INFO  o.s.b.w.c.s.WebApplicationContextInitializer - Root WebApplicationContext: initialization completed in 12998 ms
2026-08-21 10:23:33 INFO  com.zaxxer.hikari.HikariDataSource - HikariPool-1 - Starting...
2026-08-21 10:23:34 INFO  com.zaxxer.hikari.pool.HikariPool - HikariPool-1 - Added connection org.postgresql.jdbc.PgConnection@173cfb01
2026-08-21 10:23:34 INFO  com.zaxxer.hikari.HikariDataSource - HikariPool-1 - Start completed.
2026-08-21 10:23:35 INFO  org.hibernate.orm.jpa - HHH008540: Processing PersistenceUnitInfo [name: default]
2026-08-21 10:23:35 INFO  org.hibernate.orm.core - HHH000001: Hibernate ORM core version 7.2.1.Final
2026-08-21 10:23:37 INFO  o.s.o.j.p.SpringPersistenceUnitInfo - No LoadTimeWeaver setup: ignoring JPA class transformer
2026-08-21 10:23:38 INFO  o.hibernate.orm.connections.pooling - HHH10001005: Database info:
	Database JDBC URL [jdbc:postgresql://localhost:5432/collaborationTool]
	Database driver: PostgreSQL JDBC Driver
	Database dialect: PostgreSQLDialect
	Database version: 17.6
	Default catalog/schema: collaborationTool/public
	Autocommit mode: undefined/unknown
	Isolation level: READ_COMMITTED [default READ_COMMITTED]
	JDBC fetch size: none
	Pool: DataSourceConnectionProvider
	Minimum pool size: undefined/unknown
	Maximum pool size: undefined/unknown
2026-08-21 10:23:45 INFO  org.hibernate.orm.core - HHH000489: No JTA platform available (set 'hibernate.transaction.jta.platform' to enable JTA platform integration)
2026-08-21 10:23:45 INFO  o.s.o.j.LocalContainerEntityManagerFactoryBean - Initialized JPA EntityManagerFactory for persistence unit 'default'
2026-08-21 10:23:46 INFO  o.s.d.j.r.q.QueryEnhancerFactories - Hibernate is in classpath; If applicable, HQL parser will be used.
2026-08-21 10:24:25 INFO  c.e.c.T.CollaborationToolApplication - Starting CollaborationToolApplication using Java 21.0.8 with PID 14944 (C:\Abraham\Code\Eclectics\Collaboration-Tool\target\classes started by pc in C:\Abraham\Code\Eclectics\Collaboration-Tool)
2026-08-21 10:24:25 INFO  c.e.c.T.CollaborationToolApplication - The following 1 profile is active: "prod"
2026-08-21 10:24:33 INFO  o.s.d.r.c.RepositoryConfigurationDelegate - Multiple Spring Data modules found, entering strict repository configuration mode
2026-08-21 10:24:33 INFO  o.s.d.r.c.RepositoryConfigurationDelegate - Bootstrapping Spring Data JPA repositories in DEFAULT mode.
2026-08-21 10:24:34 INFO  o.s.d.r.c.RepositoryConfigurationDelegate - Finished Spring Data repository scanning in 1113 ms. Found 25 JPA repository interfaces.
2026-08-21 10:24:34 INFO  o.s.d.r.c.RepositoryConfigurationDelegate - Multiple Spring Data modules found, entering strict repository configuration mode
2026-08-21 10:24:34 INFO  o.s.d.r.c.RepositoryConfigurationDelegate - Bootstrapping Spring Data Redis repositories in DEFAULT mode.
2026-08-21 10:24:34 INFO  o.s.d.r.c.RepositoryConfigurationExtensionSupport - Spring Data Redis - Could not safely identify store assignment for repository candidate interface com.eclectics.collaboration.Tool.repository.ActivityLogRepository; If you want this repository to be a Redis repository, consider annotating your entities with one of these annotations: org.springframework.data.redis.core.RedisHash (preferred), or consider extending one of the following types with your repository: org.springframework.data.keyvalue.repository.KeyValueRepository
2026-08-21 10:24:34 INFO  o.s.d.r.c.RepositoryConfigurationExtensionSupport - Spring Data Redis - Could not safely identify store assignment for repository candidate interface com.eclectics.collaboration.Tool.repository.BoardMemberRepository; If you want this repository to be a Redis repository, consider annotating your entities with one of these annotations: org.springframework.data.redis.core.RedisHash (preferred), or consider extending one of the following types with your repository: org.springframework.data.keyvalue.repository.KeyValueRepository
2026-08-21 10:24:34 INFO  o.s.d.r.c.RepositoryConfigurationExtensionSupport - Spring Data Redis - Could not safely identify store assignment for repository candidate interface com.eclectics.collaboration.Tool.repository.BoardsRepository; If you want this repository to be a Redis repository, consider annotating your entities with one of these annotations: org.springframework.data.redis.core.RedisHash (preferred), or consider extending one of the following types with your repository: org.springframework.data.keyvalue.repository.KeyValueRepository
2026-08-21 10:24:34 INFO  o.s.d.r.c.RepositoryConfigurationExtensionSupport - Spring Data Redis - Could not safely identify store assignment for repository candidate interface com.eclectics.collaboration.Tool.repository.CardAssigneeRepository; If you want this repository to be a Redis repository, consider annotating your entities with one of these annotations: org.springframework.data.redis.core.RedisHash (preferred), or consider extending one of the following types with your repository: org.springframework.data.keyvalue.repository.KeyValueRepository
2026-08-21 10:24:34 INFO  o.s.d.r.c.RepositoryConfigurationExtensionSupport - Spring Data Redis - Could not safely identify store assignment for repository candidate interface com.eclectics.collaboration.Tool.repository.CardLabelRepository; If you want this repository to be a Redis repository, consider annotating your entities with one of these annotations: org.springframework.data.redis.core.RedisHash (preferred), or consider extending one of the following types with your repository: org.springframework.data.keyvalue.repository.KeyValueRepository
2026-08-21 10:24:34 INFO  o.s.d.r.c.RepositoryConfigurationExtensionSupport - Spring Data Redis - Could not safely identify store assignment for repository candidate interface com.eclectics.collaboration.Tool.repository.CardRepository; If you want this repository to be a Redis repository, consider annotating your entities with one of these annotations: org.springframework.data.redis.core.RedisHash (preferred), or consider extending one of the following types with your repository: org.springframework.data.keyvalue.repository.KeyValueRepository
2026-08-21 10:24:34 INFO  o.s.d.r.c.RepositoryConfigurationExtensionSupport - Spring Data Redis - Could not safely identify store assignment for repository candidate interface com.eclectics.collaboration.Tool.repository.CommentMentionRepository; If you want this repository to be a Redis repository, consider annotating your entities with one of these annotations: org.springframework.data.redis.core.RedisHash (preferred), or consider extending one of the following types with your repository: org.springframework.data.keyvalue.repository.KeyValueRepository
2026-08-21 10:24:34 INFO  o.s.d.r.c.RepositoryConfigurationExtensionSupport - Spring Data Redis - Could not safely identify store assignment for repository candidate interface com.eclectics.collaboration.Tool.repository.CommentRepository; If you want this repository to be a Redis repository, consider annotating your entities with one of these annotations: org.springframework.data.redis.core.RedisHash (preferred), or consider extending one of the following types with your repository: org.springframework.data.keyvalue.repository.KeyValueRepository
2026-08-21 10:24:34 INFO  o.s.d.r.c.RepositoryConfigurationExtensionSupport - Spring Data Redis - Could not safely identify store assignment for repository candidate interface com.eclectics.collaboration.Tool.repository.DueDateReminderRepository; If you want this repository to be a Redis repository, consider annotating your entities with one of these annotations: org.springframework.data.redis.core.RedisHash (preferred), or consider extending one of the following types with your repository: org.springframework.data.keyvalue.repository.KeyValueRepository
2026-08-21 10:24:34 INFO  o.s.d.r.c.RepositoryConfigurationExtensionSupport - Spring Data Redis - Could not safely identify store assignment for repository candidate interface com.eclectics.collaboration.Tool.repository.FAQRepository; If you want this repository to be a Redis repository, consider annotating your entities with one of these annotations: org.springframework.data.redis.core.RedisHash (preferred), or consider extending one of the following types with your repository: org.springframework.data.keyvalue.repository.KeyValueRepository
2026-08-21 10:24:34 INFO  o.s.d.r.c.RepositoryConfigurationExtensionSupport - Spring Data Redis - Could not safely identify store assignment for repository candidate interface com.eclectics.collaboration.Tool.repository.InvitationRepository; If you want this repository to be a Redis repository, consider annotating your entities with one of these annotations: org.springframework.data.redis.core.RedisHash (preferred), or consider extending one of the following types with your repository: org.springframework.data.keyvalue.repository.KeyValueRepository
2026-08-21 10:24:34 INFO  o.s.d.r.c.RepositoryConfigurationExtensionSupport - Spring Data Redis - Could not safely identify store assignment for repository candidate interface com.eclectics.collaboration.Tool.repository.IssueRepository; If you want this repository to be a Redis repository, consider annotating your entities with one of these annotations: org.springframework.data.redis.core.RedisHash (preferred), or consider extending one of the following types with your repository: org.springframework.data.keyvalue.repository.KeyValueRepository
2026-08-21 10:24:34 INFO  o.s.d.r.c.RepositoryConfigurationExtensionSupport - Spring Data Redis - Could not safely identify store assignment for repository candidate interface com.eclectics.collaboration.Tool.repository.LabelRepository; If you want this repository to be a Redis repository, consider annotating your entities with one of these annotations: org.springframework.data.redis.core.RedisHash (preferred), or consider extending one of the following types with your repository: org.springframework.data.keyvalue.repository.KeyValueRepository
2026-08-21 10:24:34 INFO  o.s.d.r.c.RepositoryConfigurationExtensionSupport - Spring Data Redis - Could not safely identify store assignment for repository candidate interface com.eclectics.collaboration.Tool.repository.ListEntityRepository; If you want this repository to be a Redis repository, consider annotating your entities with one of these annotations: org.springframework.data.redis.core.RedisHash (preferred), or consider extending one of the following types with your repository: org.springframework.data.keyvalue.repository.KeyValueRepository
2026-08-21 10:24:34 INFO  o.s.d.r.c.RepositoryConfigurationExtensionSupport - Spring Data Redis - Could not safely identify store assignment for repository candidate interface com.eclectics.collaboration.Tool.repository.NotificationPreferenceRepository; If you want this repository to be a Redis repository, consider annotating your entities with one of these annotations: org.springframework.data.redis.core.RedisHash (preferred), or consider extending one of the following types with your repository: org.springframework.data.keyvalue.repository.KeyValueRepository
2026-08-21 10:24:34 INFO  o.s.d.r.c.RepositoryConfigurationExtensionSupport - Spring Data Redis - Could not safely identify store assignment for repository candidate interface com.eclectics.collaboration.Tool.repository.NotificationRepository; If you want this repository to be a Redis repository, consider annotating your entities with one of these annotations: org.springframework.data.redis.core.RedisHash (preferred), or consider extending one of the following types with your repository: org.springframework.data.keyvalue.repository.KeyValueRepository
2026-08-21 10:24:34 INFO  o.s.d.r.c.RepositoryConfigurationExtensionSupport - Spring Data Redis - Could not safely identify store assignment for repository candidate interface com.eclectics.collaboration.Tool.repository.RefreshTokenRepository; If you want this repository to be a Redis repository, consider annotating your entities with one of these annotations: org.springframework.data.redis.core.RedisHash (preferred), or consider extending one of the following types with your repository: org.springframework.data.keyvalue.repository.KeyValueRepository
2026-08-21 10:24:34 INFO  o.s.d.r.c.RepositoryConfigurationExtensionSupport - Spring Data Redis - Could not safely identify store assignment for repository candidate interface com.eclectics.collaboration.Tool.repository.StarredBoardRepository; If you want this repository to be a Redis repository, consider annotating your entities with one of these annotations: org.springframework.data.redis.core.RedisHash (preferred), or consider extending one of the following types with your repository: org.springframework.data.keyvalue.repository.KeyValueRepository
2026-08-21 10:24:34 INFO  o.s.d.r.c.RepositoryConfigurationExtensionSupport - Spring Data Redis - Could not safely identify store assignment for repository candidate interface com.eclectics.collaboration.Tool.repository.StarredWorkspaceRepository; If you want this repository to be a Redis repository, consider annotating your entities with one of these annotations: org.springframework.data.redis.core.RedisHash (preferred), or consider extending one of the following types with your repository: org.springframework.data.keyvalue.repository.KeyValueRepository
2026-08-21 10:24:34 INFO  o.s.d.r.c.RepositoryConfigurationExtensionSupport - Spring Data Redis - Could not safely identify store assignment for repository candidate interface com.eclectics.collaboration.Tool.repository.SystemConfigRepository; If you want this repository to be a Redis repository, consider annotating your entities with one of these annotations: org.springframework.data.redis.core.RedisHash (preferred), or consider extending one of the following types with your repository: org.springframework.data.keyvalue.repository.KeyValueRepository
2026-08-21 10:24:34 INFO  o.s.d.r.c.RepositoryConfigurationExtensionSupport - Spring Data Redis - Could not safely identify store assignment for repository candidate interface com.eclectics.collaboration.Tool.repository.TalkRepository; If you want this repository to be a Redis repository, consider annotating your entities with one of these annotations: org.springframework.data.redis.core.RedisHash (preferred), or consider extending one of the following types with your repository: org.springframework.data.keyvalue.repository.KeyValueRepository
2026-08-21 10:24:34 INFO  o.s.d.r.c.RepositoryConfigurationExtensionSupport - Spring Data Redis - Could not safely identify store assignment for repository candidate interface com.eclectics.collaboration.Tool.repository.UserRecentBoardRepository; If you want this repository to be a Redis repository, consider annotating your entities with one of these annotations: org.springframework.data.redis.core.RedisHash (preferred), or consider extending one of the following types with your repository: org.springframework.data.keyvalue.repository.KeyValueRepository
2026-08-21 10:24:34 INFO  o.s.d.r.c.RepositoryConfigurationExtensionSupport - Spring Data Redis - Could not safely identify store assignment for repository candidate interface com.eclectics.collaboration.Tool.repository.UserRespository; If you want this repository to be a Redis repository, consider annotating your entities with one of these annotations: org.springframework.data.redis.core.RedisHash (preferred), or consider extending one of the following types with your repository: org.springframework.data.keyvalue.repository.KeyValueRepository
2026-08-21 10:24:34 INFO  o.s.d.r.c.RepositoryConfigurationExtensionSupport - Spring Data Redis - Could not safely identify store assignment for repository candidate interface com.eclectics.collaboration.Tool.repository.WorkSpaceMemberRepository; If you want this repository to be a Redis repository, consider annotating your entities with one of these annotations: org.springframework.data.redis.core.RedisHash (preferred), or consider extending one of the following types with your repository: org.springframework.data.keyvalue.repository.KeyValueRepository
2026-08-21 10:24:34 INFO  o.s.d.r.c.RepositoryConfigurationExtensionSupport - Spring Data Redis - Could not safely identify store assignment for repository candidate interface com.eclectics.collaboration.Tool.repository.WorkSpaceReposiroty; If you want this repository to be a Redis repository, consider annotating your entities with one of these annotations: org.springframework.data.redis.core.RedisHash (preferred), or consider extending one of the following types with your repository: org.springframework.data.keyvalue.repository.KeyValueRepository
2026-08-21 10:24:34 INFO  o.s.d.r.c.RepositoryConfigurationDelegate - Finished Spring Data repository scanning in 170 ms. Found 0 Redis repository interfaces.
2026-08-21 10:24:39 INFO  o.s.boot.tomcat.TomcatWebServer - Tomcat initialized with port 8084 (http)
2026-08-21 10:24:39 INFO  o.a.coyote.http11.Http11NioProtocol - Initializing ProtocolHandler ["http-nio-0.0.0.0-8084"]
2026-08-21 10:24:39 INFO  o.a.catalina.core.StandardService - Starting service [Tomcat]
2026-08-21 10:24:39 INFO  o.a.catalina.core.StandardEngine - Starting Servlet engine: [Apache Tomcat/11.0.15]
2026-08-21 10:24:40 INFO  o.s.b.w.c.s.WebApplicationContextInitializer - Root WebApplicationContext: initialization completed in 13945 ms
2026-08-21 10:24:40 INFO  com.zaxxer.hikari.HikariDataSource - HikariPool-1 - Starting...
2026-08-21 10:24:41 INFO  com.zaxxer.hikari.pool.HikariPool - HikariPool-1 - Added connection org.postgresql.jdbc.PgConnection@58a8ea6f
2026-08-21 10:24:41 INFO  com.zaxxer.hikari.HikariDataSource - HikariPool-1 - Start completed.
2026-08-21 10:24:42 INFO  org.hibernate.orm.jpa - HHH008540: Processing PersistenceUnitInfo [name: default]
2026-08-21 10:24:42 INFO  org.hibernate.orm.core - HHH000001: Hibernate ORM core version 7.2.1.Final
2026-08-21 10:24:45 INFO  o.s.o.j.p.SpringPersistenceUnitInfo - No LoadTimeWeaver setup: ignoring JPA class transformer
2026-08-21 10:24:46 INFO  o.hibernate.orm.connections.pooling - HHH10001005: Database info:
	Database JDBC URL [jdbc:postgresql://localhost:5432/collaborationTool]
	Database driver: PostgreSQL JDBC Driver
	Database dialect: PostgreSQLDialect
	Database version: 17.6
	Default catalog/schema: collaborationTool/public
	Autocommit mode: undefined/unknown
	Isolation level: READ_COMMITTED [default READ_COMMITTED]
	JDBC fetch size: none
	Pool: DataSourceConnectionProvider
	Minimum pool size: undefined/unknown
	Maximum pool size: undefined/unknown
2026-08-21 10:24:51 INFO  org.hibernate.orm.core - HHH000489: No JTA platform available (set 'hibernate.transaction.jta.platform' to enable JTA platform integration)
2026-08-21 10:24:52 INFO  o.s.o.j.LocalContainerEntityManagerFactoryBean - Initialized JPA EntityManagerFactory for persistence unit 'default'
2026-08-21 10:24:53 INFO  o.s.d.j.r.q.QueryEnhancerFactories - Hibernate is in classpath; If applicable, HQL parser will be used.
2026-08-21 10:25:09 WARN  o.s.b.j.a.JpaBaseConfiguration$JpaWebConfiguration - spring.jpa.open-in-view is enabled by default. Therefore, database queries may be performed during view rendering. Explicitly configure spring.jpa.open-in-view to disable this warning
2026-08-21 10:25:10 INFO  o.s.v.b.OptionalValidatorFactoryBean - Failed to set up a Bean Validation provider: jakarta.validation.NoProviderFoundException: Unable to create a Configuration, because no Jakarta Validation provider could be found. Add a provider like Hibernate Validator (RI) to your classpath.
2026-08-21 10:25:13 INFO  o.s.m.s.b.SimpleBrokerMessageHandler - Starting...
2026-08-21 10:25:13 INFO  o.s.m.s.b.SimpleBrokerMessageHandler - BrokerAvailabilityEvent[available=true, SimpleBrokerMessageHandler [org.springframework.messaging.simp.broker.DefaultSubscriptionRegistry@745061b9]]
2026-08-21 10:25:13 INFO  o.s.m.s.b.SimpleBrokerMessageHandler - Started.
2026-08-21 10:25:13 INFO  o.a.coyote.http11.Http11NioProtocol - Starting ProtocolHandler ["http-nio-0.0.0.0-8084"]
2026-08-21 10:25:14 INFO  o.s.boot.tomcat.TomcatWebServer - Tomcat started on port 8084 (http) with context path '/'
2026-08-21 10:25:14 INFO  c.e.c.T.CollaborationToolApplication - Started CollaborationToolApplication in 53.102 seconds (process running for 59.421)
2026-08-21 10:25:14 INFO  c.e.c.Tool.configuration.AdminSeeder - >>> Admin already exists, skipping: nthengeabraham952@gmail.com
2026-08-21 10:25:14 INFO  c.e.c.Tool.configuration.AdminSeeder - >>> Admin already exists, skipping: chepkemoisheilah794@gmail.com
2026-08-21 10:26:13 INFO  o.s.w.s.c.WebSocketMessageBrokerStats - WebSocketSession[0 current WS(0)-HttpStream(0)-HttpPoll(0), 0 total, 0 closed abnormally (0 connect failure, 0 send limit, 0 transport error)], stompSubProtocol[processed CONNECT(0)-CONNECTED(0)-DISCONNECT(0)], stompBrokerRelay[null], inboundChannel[pool size = 0, active threads = 0, queued tasks = 0, completed tasks = 0], outboundChannel[pool size = 0, active threads = 0, queued tasks = 0, completed tasks = 0], sockJsScheduler[pool size = 4, active threads = 1, queued tasks = 3, completed tasks = 3]
2026-08-21 10:34:22 INFO  o.a.c.c.C.[Tomcat].[localhost].[/] - Initializing Spring DispatcherServlet 'dispatcherServlet'
2026-08-21 10:34:22 INFO  o.s.web.servlet.DispatcherServlet - Initializing Servlet 'dispatcherServlet'
2026-08-21 10:34:23 INFO  o.s.web.servlet.DispatcherServlet - Completed initialization in 201 ms
2026-08-21 10:34:23 INFO  c.e.c.Tool.security.RateLimitFilter - Request from IP: 10.235.148.185 | URI: /issues/active | Tokens remaining: 50
2026-08-21 10:34:24 WARN  c.e.c.Tool.security.JwtFilter - JWT Expired: JWT expired at 2026-08-20T13:53:14Z. Current time: 2026-08-21T07:34:24Z, a difference of 63670834 milliseconds.  Allowed clock skew: 0 milliseconds.
2026-08-21 10:34:24 INFO  c.e.c.Tool.security.RateLimitFilter - Request from IP: 10.235.148.185 | URI: /user/refresh | Tokens remaining: 49
2026-08-21 10:34:26 INFO  c.e.c.Tool.security.RateLimitFilter - Request from IP: 10.235.148.185 | URI: /issues/active | Tokens remaining: 49
2026-08-21 10:34:31 INFO  c.e.c.Tool.security.RateLimitFilter - Request from IP: 10.235.148.185 | URI: /user/scratchpad | Tokens remaining: 50
2026-08-21 10:34:31 INFO  c.e.c.Tool.security.RateLimitFilter - Request from IP: 10.235.148.185 | URI: /workspace/my-workspaces | Tokens remaining: 49
2026-08-21 10:34:31 INFO  c.e.c.Tool.security.RateLimitFilter - Request from IP: 10.235.148.185 | URI: /boards/starred | Tokens remaining: 48
2026-08-21 10:34:31 INFO  c.e.c.Tool.security.RateLimitFilter - Request from IP: 10.235.148.185 | URI: /workspace/starred | Tokens remaining: 47
2026-08-21 10:34:31 INFO  c.e.c.Tool.security.RateLimitFilter - Request from IP: 10.235.148.185 | URI: /user/notifications/unread-count | Tokens remaining: 46
2026-08-21 10:34:36 INFO  c.e.c.Tool.security.RateLimitFilter - Request from IP: 10.235.148.185 | URI: /user/recent-boards | Tokens remaining: 49
2026-08-21 10:34:38 INFO  c.e.c.Tool.security.RateLimitFilter - Request from IP: 10.235.148.185 | URI: /boards/workspace/2 | Tokens remaining: 49
2026-08-21 10:34:38 INFO  c.e.c.Tool.security.RateLimitFilter - Request from IP: 10.235.148.185 | URI: /boards/6/lists | Tokens remaining: 48
2026-08-21 10:36:10 INFO  c.e.c.Tool.security.RateLimitFilter - Request from IP: 10.235.148.185 | URI: /workspace/2 | Tokens remaining: 50
2026-08-21 10:36:10 INFO  c.e.c.Tool.security.RateLimitFilter - Request from IP: 10.235.148.185 | URI: /boards/workspace/2 | Tokens remaining: 49
2026-08-21 10:36:10 INFO  c.e.c.Tool.security.RateLimitFilter - Request from IP: 10.235.148.185 | URI: /board/4/members | Tokens remaining: 48
2026-08-21 10:36:10 INFO  c.e.c.Tool.security.RateLimitFilter - Request from IP: 10.235.148.185 | URI: /boards/6/lists | Tokens remaining: 47
2026-08-21 10:36:10 INFO  c.e.c.Tool.security.RateLimitFilter - Request from IP: 10.235.148.185 | URI: /board/5/members | Tokens remaining: 48
2026-08-21 10:36:10 INFO  c.e.c.Tool.security.RateLimitFilter - Request from IP: 10.235.148.185 | URI: /board/6/members | Tokens remaining: 45
2026-08-21 10:36:10 INFO  c.e.c.Tool.security.RateLimitFilter - Request from IP: 10.235.148.185 | URI: /board/11/members | Tokens remaining: 44
2026-08-21 10:36:11 INFO  c.e.c.Tool.security.RateLimitFilter - Request from IP: 10.235.148.185 | URI: /board/8/members | Tokens remaining: 43
2026-08-21 10:36:11 INFO  c.e.c.Tool.security.RateLimitFilter - Request from IP: 10.235.148.185 | URI: /board/6/members | Tokens remaining: 42
2026-08-21 10:43:18 INFO  c.e.c.Tool.security.RateLimitFilter - Request from IP: 10.235.148.185 | URI: /boards/workspace/2 | Tokens remaining: 50
2026-08-21 10:43:18 INFO  c.e.c.Tool.security.RateLimitFilter - Request from IP: 10.235.148.185 | URI: /workspace/2 | Tokens remaining: 49
2026-08-21 10:43:19 INFO  c.e.c.Tool.security.RateLimitFilter - Request from IP: 10.235.148.185 | URI: /board/8/members | Tokens remaining: 48
2026-08-21 10:43:19 INFO  c.e.c.Tool.security.RateLimitFilter - Request from IP: 10.235.148.185 | URI: /board/5/members | Tokens remaining: 48
2026-08-21 10:43:19 INFO  c.e.c.Tool.security.RateLimitFilter - Request from IP: 10.235.148.185 | URI: /board/11/members | Tokens remaining: 46
2026-08-21 10:43:19 INFO  c.e.c.Tool.security.RateLimitFilter - Request from IP: 10.235.148.185 | URI: /board/6/members | Tokens remaining: 45
2026-08-21 10:43:19 INFO  c.e.c.Tool.security.RateLimitFilter - Request from IP: 10.235.148.185 | URI: /boards/6/lists | Tokens remaining: 44
2026-08-21 10:43:19 INFO  c.e.c.Tool.security.RateLimitFilter - Request from IP: 10.235.148.185 | URI: /board/4/members | Tokens remaining: 44
2026-08-21 10:43:20 INFO  c.e.c.Tool.security.RateLimitFilter - Request from IP: 10.235.148.185 | URI: /board/6/members | Tokens remaining: 43
2026-08-21 10:45:46 INFO  c.e.c.Tool.security.RateLimitFilter - Request from IP: 10.235.148.185 | URI: /workspace/2 | Tokens remaining: 50
2026-08-21 10:45:47 INFO  c.e.c.Tool.security.RateLimitFilter - Request from IP: 10.235.148.185 | URI: /boards/workspace/2 | Tokens remaining: 49
2026-08-21 10:45:47 INFO  c.e.c.Tool.security.RateLimitFilter - Request from IP: 10.235.148.185 | URI: /board/6/members | Tokens remaining: 48
2026-08-21 10:45:47 INFO  c.e.c.Tool.security.RateLimitFilter - Request from IP: 10.235.148.185 | URI: /board/11/members | Tokens remaining: 47
2026-08-21 10:45:47 INFO  c.e.c.Tool.security.RateLimitFilter - Request from IP: 10.235.148.185 | URI: /board/8/members | Tokens remaining: 47
2026-08-21 10:45:47 INFO  c.e.c.Tool.security.RateLimitFilter - Request from IP: 10.235.148.185 | URI: /boards/6/lists | Tokens remaining: 45
2026-08-21 10:45:47 INFO  c.e.c.Tool.security.RateLimitFilter - Request from IP: 10.235.148.185 | URI: /board/5/members | Tokens remaining: 44
2026-08-21 10:45:47 INFO  c.e.c.Tool.security.RateLimitFilter - Request from IP: 10.235.148.185 | URI: /board/4/members | Tokens remaining: 43
2026-08-21 10:45:48 INFO  c.e.c.Tool.security.RateLimitFilter - Request from IP: 10.235.148.185 | URI: /board/6/members | Tokens remaining: 42
2026-08-21 10:46:52 INFO  c.e.c.Tool.security.RateLimitFilter - Request from IP: 10.235.148.185 | URI: /boards/workspace/2 | Tokens remaining: 50
2026-08-21 10:46:52 INFO  c.e.c.Tool.security.RateLimitFilter - Request from IP: 10.235.148.185 | URI: /workspace/2 | Tokens remaining: 49
2026-08-21 10:46:53 INFO  c.e.c.Tool.security.RateLimitFilter - Request from IP: 10.235.148.185 | URI: /board/6/members | Tokens remaining: 48
2026-08-21 10:46:53 INFO  c.e.c.Tool.security.RateLimitFilter - Request from IP: 10.235.148.185 | URI: /board/8/members | Tokens remaining: 47
2026-08-21 10:46:53 INFO  c.e.c.Tool.security.RateLimitFilter - Request from IP: 10.235.148.185 | URI: /board/11/members | Tokens remaining: 46
2026-08-21 10:46:53 INFO  c.e.c.Tool.security.RateLimitFilter - Request from IP: 10.235.148.185 | URI: /board/4/members | Tokens remaining: 45
2026-08-21 10:46:53 INFO  c.e.c.Tool.security.RateLimitFilter - Request from IP: 10.235.148.185 | URI: /boards/6/lists | Tokens remaining: 44
2026-08-21 10:46:53 INFO  c.e.c.Tool.security.RateLimitFilter - Request from IP: 10.235.148.185 | URI: /board/5/members | Tokens remaining: 43
2026-08-21 10:46:53 INFO  c.e.c.Tool.security.RateLimitFilter - Request from IP: 10.235.148.185 | URI: /board/6/members | Tokens remaining: 43
2026-08-21 10:56:13 INFO  o.s.w.s.c.WebSocketMessageBrokerStats - WebSocketSession[0 current WS(0)-HttpStream(0)-HttpPoll(0), 0 total, 0 closed abnormally (0 connect failure, 0 send limit, 0 transport error)], stompSubProtocol[processed CONNECT(0)-CONNECTED(0)-DISCONNECT(0)], stompBrokerRelay[null], inboundChannel[pool size = 0, active threads = 0, queued tasks = 0, completed tasks = 0], outboundChannel[pool size = 0, active threads = 0, queued tasks = 0, completed tasks = 0], sockJsScheduler[pool size = 4, active threads = 1, queued tasks = 3, completed tasks = 64]
2026-08-21 10:59:00 INFO  c.e.c.Tool.security.RateLimitFilter - Request from IP: 10.235.148.185 | URI: /boards/workspace/2 | Tokens remaining: 50
2026-08-21 10:59:00 INFO  c.e.c.Tool.security.RateLimitFilter - Request from IP: 10.235.148.185 | URI: /workspace/2 | Tokens remaining: 49
2026-08-21 10:59:00 WARN  c.e.c.Tool.security.JwtFilter - JWT Expired: JWT expired at 2026-08-21T07:49:25Z. Current time: 2026-08-21T07:59:00Z, a difference of 575501 milliseconds.  Allowed clock skew: 0 milliseconds.
2026-08-21 10:59:00 WARN  c.e.c.Tool.security.JwtFilter - JWT Expired: JWT expired at 2026-08-21T07:49:25Z. Current time: 2026-08-21T07:59:00Z, a difference of 575511 milliseconds.  Allowed clock skew: 0 milliseconds.
2026-08-21 10:59:00 INFO  c.e.c.Tool.security.RateLimitFilter - Request from IP: 10.235.148.185 | URI: /user/refresh | Tokens remaining: 48
2026-08-21 10:59:01 INFO  c.e.c.Tool.security.RateLimitFilter - Request from IP: 10.235.148.185 | URI: /boards/workspace/2 | Tokens remaining: 47
2026-08-21 10:59:01 INFO  c.e.c.Tool.security.RateLimitFilter - Request from IP: 10.235.148.185 | URI: /workspace/2 | Tokens remaining: 46
2026-08-21 10:59:01 INFO  c.e.c.Tool.security.RateLimitFilter - Request from IP: 10.235.148.185 | URI: /board/6/members | Tokens remaining: 46
2026-08-21 10:59:01 INFO  c.e.c.Tool.security.RateLimitFilter - Request from IP: 10.235.148.185 | URI: /board/8/members | Tokens remaining: 45
2026-08-21 10:59:01 INFO  c.e.c.Tool.security.RateLimitFilter - Request from IP: 10.235.148.185 | URI: /board/11/members | Tokens remaining: 44
2026-08-21 10:59:01 INFO  c.e.c.Tool.security.RateLimitFilter - Request from IP: 10.235.148.185 | URI: /board/4/members | Tokens remaining: 43
2026-08-21 10:59:01 INFO  c.e.c.Tool.security.RateLimitFilter - Request from IP: 10.235.148.185 | URI: /board/5/members | Tokens remaining: 42
2026-08-21 10:59:02 INFO  c.e.c.Tool.security.RateLimitFilter - Request from IP: 10.235.148.185 | URI: /boards/6/lists | Tokens remaining: 41
2026-08-21 10:59:02 INFO  c.e.c.Tool.security.RateLimitFilter - Request from IP: 10.235.148.185 | URI: /board/6/members | Tokens remaining: 40
2026-08-21 10:59:54 INFO  c.e.c.Tool.security.RateLimitFilter - Request from IP: 10.235.148.185 | URI: /workspace/2 | Tokens remaining: 50
2026-08-21 10:59:54 INFO  c.e.c.Tool.security.RateLimitFilter - Request from IP: 10.235.148.185 | URI: /boards/workspace/2 | Tokens remaining: 50
2026-08-21 10:59:55 INFO  c.e.c.Tool.security.RateLimitFilter - Request from IP: 10.235.148.185 | URI: /board/5/members | Tokens remaining: 48
2026-08-21 10:59:55 INFO  c.e.c.Tool.security.RateLimitFilter - Request from IP: 10.235.148.185 | URI: /board/8/members | Tokens remaining: 47
2026-08-21 10:59:55 INFO  c.e.c.Tool.security.RateLimitFilter - Request from IP: 10.235.148.185 | URI: /board/11/members | Tokens remaining: 46
2026-08-21 10:59:55 INFO  c.e.c.Tool.security.RateLimitFilter - Request from IP: 10.235.148.185 | URI: /board/6/members | Tokens remaining: 45
2026-08-21 10:59:55 INFO  c.e.c.Tool.security.RateLimitFilter - Request from IP: 10.235.148.185 | URI: /boards/6/lists | Tokens remaining: 44
2026-08-21 10:59:55 INFO  c.e.c.Tool.security.RateLimitFilter - Request from IP: 10.235.148.185 | URI: /board/4/members | Tokens remaining: 44
2026-08-21 10:59:55 INFO  c.e.c.Tool.security.RateLimitFilter - Request from IP: 10.235.148.185 | URI: /board/6/members | Tokens remaining: 43
2026-08-21 11:00:07 INFO  c.e.c.Tool.security.RateLimitFilter - Request from IP: 10.235.148.185 | URI: /user/recent-boards | Tokens remaining: 50
2026-08-21 11:00:07 INFO  c.e.c.Tool.security.RateLimitFilter - Request from IP: 10.235.148.185 | URI: /user/notifications/unread-count | Tokens remaining: 49
2026-08-21 11:00:07 INFO  c.e.c.Tool.security.RateLimitFilter - Request from IP: 10.235.148.185 | URI: /user/scratchpad | Tokens remaining: 48
2026-08-21 11:00:07 INFO  c.e.c.Tool.security.RateLimitFilter - Request from IP: 10.235.148.185 | URI: /workspace/starred | Tokens remaining: 47
2026-08-21 11:00:07 INFO  c.e.c.Tool.security.RateLimitFilter - Request from IP: 10.235.148.185 | URI: /workspace/my-workspaces | Tokens remaining: 46
2026-08-21 11:00:07 INFO  c.e.c.Tool.security.RateLimitFilter - Request from IP: 10.235.148.185 | URI: /boards/starred | Tokens remaining: 45
2026-08-21 11:00:07 INFO  c.e.c.Tool.security.RateLimitFilter - Request from IP: 10.235.148.185 | URI: /boards/workspace/2 | Tokens remaining: 44
2026-08-21 11:00:08 INFO  c.e.c.Tool.security.RateLimitFilter - Request from IP: 10.235.148.185 | URI: /boards/6/lists | Tokens remaining: 44
2026-08-21 11:05:11 INFO  c.e.c.Tool.security.RateLimitFilter - Request from IP: 10.235.148.185 | URI: /boards/workspace/2 | Tokens remaining: 50
2026-08-21 11:05:11 INFO  c.e.c.Tool.security.RateLimitFilter - Request from IP: 10.235.148.185 | URI: /workspace/2 | Tokens remaining: 49
2026-08-21 11:05:12 INFO  c.e.c.Tool.security.RateLimitFilter - Request from IP: 10.235.148.185 | URI: /board/8/members | Tokens remaining: 48
2026-08-21 11:05:12 INFO  c.e.c.Tool.security.RateLimitFilter - Request from IP: 10.235.148.185 | URI: /board/6/members | Tokens remaining: 48
2026-08-21 11:05:12 INFO  c.e.c.Tool.security.RateLimitFilter - Request from IP: 10.235.148.185 | URI: /board/4/members | Tokens remaining: 46
2026-08-21 11:05:12 INFO  c.e.c.Tool.security.RateLimitFilter - Request from IP: 10.235.148.185 | URI: /board/11/members | Tokens remaining: 45
2026-08-21 11:05:12 INFO  c.e.c.Tool.security.RateLimitFilter - Request from IP: 10.235.148.185 | URI: /boards/6/lists | Tokens remaining: 45
2026-08-21 11:05:12 INFO  c.e.c.Tool.security.RateLimitFilter - Request from IP: 10.235.148.185 | URI: /board/5/members | Tokens remaining: 43
2026-08-21 11:05:12 INFO  c.e.c.Tool.security.RateLimitFilter - Request from IP: 10.235.148.185 | URI: /board/6/members | Tokens remaining: 42
2026-08-21 11:05:15 INFO  c.e.c.Tool.security.RateLimitFilter - Request from IP: 10.235.148.185 | URI: /boards/workspace/2 | Tokens remaining: 44
2026-08-21 11:05:15 INFO  c.e.c.Tool.security.RateLimitFilter - Request from IP: 10.235.148.185 | URI: /workspace/2 | Tokens remaining: 43
2026-08-21 11:05:15 INFO  c.e.c.Tool.security.RateLimitFilter - Request from IP: 10.235.148.185 | URI: /board/6/members | Tokens remaining: 42
2026-08-21 11:05:15 INFO  c.e.c.Tool.security.RateLimitFilter - Request from IP: 10.235.148.185 | URI: /board/8/members | Tokens remaining: 41
2026-08-21 11:05:15 INFO  c.e.c.Tool.security.RateLimitFilter - Request from IP: 10.235.148.185 | URI: /board/11/members | Tokens remaining: 40
2026-08-21 11:05:16 INFO  c.e.c.Tool.security.RateLimitFilter - Request from IP: 10.235.148.185 | URI: /board/5/members | Tokens remaining: 39
2026-08-21 11:05:16 INFO  c.e.c.Tool.security.RateLimitFilter - Request from IP: 10.235.148.185 | URI: /board/4/members | Tokens remaining: 38
2026-08-21 11:05:16 INFO  c.e.c.Tool.security.RateLimitFilter - Request from IP: 10.235.148.185 | URI: /boards/6/lists | Tokens remaining: 37
2026-08-21 11:05:16 INFO  c.e.c.Tool.security.RateLimitFilter - Request from IP: 10.235.148.185 | URI: /board/6/members | Tokens remaining: 37
2026-08-21 11:05:57 INFO  c.e.c.Tool.security.RateLimitFilter - Request from IP: 10.235.148.185 | URI: /boards/workspace/2 | Tokens remaining: 50
2026-08-21 11:05:57 INFO  c.e.c.Tool.security.RateLimitFilter - Request from IP: 10.235.148.185 | URI: /workspace/2 | Tokens remaining: 49
2026-08-21 11:05:59 INFO  c.e.c.Tool.security.RateLimitFilter - Request from IP: 10.235.148.185 | URI: /board/6/members | Tokens remaining: 49
2026-08-21 11:05:59 INFO  c.e.c.Tool.security.RateLimitFilter - Request from IP: 10.235.148.185 | URI: /board/11/members | Tokens remaining: 48
2026-08-21 11:05:59 INFO  c.e.c.Tool.security.RateLimitFilter - Request from IP: 10.235.148.185 | URI: /board/8/members | Tokens remaining: 48
2026-08-21 11:05:59 INFO  c.e.c.Tool.security.RateLimitFilter - Request from IP: 10.235.148.185 | URI: /board/4/members | Tokens remaining: 46
2026-08-21 11:05:59 INFO  c.e.c.Tool.security.RateLimitFilter - Request from IP: 10.235.148.185 | URI: /board/5/members | Tokens remaining: 45
2026-08-21 11:05:59 INFO  c.e.c.Tool.security.RateLimitFilter - Request from IP: 10.235.148.185 | URI: /boards/6/lists | Tokens remaining: 44
2026-08-21 11:05:59 INFO  c.e.c.Tool.security.RateLimitFilter - Request from IP: 10.235.148.185 | URI: /board/6/members | Tokens remaining: 43
2026-08-21 11:06:51 INFO  c.e.c.Tool.security.RateLimitFilter - Request from IP: 10.235.148.185 | URI: /workspace/2 | Tokens remaining: 50
2026-08-21 11:06:51 INFO  c.e.c.Tool.security.RateLimitFilter - Request from IP: 10.235.148.185 | URI: /boards/workspace/2 | Tokens remaining: 49
2026-08-21 11:06:52 INFO  c.e.c.Tool.security.RateLimitFilter - Request from IP: 10.235.148.185 | URI: /board/6/members | Tokens remaining: 48
2026-08-21 11:06:52 INFO  c.e.c.Tool.security.RateLimitFilter - Request from IP: 10.235.148.185 | URI: /board/11/members | Tokens remaining: 47
2026-08-21 11:06:52 INFO  c.e.c.Tool.security.RateLimitFilter - Request from IP: 10.235.148.185 | URI: /board/5/members | Tokens remaining: 46
2026-08-21 11:06:52 INFO  c.e.c.Tool.security.RateLimitFilter - Request from IP: 10.235.148.185 | URI: /board/4/members | Tokens remaining: 46
2026-08-21 11:06:52 INFO  c.e.c.Tool.security.RateLimitFilter - Request from IP: 10.235.148.185 | URI: /boards/6/lists | Tokens remaining: 44
2026-08-21 11:06:52 INFO  c.e.c.Tool.security.RateLimitFilter - Request from IP: 10.235.148.185 | URI: /board/8/members | Tokens remaining: 44
2026-08-21 11:06:52 INFO  c.e.c.Tool.security.RateLimitFilter - Request from IP: 10.235.148.185 | URI: /board/6/members | Tokens remaining: 42
2026-08-21 11:07:17 INFO  c.e.c.Tool.security.RateLimitFilter - Request from IP: 10.235.148.185 | URI: /workspace/my-workspaces | Tokens remaining: 50
2026-08-21 11:07:17 INFO  c.e.c.Tool.security.RateLimitFilter - Request from IP: 10.235.148.185 | URI: /user/scratchpad | Tokens remaining: 49
2026-08-21 11:07:17 INFO  c.e.c.Tool.security.RateLimitFilter - Request from IP: 10.235.148.185 | URI: /user/recent-boards | Tokens remaining: 48
2026-08-21 11:07:17 INFO  c.e.c.Tool.security.RateLimitFilter - Request from IP: 10.235.148.185 | URI: /boards/starred | Tokens remaining: 47
2026-08-21 11:07:17 INFO  c.e.c.Tool.security.RateLimitFilter - Request from IP: 10.235.148.185 | URI: /user/notifications/unread-count | Tokens remaining: 46
2026-08-21 11:07:17 INFO  c.e.c.Tool.security.RateLimitFilter - Request from IP: 10.235.148.185 | URI: /workspace/starred | Tokens remaining: 45
2026-08-21 11:07:18 INFO  c.e.c.Tool.security.RateLimitFilter - Request from IP: 10.235.148.185 | URI: /boards/workspace/2 | Tokens remaining: 44
2026-08-21 11:07:19 INFO  c.e.c.Tool.security.RateLimitFilter - Request from IP: 10.235.148.185 | URI: /boards/6/lists | Tokens remaining: 44
2026-08-21 11:07:34 INFO  c.e.c.Tool.security.RateLimitFilter - Request from IP: 10.235.148.185 | URI: /boards/workspace/2 | Tokens remaining: 50
2026-08-21 11:07:34 INFO  c.e.c.Tool.security.RateLimitFilter - Request from IP: 10.235.148.185 | URI: /workspace/2 | Tokens remaining: 49
2026-08-21 11:07:34 INFO  c.e.c.Tool.security.RateLimitFilter - Request from IP: 10.235.148.185 | URI: /board/6/members | Tokens remaining: 48
2026-08-21 11:07:34 INFO  c.e.c.Tool.security.RateLimitFilter - Request from IP: 10.235.148.185 | URI: /boards/6/lists | Tokens remaining: 47
2026-08-21 11:07:34 INFO  c.e.c.Tool.security.RateLimitFilter - Request from IP: 10.235.148.185 | URI: /board/5/members | Tokens remaining: 46
2026-08-21 11:07:34 INFO  c.e.c.Tool.security.RateLimitFilter - Request from IP: 10.235.148.185 | URI: /board/11/members | Tokens remaining: 45
2026-08-21 11:07:34 INFO  c.e.c.Tool.security.RateLimitFilter - Request from IP: 10.235.148.185 | URI: /board/8/members | Tokens remaining: 45
2026-08-21 11:07:34 INFO  c.e.c.Tool.security.RateLimitFilter - Request from IP: 10.235.148.185 | URI: /board/4/members | Tokens remaining: 43
2026-08-21 11:07:35 INFO  c.e.c.Tool.security.RateLimitFilter - Request from IP: 10.235.148.185 | URI: /board/6/members | Tokens remaining: 42
2026-08-21 11:21:54 INFO  c.e.c.Tool.security.RateLimitFilter - Request from IP: 10.235.148.185 | URI: /workspace/starred | Tokens remaining: 50
2026-08-21 11:21:54 INFO  c.e.c.Tool.security.RateLimitFilter - Request from IP: 10.235.148.185 | URI: /boards/starred | Tokens remaining: 49
2026-08-21 11:21:54 INFO  c.e.c.Tool.security.RateLimitFilter - Request from IP: 10.235.148.185 | URI: /user/recent-boards | Tokens remaining: 48
2026-08-21 11:21:54 INFO  c.e.c.Tool.security.RateLimitFilter - Request from IP: 10.235.148.185 | URI: /user/scratchpad | Tokens remaining: 50
2026-08-21 11:21:54 INFO  c.e.c.Tool.security.RateLimitFilter - Request from IP: 10.235.148.185 | URI: /workspace/my-workspaces | Tokens remaining: 50
2026-08-21 11:21:54 INFO  c.e.c.Tool.security.RateLimitFilter - Request from IP: 10.235.148.185 | URI: /user/notifications/unread-count | Tokens remaining: 45
2026-08-21 11:21:54 WARN  c.e.c.Tool.security.JwtFilter - JWT Expired: JWT expired at 2026-08-21T08:14:00Z. Current time: 2026-08-21T08:21:54Z, a difference of 474525 milliseconds.  Allowed clock skew: 0 milliseconds.
2026-08-21 11:21:54 WARN  c.e.c.Tool.security.JwtFilter - JWT Expired: JWT expired at 2026-08-21T08:14:00Z. Current time: 2026-08-21T08:21:54Z, a difference of 474523 milliseconds.  Allowed clock skew: 0 milliseconds.
2026-08-21 11:21:54 WARN  c.e.c.Tool.security.JwtFilter - JWT Expired: JWT expired at 2026-08-21T08:14:00Z. Current time: 2026-08-21T08:21:54Z, a difference of 474525 milliseconds.  Allowed clock skew: 0 milliseconds.
2026-08-21 11:21:54 WARN  c.e.c.Tool.security.JwtFilter - JWT Expired: JWT expired at 2026-08-21T08:14:00Z. Current time: 2026-08-21T08:21:54Z, a difference of 474522 milliseconds.  Allowed clock skew: 0 milliseconds.
2026-08-21 11:21:54 WARN  c.e.c.Tool.security.JwtFilter - JWT Expired: JWT expired at 2026-08-21T08:14:00Z. Current time: 2026-08-21T08:21:54Z, a difference of 474525 milliseconds.  Allowed clock skew: 0 milliseconds.
2026-08-21 11:21:54 WARN  c.e.c.Tool.security.JwtFilter - JWT Expired: JWT expired at 2026-08-21T08:14:00Z. Current time: 2026-08-21T08:21:54Z, a difference of 474525 milliseconds.  Allowed clock skew: 0 milliseconds.
2026-08-21 11:21:54 INFO  c.e.c.Tool.security.RateLimitFilter - Request from IP: 10.235.148.185 | URI: /user/refresh | Tokens remaining: 44
2026-08-21 11:21:55 INFO  c.e.c.Tool.security.RateLimitFilter - Request from IP: 10.235.148.185 | URI: /user/notifications/unread-count | Tokens remaining: 43
2026-08-21 11:21:55 INFO  c.e.c.Tool.security.RateLimitFilter - Request from IP: 10.235.148.185 | URI: /boards/starred | Tokens remaining: 42
2026-08-21 11:21:55 INFO  c.e.c.Tool.security.RateLimitFilter - Request from IP: 10.235.148.185 | URI: /user/recent-boards | Tokens remaining: 41
2026-08-21 11:21:55 INFO  c.e.c.Tool.security.RateLimitFilter - Request from IP: 10.235.148.185 | URI: /workspace/starred | Tokens remaining: 40
2026-08-21 11:21:55 INFO  c.e.c.Tool.security.RateLimitFilter - Request from IP: 10.235.148.185 | URI: /user/scratchpad | Tokens remaining: 39
2026-08-21 11:21:55 INFO  c.e.c.Tool.security.RateLimitFilter - Request from IP: 10.235.148.185 | URI: /workspace/my-workspaces | Tokens remaining: 39
2026-08-21 11:21:55 INFO  c.e.c.Tool.security.RateLimitFilter - Request from IP: 10.235.148.185 | URI: /boards/workspace/2 | Tokens remaining: 38
2026-08-21 11:21:56 INFO  c.e.c.Tool.security.RateLimitFilter - Request from IP: 10.235.148.185 | URI: /boards/6/lists | Tokens remaining: 37
2026-08-21 11:22:18 INFO  c.e.c.Tool.security.RateLimitFilter - Request from IP: 10.235.148.185 | URI: /workspace/2 | Tokens remaining: 50
2026-08-21 11:22:18 INFO  c.e.c.Tool.security.RateLimitFilter - Request from IP: 10.235.148.185 | URI: /boards/workspace/2 | Tokens remaining: 49
2026-08-21 11:22:18 INFO  c.e.c.Tool.security.RateLimitFilter - Request from IP: 10.235.148.185 | URI: /board/11/members | Tokens remaining: 48
2026-08-21 11:22:18 INFO  c.e.c.Tool.security.RateLimitFilter - Request from IP: 10.235.148.185 | URI: /board/8/members | Tokens remaining: 47
2026-08-21 11:22:18 INFO  c.e.c.Tool.security.RateLimitFilter - Request from IP: 10.235.148.185 | URI: /board/4/members | Tokens remaining: 46
2026-08-21 11:22:18 INFO  c.e.c.Tool.security.RateLimitFilter - Request from IP: 10.235.148.185 | URI: /board/5/members | Tokens remaining: 45
2026-08-21 11:22:18 INFO  c.e.c.Tool.security.RateLimitFilter - Request from IP: 10.235.148.185 | URI: /boards/6/lists | Tokens remaining: 44
2026-08-21 11:22:18 INFO  c.e.c.Tool.security.RateLimitFilter - Request from IP: 10.235.148.185 | URI: /board/6/members | Tokens remaining: 43
2026-08-21 11:22:19 INFO  c.e.c.Tool.security.RateLimitFilter - Request from IP: 10.235.148.185 | URI: /board/6/members | Tokens remaining: 42
2026-08-21 11:26:13 INFO  o.s.w.s.c.WebSocketMessageBrokerStats - WebSocketSession[0 current WS(0)-HttpStream(0)-HttpPoll(0), 0 total, 0 closed abnormally (0 connect failure, 0 send limit, 0 transport error)], stompSubProtocol[processed CONNECT(0)-CONNECTED(0)-DISCONNECT(0)], stompBrokerRelay[null], inboundChannel[pool size = 0, active threads = 0, queued tasks = 0, completed tasks = 0], outboundChannel[pool size = 0, active threads = 0, queued tasks = 0, completed tasks = 0], sockJsScheduler[pool size = 4, active threads = 1, queued tasks = 3, completed tasks = 126]
2026-08-21 11:56:13 INFO  o.s.w.s.c.WebSocketMessageBrokerStats - WebSocketSession[0 current WS(0)-HttpStream(0)-HttpPoll(0), 0 total, 0 closed abnormally (0 connect failure, 0 send limit, 0 transport error)], stompSubProtocol[processed CONNECT(0)-CONNECTED(0)-DISCONNECT(0)], stompBrokerRelay[null], inboundChannel[pool size = 0, active threads = 0, queued tasks = 0, completed tasks = 0], outboundChannel[pool size = 0, active threads = 0, queued tasks = 0, completed tasks = 0], sockJsScheduler[pool size = 4, active threads = 1, queued tasks = 3, completed tasks = 187]
2026-08-21 12:06:52 INFO  c.e.c.Tool.security.RateLimitFilter - Request from IP: 10.235.148.185 | URI: /boards/workspace/2 | Tokens remaining: 50
2026-08-21 12:06:53 INFO  c.e.c.Tool.security.RateLimitFilter - Request from IP: 10.235.148.185 | URI: /workspace/2 | Tokens remaining: 49
2026-08-21 12:06:53 WARN  c.e.c.Tool.security.JwtFilter - JWT Expired: JWT expired at 2026-08-21T08:36:54Z. Current time: 2026-08-21T09:06:53Z, a difference of 1799036 milliseconds.  Allowed clock skew: 0 milliseconds.
2026-08-21 12:06:53 WARN  c.e.c.Tool.security.JwtFilter - JWT Expired: JWT expired at 2026-08-21T08:36:54Z. Current time: 2026-08-21T09:06:53Z, a difference of 1799149 milliseconds.  Allowed clock skew: 0 milliseconds.
2026-08-21 12:06:54 INFO  c.e.c.Tool.security.RateLimitFilter - Request from IP: 10.235.148.185 | URI: /user/refresh | Tokens remaining: 49
2026-08-21 12:06:55 INFO  c.e.c.Tool.security.RateLimitFilter - Request from IP: 10.235.148.185 | URI: /workspace/2 | Tokens remaining: 49
2026-08-21 12:06:55 INFO  c.e.c.Tool.security.RateLimitFilter - Request from IP: 10.235.148.185 | URI: /boards/workspace/2 | Tokens remaining: 48
2026-08-21 12:06:56 INFO  c.e.c.Tool.security.RateLimitFilter - Request from IP: 10.235.148.185 | URI: /board/6/members | Tokens remaining: 47
2026-08-21 12:06:56 INFO  c.e.c.Tool.security.RateLimitFilter - Request from IP: 10.235.148.185 | URI: /board/8/members | Tokens remaining: 46
2026-08-21 12:06:56 INFO  c.e.c.Tool.security.RateLimitFilter - Request from IP: 10.235.148.185 | URI: /board/11/members | Tokens remaining: 45
2026-08-21 12:06:56 INFO  c.e.c.Tool.security.RateLimitFilter - Request from IP: 10.235.148.185 | URI: /board/4/members | Tokens remaining: 44
2026-08-21 12:06:56 INFO  c.e.c.Tool.security.RateLimitFilter - Request from IP: 10.235.148.185 | URI: /board/5/members | Tokens remaining: 43
2026-08-21 12:06:56 INFO  c.e.c.Tool.security.RateLimitFilter - Request from IP: 10.235.148.185 | URI: /board/6/members | Tokens remaining: 43
2026-08-21 12:06:56 INFO  c.e.c.Tool.security.RateLimitFilter - Request from IP: 10.235.148.185 | URI: /boards/6/lists | Tokens remaining: 42
2026-08-21 12:07:06 INFO  c.e.c.Tool.security.RateLimitFilter - Request from IP: 10.235.148.185 | URI: /boards/workspace/2 | Tokens remaining: 49
2026-08-21 12:07:06 INFO  c.e.c.Tool.security.RateLimitFilter - Request from IP: 10.235.148.185 | URI: /workspace/2 | Tokens remaining: 48
2026-08-21 12:07:07 INFO  c.e.c.Tool.security.RateLimitFilter - Request from IP: 10.235.148.185 | URI: /board/6/members | Tokens remaining: 48
2026-08-21 12:07:07 INFO  c.e.c.Tool.security.RateLimitFilter - Request from IP: 10.235.148.185 | URI: /board/8/members | Tokens remaining: 47
2026-08-21 12:07:07 INFO  c.e.c.Tool.security.RateLimitFilter - Request from IP: 10.235.148.185 | URI: /board/11/members | Tokens remaining: 46
2026-08-21 12:07:08 INFO  c.e.c.Tool.security.RateLimitFilter - Request from IP: 10.235.148.185 | URI: /board/4/members | Tokens remaining: 45
2026-08-21 12:07:08 INFO  c.e.c.Tool.security.RateLimitFilter - Request from IP: 10.235.148.185 | URI: /board/5/members | Tokens remaining: 44
2026-08-21 12:07:08 INFO  c.e.c.Tool.security.RateLimitFilter - Request from IP: 10.235.148.185 | URI: /boards/6/lists | Tokens remaining: 43
2026-08-21 12:07:08 INFO  c.e.c.Tool.security.RateLimitFilter - Request from IP: 10.235.148.185 | URI: /board/6/members | Tokens remaining: 42
2026-08-21 12:07:50 INFO  c.e.c.Tool.security.RateLimitFilter - Request from IP: 10.235.148.185 | URI: /boards/workspace/2 | Tokens remaining: 50
2026-08-21 12:07:50 INFO  c.e.c.Tool.security.RateLimitFilter - Request from IP: 10.235.148.185 | URI: /workspace/2 | Tokens remaining: 49
2026-08-21 12:07:51 INFO  c.e.c.Tool.security.RateLimitFilter - Request from IP: 10.235.148.185 | URI: /board/6/members | Tokens remaining: 48
2026-08-21 12:07:51 INFO  c.e.c.Tool.security.RateLimitFilter - Request from IP: 10.235.148.185 | URI: /board/4/members | Tokens remaining: 47
2026-08-21 12:07:51 INFO  c.e.c.Tool.security.RateLimitFilter - Request from IP: 10.235.148.185 | URI: /boards/6/lists | Tokens remaining: 46
2026-08-21 12:07:51 INFO  c.e.c.Tool.security.RateLimitFilter - Request from IP: 10.235.148.185 | URI: /board/11/members | Tokens remaining: 45
2026-08-21 12:07:51 INFO  c.e.c.Tool.security.RateLimitFilter - Request from IP: 10.235.148.185 | URI: /board/5/members | Tokens remaining: 44
2026-08-21 12:07:51 INFO  c.e.c.Tool.security.RateLimitFilter - Request from IP: 10.235.148.185 | URI: /board/8/members | Tokens remaining: 43
2026-08-21 12:07:52 INFO  c.e.c.Tool.security.RateLimitFilter - Request from IP: 10.235.148.185 | URI: /board/6/members | Tokens remaining: 42
2026-08-21 12:08:05 INFO  c.e.c.Tool.security.RateLimitFilter - Request from IP: 10.235.148.185 | URI: /workspace/starred | Tokens remaining: 50
2026-08-21 12:08:05 INFO  c.e.c.Tool.security.RateLimitFilter - Request from IP: 10.235.148.185 | URI: /workspace/my-workspaces | Tokens remaining: 49
2026-08-21 12:08:05 INFO  c.e.c.Tool.security.RateLimitFilter - Request from IP: 10.235.148.185 | URI: /user/notifications/unread-count | Tokens remaining: 48
2026-08-21 12:08:05 INFO  c.e.c.Tool.security.RateLimitFilter - Request from IP: 10.235.148.185 | URI: /boards/starred | Tokens remaining: 47
2026-08-21 12:08:05 INFO  c.e.c.Tool.security.RateLimitFilter - Request from IP: 10.235.148.185 | URI: /user/scratchpad | Tokens remaining: 46
2026-08-21 12:08:05 INFO  c.e.c.Tool.security.RateLimitFilter - Request from IP: 10.235.148.185 | URI: /user/recent-boards | Tokens remaining: 45
2026-08-21 12:08:06 INFO  c.e.c.Tool.security.RateLimitFilter - Request from IP: 10.235.148.185 | URI: /boards/workspace/2 | Tokens remaining: 44
2026-08-21 12:08:06 INFO  c.e.c.Tool.security.RateLimitFilter - Request from IP: 10.235.148.185 | URI: /boards/6/lists | Tokens remaining: 44
2026-08-21 12:08:13 INFO  c.e.c.Tool.security.RateLimitFilter - Request from IP: 10.235.148.185 | URI: /boards/workspace/2 | Tokens remaining: 48
2026-08-21 12:08:13 INFO  c.e.c.Tool.security.RateLimitFilter - Request from IP: 10.235.148.185 | URI: /workspace/2 | Tokens remaining: 47
2026-08-21 12:08:13 INFO  c.e.c.Tool.security.RateLimitFilter - Request from IP: 10.235.148.185 | URI: /board/6/members | Tokens remaining: 47
2026-08-21 12:08:13 INFO  c.e.c.Tool.security.RateLimitFilter - Request from IP: 10.235.148.185 | URI: /boards/6/lists | Tokens remaining: 46
2026-08-21 12:08:13 INFO  c.e.c.Tool.security.RateLimitFilter - Request from IP: 10.235.148.185 | URI: /board/11/members | Tokens remaining: 45
2026-08-21 12:08:13 INFO  c.e.c.Tool.security.RateLimitFilter - Request from IP: 10.235.148.185 | URI: /board/4/members | Tokens remaining: 46
2026-08-21 12:08:13 INFO  c.e.c.Tool.security.RateLimitFilter - Request from IP: 10.235.148.185 | URI: /board/5/members | Tokens remaining: 43
2026-08-21 12:08:14 INFO  c.e.c.Tool.security.RateLimitFilter - Request from IP: 10.235.148.185 | URI: /board/8/members | Tokens remaining: 42
2026-08-21 12:08:14 INFO  c.e.c.Tool.security.RateLimitFilter - Request from IP: 10.235.148.185 | URI: /board/6/members | Tokens remaining: 41
2026-08-21 12:08:19 INFO  c.e.c.Tool.security.RateLimitFilter - Request from IP: 10.235.148.185 | URI: /user/logout | Tokens remaining: 44
2026-08-21 12:08:19 INFO  c.e.c.Tool.security.RateLimitFilter - Request from IP: 10.235.148.185 | URI: /issues/active | Tokens remaining: 44
2026-08-21 12:08:23 INFO  c.e.c.Tool.security.RateLimitFilter - Request from IP: 10.235.148.185 | URI: /user/login | Tokens remaining: 46
2026-08-21 12:08:25 INFO  c.e.c.Tool.security.RateLimitFilter - Request from IP: 10.235.148.185 | URI: /user/recent-boards | Tokens remaining: 46
2026-08-21 12:08:25 INFO  c.e.c.Tool.security.RateLimitFilter - Request from IP: 10.235.148.185 | URI: /user/notifications/unread-count | Tokens remaining: 45
2026-08-21 12:08:25 INFO  c.e.c.Tool.security.RateLimitFilter - Request from IP: 10.235.148.185 | URI: /workspace/my-workspaces | Tokens remaining: 44
2026-08-21 12:08:25 INFO  c.e.c.Tool.security.RateLimitFilter - Request from IP: 10.235.148.185 | URI: /user/scratchpad | Tokens remaining: 44
2026-08-21 12:08:25 INFO  c.e.c.Tool.security.RateLimitFilter - Request from IP: 10.235.148.185 | URI: /workspace/starred | Tokens remaining: 44
2026-08-21 12:08:25 INFO  c.e.c.Tool.security.RateLimitFilter - Request from IP: 10.235.148.185 | URI: /boards/starred | Tokens remaining: 41
2026-08-21 12:08:26 INFO  c.e.c.Tool.security.RateLimitFilter - Request from IP: 10.235.148.185 | URI: /boards/workspace/2 | Tokens remaining: 41
2026-08-21 12:08:26 INFO  c.e.c.Tool.security.RateLimitFilter - Request from IP: 10.235.148.185 | URI: /boards/6/lists | Tokens remaining: 41
2026-08-21 12:08:29 INFO  c.e.c.Tool.security.RateLimitFilter - Request from IP: 10.235.148.185 | URI: /boards/workspace/2 | Tokens remaining: 42
2026-08-21 12:08:29 INFO  c.e.c.Tool.security.RateLimitFilter - Request from IP: 10.235.148.185 | URI: /workspace/2 | Tokens remaining: 41
2026-08-21 12:08:29 INFO  c.e.c.Tool.security.RateLimitFilter - Request from IP: 10.235.148.185 | URI: /boards/6/lists | Tokens remaining: 40
2026-08-21 12:08:30 INFO  c.e.c.Tool.security.RateLimitFilter - Request from IP: 10.235.148.185 | URI: /board/11/members | Tokens remaining: 39
2026-08-21 12:08:30 INFO  c.e.c.Tool.security.RateLimitFilter - Request from IP: 10.235.148.185 | URI: /board/6/members | Tokens remaining: 38
2026-08-21 12:08:30 INFO  c.e.c.Tool.security.RateLimitFilter - Request from IP: 10.235.148.185 | URI: /board/4/members | Tokens remaining: 37
2026-08-21 12:08:30 INFO  c.e.c.Tool.security.RateLimitFilter - Request from IP: 10.235.148.185 | URI: /board/5/members | Tokens remaining: 36
2026-08-21 12:08:30 INFO  c.e.c.Tool.security.RateLimitFilter - Request from IP: 10.235.148.185 | URI: /board/8/members | Tokens remaining: 35
2026-08-21 12:08:30 INFO  c.e.c.Tool.security.RateLimitFilter - Request from IP: 10.235.148.185 | URI: /board/6/members | Tokens remaining: 35
2026-08-21 12:09:08 INFO  c.e.c.Tool.security.RateLimitFilter - Request from IP: 10.235.148.185 | URI: /boards/starred | Tokens remaining: 50
2026-08-21 12:09:08 INFO  c.e.c.Tool.security.RateLimitFilter - Request from IP: 10.235.148.185 | URI: /user/notifications/unread-count | Tokens remaining: 49
2026-08-21 12:09:08 INFO  c.e.c.Tool.security.RateLimitFilter - Request from IP: 10.235.148.185 | URI: /workspace/my-workspaces | Tokens remaining: 49
2026-08-21 12:09:08 INFO  c.e.c.Tool.security.RateLimitFilter - Request from IP: 10.235.148.185 | URI: /workspace/starred | Tokens remaining: 47
2026-08-21 12:09:08 INFO  c.e.c.Tool.security.RateLimitFilter - Request from IP: 10.235.148.185 | URI: /user/recent-boards | Tokens remaining: 47
2026-08-21 12:09:08 INFO  c.e.c.Tool.security.RateLimitFilter - Request from IP: 10.235.148.185 | URI: /user/scratchpad | Tokens remaining: 45
2026-08-21 12:09:09 INFO  c.e.c.Tool.security.RateLimitFilter - Request from IP: 10.235.148.185 | URI: /boards/workspace/2 | Tokens remaining: 45
2026-08-21 12:09:10 INFO  c.e.c.Tool.security.RateLimitFilter - Request from IP: 10.235.148.185 | URI: /boards/6/lists | Tokens remaining: 44
2026-08-21 12:09:11 INFO  c.e.c.Tool.security.RateLimitFilter - Request from IP: 10.235.148.185 | URI: /boards/workspace/2 | Tokens remaining: 44
2026-08-21 12:09:11 INFO  c.e.c.Tool.security.RateLimitFilter - Request from IP: 10.235.148.185 | URI: /workspace/2 | Tokens remaining: 43
2026-08-21 12:09:12 INFO  c.e.c.Tool.security.RateLimitFilter - Request from IP: 10.235.148.185 | URI: /boards/6/lists | Tokens remaining: 42
2026-08-21 12:09:12 INFO  c.e.c.Tool.security.RateLimitFilter - Request from IP: 10.235.148.185 | URI: /board/4/members | Tokens remaining: 41
2026-08-21 12:09:12 INFO  c.e.c.Tool.security.RateLimitFilter - Request from IP: 10.235.148.185 | URI: /board/6/members | Tokens remaining: 40
2026-08-21 12:09:12 INFO  c.e.c.Tool.security.RateLimitFilter - Request from IP: 10.235.148.185 | URI: /board/11/members | Tokens remaining: 39
2026-08-21 12:09:12 INFO  c.e.c.Tool.security.RateLimitFilter - Request from IP: 10.235.148.185 | URI: /board/5/members | Tokens remaining: 38
2026-08-21 12:09:12 INFO  c.e.c.Tool.security.RateLimitFilter - Request from IP: 10.235.148.185 | URI: /board/8/members | Tokens remaining: 38
2026-08-21 12:09:12 INFO  c.e.c.Tool.security.RateLimitFilter - Request from IP: 10.235.148.185 | URI: /board/6/members | Tokens remaining: 37
2026-08-21 12:09:30 INFO  c.e.c.Tool.security.RateLimitFilter - Request from IP: 10.235.148.185 | URI: /boards/workspace/2 | Tokens remaining: 50
2026-08-21 12:09:30 INFO  c.e.c.Tool.security.RateLimitFilter - Request from IP: 10.235.148.185 | URI: /workspace/2 | Tokens remaining: 49
2026-08-21 12:09:31 INFO  c.e.c.Tool.security.RateLimitFilter - Request from IP: 10.235.148.185 | URI: /boards/6/lists | Tokens remaining: 48
2026-08-21 12:09:31 INFO  c.e.c.Tool.security.RateLimitFilter - Request from IP: 10.235.148.185 | URI: /board/5/members | Tokens remaining: 47
2026-08-21 12:09:31 INFO  c.e.c.Tool.security.RateLimitFilter - Request from IP: 10.235.148.185 | URI: /board/6/members | Tokens remaining: 46
2026-08-21 12:09:31 INFO  c.e.c.Tool.security.RateLimitFilter - Request from IP: 10.235.148.185 | URI: /board/4/members | Tokens remaining: 45
2026-08-21 12:09:31 INFO  c.e.c.Tool.security.RateLimitFilter - Request from IP: 10.235.148.185 | URI: /board/8/members | Tokens remaining: 44
2026-08-21 12:09:32 INFO  c.e.c.Tool.security.RateLimitFilter - Request from IP: 10.235.148.185 | URI: /board/11/members | Tokens remaining: 44
2026-08-21 12:09:32 INFO  c.e.c.Tool.security.RateLimitFilter - Request from IP: 10.235.148.185 | URI: /board/6/members | Tokens remaining: 43
2026-08-21 12:12:25 INFO  c.e.c.Tool.security.RateLimitFilter - Request from IP: 10.235.148.185 | URI: /boards/workspace/2 | Tokens remaining: 50
2026-08-21 12:12:25 INFO  c.e.c.Tool.security.RateLimitFilter - Request from IP: 10.235.148.185 | URI: /workspace/2 | Tokens remaining: 49
2026-08-21 12:12:25 INFO  c.e.c.Tool.security.RateLimitFilter - Request from IP: 10.235.148.185 | URI: /board/5/members | Tokens remaining: 48
2026-08-21 12:12:25 INFO  c.e.c.Tool.security.RateLimitFilter - Request from IP: 10.235.148.185 | URI: /board/11/members | Tokens remaining: 47
2026-08-21 12:12:25 INFO  c.e.c.Tool.security.RateLimitFilter - Request from IP: 10.235.148.185 | URI: /board/6/members | Tokens remaining: 47
2026-08-21 12:12:25 INFO  c.e.c.Tool.security.RateLimitFilter - Request from IP: 10.235.148.185 | URI: /board/8/members | Tokens remaining: 45
2026-08-21 12:12:25 INFO  c.e.c.Tool.security.RateLimitFilter - Request from IP: 10.235.148.185 | URI: /boards/6/lists | Tokens remaining: 45
2026-08-21 12:12:26 INFO  c.e.c.Tool.security.RateLimitFilter - Request from IP: 10.235.148.185 | URI: /board/4/members | Tokens remaining: 43
2026-08-21 12:12:26 INFO  c.e.c.Tool.security.RateLimitFilter - Request from IP: 10.235.148.185 | URI: /board/6/members | Tokens remaining: 42
2026-08-21 12:13:42 INFO  c.e.c.Tool.security.RateLimitFilter - Request from IP: 10.235.148.185 | URI: /issues/active | Tokens remaining: 50
2026-08-21 12:13:42 WARN  c.e.c.Tool.security.JwtFilter - JWT Expired: JWT expired at 2026-08-20T13:18:12Z. Current time: 2026-08-21T09:13:42Z, a difference of 71730136 milliseconds.  Allowed clock skew: 0 milliseconds.
2026-08-21 12:13:42 INFO  c.e.c.Tool.security.RateLimitFilter - Request from IP: 10.235.148.185 | URI: /user/refresh | Tokens remaining: 49
2026-08-21 12:13:42 INFO  c.e.c.Tool.security.RateLimitFilter - Request from IP: 10.235.148.185 | URI: /issues/active | Tokens remaining: 48
2026-08-21 12:13:47 INFO  c.e.c.Tool.security.RateLimitFilter - Request from IP: 10.235.148.185 | URI: /workspace/my-workspaces | Tokens remaining: 50
2026-08-21 12:13:47 INFO  c.e.c.Tool.security.RateLimitFilter - Request from IP: 10.235.148.185 | URI: /user/scratchpad | Tokens remaining: 49
2026-08-21 12:13:47 INFO  c.e.c.Tool.security.RateLimitFilter - Request from IP: 10.235.148.185 | URI: /boards/starred | Tokens remaining: 48
2026-08-21 12:13:47 INFO  c.e.c.Tool.security.RateLimitFilter - Request from IP: 10.235.148.185 | URI: /user/notifications/unread-count | Tokens remaining: 47
2026-08-21 12:13:47 INFO  c.e.c.Tool.security.RateLimitFilter - Request from IP: 10.235.148.185 | URI: /workspace/starred | Tokens remaining: 46
2026-08-21 12:13:47 INFO  c.e.c.Tool.security.RateLimitFilter - Request from IP: 10.235.148.185 | URI: /user/recent-boards | Tokens remaining: 45
2026-08-21 12:13:47 INFO  c.e.c.Tool.security.RateLimitFilter - Request from IP: 10.235.148.185 | URI: /boards/workspace/2 | Tokens remaining: 44
2026-08-21 12:13:48 INFO  c.e.c.Tool.security.RateLimitFilter - Request from IP: 10.235.148.185 | URI: /boards/6/lists | Tokens remaining: 44
2026-08-21 12:13:48 INFO  c.e.c.Tool.security.RateLimitFilter - Request from IP: 10.235.148.185 | URI: /boards/workspace/2 | Tokens remaining: 43
2026-08-21 12:13:48 INFO  c.e.c.Tool.security.RateLimitFilter - Request from IP: 10.235.148.185 | URI: /workspace/2 | Tokens remaining: 42
2026-08-21 12:13:49 INFO  c.e.c.Tool.security.RateLimitFilter - Request from IP: 10.235.148.185 | URI: /boards/6/lists | Tokens remaining: 42
2026-08-21 12:13:49 INFO  c.e.c.Tool.security.RateLimitFilter - Request from IP: 10.235.148.185 | URI: /board/11/members | Tokens remaining: 42
2026-08-21 12:13:49 INFO  c.e.c.Tool.security.RateLimitFilter - Request from IP: 10.235.148.185 | URI: /board/4/members | Tokens remaining: 40
2026-08-21 12:13:49 INFO  c.e.c.Tool.security.RateLimitFilter - Request from IP: 10.235.148.185 | URI: /board/8/members | Tokens remaining: 39
2026-08-21 12:13:49 INFO  c.e.c.Tool.security.RateLimitFilter - Request from IP: 10.235.148.185 | URI: /board/6/members | Tokens remaining: 38
2026-08-21 12:13:49 INFO  c.e.c.Tool.security.RateLimitFilter - Request from IP: 10.235.148.185 | URI: /board/5/members | Tokens remaining: 37
2026-08-21 12:13:50 INFO  c.e.c.Tool.security.RateLimitFilter - Request from IP: 10.235.148.185 | URI: /board/6/members | Tokens remaining: 36
2026-08-21 12:14:44 INFO  c.e.c.Tool.security.RateLimitFilter - Request from IP: 10.235.148.185 | URI: /workspace/2 | Tokens remaining: 50
2026-08-21 12:14:44 INFO  c.e.c.Tool.security.RateLimitFilter - Request from IP: 10.235.148.185 | URI: /boards/workspace/2 | Tokens remaining: 49
2026-08-21 12:14:45 INFO  c.e.c.Tool.security.RateLimitFilter - Request from IP: 10.235.148.185 | URI: /board/4/members | Tokens remaining: 48
2026-08-21 12:14:45 INFO  c.e.c.Tool.security.RateLimitFilter - Request from IP: 10.235.148.185 | URI: /board/5/members | Tokens remaining: 47
2026-08-21 12:14:45 INFO  c.e.c.Tool.security.RateLimitFilter - Request from IP: 10.235.148.185 | URI: /board/11/members | Tokens remaining: 46
2026-08-21 12:14:45 INFO  c.e.c.Tool.security.RateLimitFilter - Request from IP: 10.235.148.185 | URI: /boards/6/lists | Tokens remaining: 46
2026-08-21 12:14:45 INFO  c.e.c.Tool.security.RateLimitFilter - Request from IP: 10.235.148.185 | URI: /board/6/members | Tokens remaining: 44
2026-08-21 12:14:45 INFO  c.e.c.Tool.security.RateLimitFilter - Request from IP: 10.235.148.185 | URI: /board/8/members | Tokens remaining: 43
2026-08-21 12:14:45 INFO  c.e.c.Tool.security.RateLimitFilter - Request from IP: 10.235.148.185 | URI: /board/6/members | Tokens remaining: 42
2026-08-21 12:14:45 INFO  c.e.c.Tool.security.RateLimitFilter - Request from IP: 10.235.148.185 | URI: /boards/workspace/2 | Tokens remaining: 42
2026-08-21 12:14:45 INFO  c.e.c.Tool.security.RateLimitFilter - Request from IP: 10.235.148.185 | URI: /workspace/2 | Tokens remaining: 42
2026-08-21 12:14:46 INFO  c.e.c.Tool.security.RateLimitFilter - Request from IP: 10.235.148.185 | URI: /board/6/members | Tokens remaining: 40
2026-08-21 12:14:46 INFO  c.e.c.Tool.security.RateLimitFilter - Request from IP: 10.235.148.185 | URI: /board/11/members | Tokens remaining: 39
2026-08-21 12:14:46 INFO  c.e.c.Tool.security.RateLimitFilter - Request from IP: 10.235.148.185 | URI: /board/8/members | Tokens remaining: 39
2026-08-21 12:14:46 INFO  c.e.c.Tool.security.RateLimitFilter - Request from IP: 10.235.148.185 | URI: /board/4/members | Tokens remaining: 37
2026-08-21 12:14:46 INFO  c.e.c.Tool.security.RateLimitFilter - Request from IP: 10.235.148.185 | URI: /board/5/members | Tokens remaining: 36
2026-08-21 12:14:46 INFO  c.e.c.Tool.security.RateLimitFilter - Request from IP: 10.235.148.185 | URI: /boards/6/lists | Tokens remaining: 35
2026-08-21 12:14:46 INFO  c.e.c.Tool.security.RateLimitFilter - Request from IP: 10.235.148.185 | URI: /board/6/members | Tokens remaining: 34
2026-08-21 12:15:10 INFO  c.e.c.Tool.security.RateLimitFilter - Request from IP: 10.235.148.185 | URI: /boards/4/lists | Tokens remaining: 50
2026-08-21 12:15:10 INFO  c.e.c.Tool.security.RateLimitFilter - Request from IP: 10.235.148.185 | URI: /board/4/members | Tokens remaining: 49
2026-08-21 12:15:11 INFO  c.e.c.Tool.security.RateLimitFilter - Request from IP: 10.235.148.185 | URI: /cards/lists/11/cards | Tokens remaining: 48
2026-08-21 12:15:11 INFO  c.e.c.Tool.security.RateLimitFilter - Request from IP: 10.235.148.185 | URI: /cards/lists/9/cards | Tokens remaining: 48
2026-08-21 12:15:11 INFO  c.e.c.Tool.security.RateLimitFilter - Request from IP: 10.235.148.185 | URI: /cards/lists/10/cards | Tokens remaining: 46
2026-08-21 12:20:28 INFO  c.e.c.Tool.security.RateLimitFilter - Request from IP: 10.235.148.185 | URI: /boards/workspace/2 | Tokens remaining: 50
2026-08-21 12:20:28 INFO  c.e.c.Tool.security.RateLimitFilter - Request from IP: 10.235.148.185 | URI: /workspace/2 | Tokens remaining: 49
2026-08-21 12:20:29 INFO  c.e.c.Tool.security.RateLimitFilter - Request from IP: 10.235.148.185 | URI: /workspace/2 | Tokens remaining: 48
2026-08-21 12:20:29 INFO  c.e.c.Tool.security.RateLimitFilter - Request from IP: 10.235.148.185 | URI: /boards/workspace/2 | Tokens remaining: 47
2026-08-21 12:20:29 INFO  c.e.c.Tool.security.RateLimitFilter - Request from IP: 10.235.148.185 | URI: /board/6/members | Tokens remaining: 46
2026-08-21 12:20:29 INFO  c.e.c.Tool.security.RateLimitFilter - Request from IP: 10.235.148.185 | URI: /board/11/members | Tokens remaining: 46
2026-08-21 12:20:29 INFO  c.e.c.Tool.security.RateLimitFilter - Request from IP: 10.235.148.185 | URI: /board/5/members | Tokens remaining: 44
2026-08-21 12:20:29 INFO  c.e.c.Tool.security.RateLimitFilter - Request from IP: 10.235.148.185 | URI: /board/4/members | Tokens remaining: 43
2026-08-21 12:20:29 INFO  c.e.c.Tool.security.RateLimitFilter - Request from IP: 10.235.148.185 | URI: /board/8/members | Tokens remaining: 42
2026-08-21 12:20:29 INFO  c.e.c.Tool.security.RateLimitFilter - Request from IP: 10.235.148.185 | URI: /board/8/members | Tokens remaining: 41
2026-08-21 12:20:29 INFO  c.e.c.Tool.security.RateLimitFilter - Request from IP: 10.235.148.185 | URI: /board/6/members | Tokens remaining: 41
2026-08-21 12:20:29 INFO  c.e.c.Tool.security.RateLimitFilter - Request from IP: 10.235.148.185 | URI: /board/11/members | Tokens remaining: 39
2026-08-21 12:20:29 INFO  c.e.c.Tool.security.RateLimitFilter - Request from IP: 10.235.148.185 | URI: /board/4/members | Tokens remaining: 38
2026-08-21 12:20:29 INFO  c.e.c.Tool.security.RateLimitFilter - Request from IP: 10.235.148.185 | URI: /board/5/members | Tokens remaining: 37
2026-08-21 12:20:29 INFO  c.e.c.Tool.security.RateLimitFilter - Request from IP: 10.235.148.185 | URI: /boards/6/lists | Tokens remaining: 36
2026-08-21 12:20:29 INFO  c.e.c.Tool.security.RateLimitFilter - Request from IP: 10.235.148.185 | URI: /boards/6/lists | Tokens remaining: 36
2026-08-21 12:20:30 INFO  c.e.c.Tool.security.RateLimitFilter - Request from IP: 10.235.148.185 | URI: /board/6/members | Tokens remaining: 35
2026-08-21 12:20:30 INFO  c.e.c.Tool.security.RateLimitFilter - Request from IP: 10.235.148.185 | URI: /board/6/members | Tokens remaining: 34
2026-08-21 12:20:58 INFO  c.e.c.Tool.security.RateLimitFilter - Request from IP: 10.235.148.185 | URI: /boards/workspace/2 | Tokens remaining: 50
2026-08-21 12:20:58 INFO  c.e.c.Tool.security.RateLimitFilter - Request from IP: 10.235.148.185 | URI: /workspace/2 | Tokens remaining: 49
2026-08-21 12:20:58 INFO  c.e.c.Tool.security.RateLimitFilter - Request from IP: 10.235.148.185 | URI: /board/6/members | Tokens remaining: 48
2026-08-21 12:20:58 INFO  c.e.c.Tool.security.RateLimitFilter - Request from IP: 10.235.148.185 | URI: /board/8/members | Tokens remaining: 47
2026-08-21 12:20:58 INFO  c.e.c.Tool.security.RateLimitFilter - Request from IP: 10.235.148.185 | URI: /board/11/members | Tokens remaining: 46
2026-08-21 12:20:58 INFO  c.e.c.Tool.security.RateLimitFilter - Request from IP: 10.235.148.185 | URI: /boards/6/lists | Tokens remaining: 45
2026-08-21 12:20:58 INFO  c.e.c.Tool.security.RateLimitFilter - Request from IP: 10.235.148.185 | URI: /board/4/members | Tokens remaining: 44
2026-08-21 12:20:59 INFO  c.e.c.Tool.security.RateLimitFilter - Request from IP: 10.235.148.185 | URI: /board/5/members | Tokens remaining: 43
2026-08-21 12:20:59 INFO  c.e.c.Tool.security.RateLimitFilter - Request from IP: 10.235.148.185 | URI: /board/6/members | Tokens remaining: 42
2026-08-21 12:21:13 INFO  c.e.c.Tool.security.RateLimitFilter - Request from IP: 10.235.148.185 | URI: /workspace/2 | Tokens remaining: 50
2026-08-21 12:21:13 INFO  c.e.c.Tool.security.RateLimitFilter - Request from IP: 10.235.148.185 | URI: /boards/workspace/2 | Tokens remaining: 49
2026-08-21 12:21:13 INFO  c.e.c.Tool.security.RateLimitFilter - Request from IP: 10.235.148.185 | URI: /boards/workspace/2 | Tokens remaining: 48
2026-08-21 12:21:13 INFO  c.e.c.Tool.security.RateLimitFilter - Request from IP: 10.235.148.185 | URI: /workspace/2 | Tokens remaining: 47
2026-08-21 12:21:14 INFO  c.e.c.Tool.security.RateLimitFilter - Request from IP: 10.235.148.185 | URI: /board/6/members | Tokens remaining: 46
2026-08-21 12:21:14 INFO  c.e.c.Tool.security.RateLimitFilter - Request from IP: 10.235.148.185 | URI: /board/4/members | Tokens remaining: 45
2026-08-21 12:21:14 INFO  c.e.c.Tool.security.RateLimitFilter - Request from IP: 10.235.148.185 | URI: /board/5/members | Tokens remaining: 44
2026-08-21 12:21:14 INFO  c.e.c.Tool.security.RateLimitFilter - Request from IP: 10.235.148.185 | URI: /board/11/members | Tokens remaining: 43
2026-08-21 12:21:14 INFO  c.e.c.Tool.security.RateLimitFilter - Request from IP: 10.235.148.185 | URI: /board/8/members | Tokens remaining: 42
2026-08-21 12:21:14 INFO  c.e.c.Tool.security.RateLimitFilter - Request from IP: 10.235.148.185 | URI: /board/6/members | Tokens remaining: 41
2026-08-21 12:21:14 INFO  c.e.c.Tool.security.RateLimitFilter - Request from IP: 10.235.148.185 | URI: /board/8/members | Tokens remaining: 40
2026-08-21 12:21:14 INFO  c.e.c.Tool.security.RateLimitFilter - Request from IP: 10.235.148.185 | URI: /board/11/members | Tokens remaining: 39
2026-08-21 12:21:14 INFO  c.e.c.Tool.security.RateLimitFilter - Request from IP: 10.235.148.185 | URI: /board/4/members | Tokens remaining: 38
2026-08-21 12:21:14 INFO  c.e.c.Tool.security.RateLimitFilter - Request from IP: 10.235.148.185 | URI: /board/5/members | Tokens remaining: 37
2026-08-21 12:21:14 INFO  c.e.c.Tool.security.RateLimitFilter - Request from IP: 10.235.148.185 | URI: /boards/6/lists | Tokens remaining: 36
2026-08-21 12:21:14 INFO  c.e.c.Tool.security.RateLimitFilter - Request from IP: 10.235.148.185 | URI: /boards/6/lists | Tokens remaining: 35
2026-08-21 12:21:14 INFO  c.e.c.Tool.security.RateLimitFilter - Request from IP: 10.235.148.185 | URI: /board/6/members | Tokens remaining: 35
2026-08-21 12:21:14 INFO  c.e.c.Tool.security.RateLimitFilter - Request from IP: 10.235.148.185 | URI: /board/6/members | Tokens remaining: 34
2026-08-21 12:21:39 INFO  c.e.c.Tool.security.RateLimitFilter - Request from IP: 10.235.148.185 | URI: /workspace/2 | Tokens remaining: 50
2026-08-21 12:21:39 INFO  c.e.c.Tool.security.RateLimitFilter - Request from IP: 10.235.148.185 | URI: /boards/workspace/2 | Tokens remaining: 49
2026-08-21 12:21:39 INFO  c.e.c.Tool.security.RateLimitFilter - Request from IP: 10.235.148.185 | URI: /boards/workspace/2 | Tokens remaining: 48
2026-08-21 12:21:39 INFO  c.e.c.Tool.security.RateLimitFilter - Request from IP: 10.235.148.185 | URI: /workspace/2 | Tokens remaining: 48
2026-08-21 12:21:39 INFO  c.e.c.Tool.security.RateLimitFilter - Request from IP: 10.235.148.185 | URI: /board/8/members | Tokens remaining: 46
2026-08-21 12:21:39 INFO  c.e.c.Tool.security.RateLimitFilter - Request from IP: 10.235.148.185 | URI: /board/6/members | Tokens remaining: 45
2026-08-21 12:21:39 INFO  c.e.c.Tool.security.RateLimitFilter - Request from IP: 10.235.148.185 | URI: /board/11/members | Tokens remaining: 44
2026-08-21 12:21:39 INFO  c.e.c.Tool.security.RateLimitFilter - Request from IP: 10.235.148.185 | URI: /board/5/members | Tokens remaining: 43
2026-08-21 12:21:39 INFO  c.e.c.Tool.security.RateLimitFilter - Request from IP: 10.235.148.185 | URI: /board/4/members | Tokens remaining: 42
2026-08-21 12:21:40 INFO  c.e.c.Tool.security.RateLimitFilter - Request from IP: 10.235.148.185 | URI: /board/6/members | Tokens remaining: 41
2026-08-21 12:21:40 INFO  c.e.c.Tool.security.RateLimitFilter - Request from IP: 10.235.148.185 | URI: /board/11/members | Tokens remaining: 40
2026-08-21 12:21:40 INFO  c.e.c.Tool.security.RateLimitFilter - Request from IP: 10.235.148.185 | URI: /board/4/members | Tokens remaining: 39
2026-08-21 12:21:40 INFO  c.e.c.Tool.security.RateLimitFilter - Request from IP: 10.235.148.185 | URI: /board/5/members | Tokens remaining: 38
2026-08-21 12:21:40 INFO  c.e.c.Tool.security.RateLimitFilter - Request from IP: 10.235.148.185 | URI: /board/8/members | Tokens remaining: 37
2026-08-21 12:21:40 INFO  c.e.c.Tool.security.RateLimitFilter - Request from IP: 10.235.148.185 | URI: /boards/6/lists | Tokens remaining: 36
2026-08-21 12:21:40 INFO  c.e.c.Tool.security.RateLimitFilter - Request from IP: 10.235.148.185 | URI: /boards/6/lists | Tokens remaining: 36
2026-08-21 12:21:40 INFO  c.e.c.Tool.security.RateLimitFilter - Request from IP: 10.235.148.185 | URI: /board/6/members | Tokens remaining: 35
2026-08-21 12:21:40 INFO  c.e.c.Tool.security.RateLimitFilter - Request from IP: 10.235.148.185 | URI: /board/6/members | Tokens remaining: 34
2026-08-21 12:21:55 INFO  c.e.c.Tool.security.RateLimitFilter - Request from IP: 10.235.148.185 | URI: /workspace/2 | Tokens remaining: 46
2026-08-21 12:21:55 INFO  c.e.c.Tool.security.RateLimitFilter - Request from IP: 10.235.148.185 | URI: /boards/workspace/2 | Tokens remaining: 45
2026-08-21 12:21:56 INFO  c.e.c.Tool.security.RateLimitFilter - Request from IP: 10.235.148.185 | URI: /board/6/members | Tokens remaining: 44
2026-08-21 12:21:56 INFO  c.e.c.Tool.security.RateLimitFilter - Request from IP: 10.235.148.185 | URI: /board/8/members | Tokens remaining: 43
2026-08-21 12:21:56 INFO  c.e.c.Tool.security.RateLimitFilter - Request from IP: 10.235.148.185 | URI: /board/11/members | Tokens remaining: 42
2026-08-21 12:21:56 INFO  c.e.c.Tool.security.RateLimitFilter - Request from IP: 10.235.148.185 | URI: /board/4/members | Tokens remaining: 41
2026-08-21 12:21:56 INFO  c.e.c.Tool.security.RateLimitFilter - Request from IP: 10.235.148.185 | URI: /board/5/members | Tokens remaining: 40
2026-08-21 12:21:56 INFO  c.e.c.Tool.security.RateLimitFilter - Request from IP: 10.235.148.185 | URI: /boards/6/lists | Tokens remaining: 39
2026-08-21 12:21:56 INFO  c.e.c.Tool.security.RateLimitFilter - Request from IP: 10.235.148.185 | URI: /board/6/members | Tokens remaining: 38
2026-08-21 12:21:57 INFO  c.e.c.Tool.security.RateLimitFilter - Request from IP: 10.235.148.185 | URI: /boards/workspace/2 | Tokens remaining: 38
2026-08-21 12:21:57 INFO  c.e.c.Tool.security.RateLimitFilter - Request from IP: 10.235.148.185 | URI: /workspace/2 | Tokens remaining: 37
2026-08-21 12:21:58 INFO  c.e.c.Tool.security.RateLimitFilter - Request from IP: 10.235.148.185 | URI: /board/6/members | Tokens remaining: 36
2026-08-21 12:21:58 INFO  c.e.c.Tool.security.RateLimitFilter - Request from IP: 10.235.148.185 | URI: /board/8/members | Tokens remaining: 35
2026-08-21 12:21:58 INFO  c.e.c.Tool.security.RateLimitFilter - Request from IP: 10.235.148.185 | URI: /board/11/members | Tokens remaining: 35
2026-08-21 12:21:58 INFO  c.e.c.Tool.security.RateLimitFilter - Request from IP: 10.235.148.185 | URI: /board/5/members | Tokens remaining: 33
2026-08-21 12:21:58 INFO  c.e.c.Tool.security.RateLimitFilter - Request from IP: 10.235.148.185 | URI: /board/4/members | Tokens remaining: 32
2026-08-21 12:21:58 INFO  c.e.c.Tool.security.RateLimitFilter - Request from IP: 10.235.148.185 | URI: /boards/6/lists | Tokens remaining: 32
2026-08-21 12:21:58 INFO  c.e.c.Tool.security.RateLimitFilter - Request from IP: 10.235.148.185 | URI: /board/6/members | Tokens remaining: 31
2026-08-21 12:22:09 INFO  c.e.c.Tool.security.RateLimitFilter - Request from IP: 10.235.148.185 | URI: /boards/workspace/2 | Tokens remaining: 39
2026-08-21 12:22:09 INFO  c.e.c.Tool.security.RateLimitFilter - Request from IP: 10.235.148.185 | URI: /workspace/2 | Tokens remaining: 38
2026-08-21 12:22:10 INFO  c.e.c.Tool.security.RateLimitFilter - Request from IP: 10.235.148.185 | URI: /boards/workspace/2 | Tokens remaining: 38
2026-08-21 12:22:10 INFO  c.e.c.Tool.security.RateLimitFilter - Request from IP: 10.235.148.185 | URI: /workspace/2 | Tokens remaining: 37
2026-08-21 12:22:10 INFO  c.e.c.Tool.security.RateLimitFilter - Request from IP: 10.235.148.185 | URI: /board/6/members | Tokens remaining: 36
2026-08-21 12:22:10 INFO  c.e.c.Tool.security.RateLimitFilter - Request from IP: 10.235.148.185 | URI: /board/8/members | Tokens remaining: 35
2026-08-21 12:22:10 INFO  c.e.c.Tool.security.RateLimitFilter - Request from IP: 10.235.148.185 | URI: /board/11/members | Tokens remaining: 34
2026-08-21 12:22:10 INFO  c.e.c.Tool.security.RateLimitFilter - Request from IP: 10.235.148.185 | URI: /board/4/members | Tokens remaining: 33
2026-08-21 12:22:10 INFO  c.e.c.Tool.security.RateLimitFilter - Request from IP: 10.235.148.185 | URI: /board/5/members | Tokens remaining: 32
2026-08-21 12:22:10 INFO  c.e.c.Tool.security.RateLimitFilter - Request from IP: 10.235.148.185 | URI: /boards/6/lists | Tokens remaining: 31
2026-08-21 12:22:10 INFO  c.e.c.Tool.security.RateLimitFilter - Request from IP: 10.235.148.185 | URI: /board/6/members | Tokens remaining: 30
2026-08-21 12:22:10 INFO  c.e.c.Tool.security.RateLimitFilter - Request from IP: 10.235.148.185 | URI: /board/11/members | Tokens remaining: 29
2026-08-21 12:22:10 INFO  c.e.c.Tool.security.RateLimitFilter - Request from IP: 10.235.148.185 | URI: /board/8/members | Tokens remaining: 28
2026-08-21 12:22:10 INFO  c.e.c.Tool.security.RateLimitFilter - Request from IP: 10.235.148.185 | URI: /board/4/members | Tokens remaining: 27
2026-08-21 12:22:10 INFO  c.e.c.Tool.security.RateLimitFilter - Request from IP: 10.235.148.185 | URI: /board/5/members | Tokens remaining: 26
2026-08-21 12:22:11 INFO  c.e.c.Tool.security.RateLimitFilter - Request from IP: 10.235.148.185 | URI: /board/6/members | Tokens remaining: 25
2026-08-21 12:22:11 INFO  c.e.c.Tool.security.RateLimitFilter - Request from IP: 10.235.148.185 | URI: /boards/6/lists | Tokens remaining: 24
2026-08-21 12:22:11 INFO  c.e.c.Tool.security.RateLimitFilter - Request from IP: 10.235.148.185 | URI: /board/6/members | Tokens remaining: 23
2026-08-21 12:26:13 INFO  o.s.w.s.c.WebSocketMessageBrokerStats - WebSocketSession[0 current WS(0)-HttpStream(0)-HttpPoll(0), 0 total, 0 closed abnormally (0 connect failure, 0 send limit, 0 transport error)], stompSubProtocol[processed CONNECT(0)-CONNECTED(0)-DISCONNECT(0)], stompBrokerRelay[null], inboundChannel[pool size = 0, active threads = 0, queued tasks = 0, completed tasks = 0], outboundChannel[pool size = 0, active threads = 0, queued tasks = 0, completed tasks = 0], sockJsScheduler[pool size = 4, active threads = 1, queued tasks = 3, completed tasks = 250]
2026-08-21 12:28:22 INFO  c.e.c.Tool.security.RateLimitFilter - Request from IP: 10.235.148.185 | URI: /user/logout | Tokens remaining: 50
2026-08-21 12:28:23 INFO  c.e.c.Tool.security.RateLimitFilter - Request from IP: 10.235.148.185 | URI: /issues/active | Tokens remaining: 49
2026-08-21 12:28:41 INFO  c.e.c.Tool.security.RateLimitFilter - Request from IP: 10.235.148.185 | URI: /user/login | Tokens remaining: 50
2026-08-21 12:28:41 WARN  c.e.c.T.e.CollaborationExceptionHandler - Bad request: Invalid email or password
2026-08-21 12:28:54 INFO  c.e.c.Tool.security.RateLimitFilter - Request from IP: 10.235.148.185 | URI: /user/login | Tokens remaining: 50
2026-08-21 12:28:54 INFO  c.e.c.Tool.security.RateLimitFilter - Request from IP: 10.235.148.185 | URI: /workspace/my-workspaces | Tokens remaining: 49
2026-08-21 12:28:54 INFO  c.e.c.Tool.security.RateLimitFilter - Request from IP: 10.235.148.185 | URI: /boards/starred | Tokens remaining: 48
2026-08-21 12:28:55 INFO  c.e.c.Tool.security.RateLimitFilter - Request from IP: 10.235.148.185 | URI: /user/scratchpad | Tokens remaining: 47
2026-08-21 12:28:55 INFO  c.e.c.Tool.security.RateLimitFilter - Request from IP: 10.235.148.185 | URI: /workspace/starred | Tokens remaining: 46
2026-08-21 12:28:55 INFO  c.e.c.Tool.security.RateLimitFilter - Request from IP: 10.235.148.185 | URI: /user/recent-boards | Tokens remaining: 46
2026-08-21 12:28:55 INFO  c.e.c.Tool.security.RateLimitFilter - Request from IP: 10.235.148.185 | URI: /user/notifications/unread-count | Tokens remaining: 44
2026-08-21 12:28:55 INFO  c.e.c.Tool.security.RateLimitFilter - Request from IP: 10.235.148.185 | URI: /boards/workspace/2 | Tokens remaining: 43
2026-08-21 12:28:56 INFO  c.e.c.Tool.security.RateLimitFilter - Request from IP: 10.235.148.185 | URI: /boards/6/lists | Tokens remaining: 43
2026-08-21 12:28:59 INFO  c.e.c.Tool.security.RateLimitFilter - Request from IP: 10.235.148.185 | URI: /boards/workspace/2 | Tokens remaining: 45
2026-08-21 12:28:59 INFO  c.e.c.Tool.security.RateLimitFilter - Request from IP: 10.235.148.185 | URI: /workspace/2 | Tokens remaining: 44
2026-08-21 12:29:00 INFO  c.e.c.Tool.security.RateLimitFilter - Request from IP: 10.235.148.185 | URI: /board/6/members | Tokens remaining: 43
2026-08-21 12:29:00 INFO  c.e.c.Tool.security.RateLimitFilter - Request from IP: 10.235.148.185 | URI: /boards/6/lists | Tokens remaining: 42
2026-08-21 12:29:00 INFO  c.e.c.Tool.security.RateLimitFilter - Request from IP: 10.235.148.185 | URI: /board/8/members | Tokens remaining: 41
2026-08-21 12:29:00 INFO  c.e.c.Tool.security.RateLimitFilter - Request from IP: 10.235.148.185 | URI: /board/4/members | Tokens remaining: 40
2026-08-21 12:29:00 INFO  c.e.c.Tool.security.RateLimitFilter - Request from IP: 10.235.148.185 | URI: /board/11/members | Tokens remaining: 40
2026-08-21 12:29:00 INFO  c.e.c.Tool.security.RateLimitFilter - Request from IP: 10.235.148.185 | URI: /board/5/members | Tokens remaining: 38
2026-08-21 12:29:00 INFO  c.e.c.Tool.security.RateLimitFilter - Request from IP: 10.235.148.185 | URI: /board/6/members | Tokens remaining: 37
2026-08-21 12:29:12 INFO  c.e.c.Tool.security.RateLimitFilter - Request from IP: 10.235.148.185 | URI: /boards/5/lists | Tokens remaining: 47
2026-08-21 12:29:12 INFO  c.e.c.Tool.security.RateLimitFilter - Request from IP: 10.235.148.185 | URI: /board/5/members | Tokens remaining: 46
2026-08-21 12:29:13 INFO  c.e.c.Tool.security.RateLimitFilter - Request from IP: 10.235.148.185 | URI: /cards/lists/7/cards | Tokens remaining: 45
2026-08-21 12:29:13 INFO  c.e.c.Tool.security.RateLimitFilter - Request from IP: 10.235.148.185 | URI: /cards/lists/8/cards | Tokens remaining: 44
2026-08-21 12:29:42 INFO  c.e.c.Tool.security.RateLimitFilter - Request from IP: 10.235.148.185 | URI: /boards/5/labels | Tokens remaining: 50
2026-08-21 12:29:42 INFO  c.e.c.Tool.security.RateLimitFilter - Request from IP: 10.235.148.185 | URI: /cards/12/comments | Tokens remaining: 49
2026-08-21 12:29:42 INFO  c.e.c.Tool.security.RateLimitFilter - Request from IP: 10.235.148.185 | URI: /board/5/members | Tokens remaining: 48
2026-08-21 12:31:42 INFO  c.e.c.Tool.security.RateLimitFilter - Request from IP: 10.235.148.185 | URI: /boards/workspace/2 | Tokens remaining: 50
2026-08-21 12:31:42 WARN  c.e.c.Tool.security.JwtFilter - JWT Expired: JWT expired at 2026-08-21T09:23:23Z. Current time: 2026-08-21T09:31:42Z, a difference of 499242 milliseconds.  Allowed clock skew: 0 milliseconds.
2026-08-21 12:31:42 INFO  c.e.c.Tool.security.RateLimitFilter - Request from IP: 10.235.148.185 | URI: /workspace/2 | Tokens remaining: 49
2026-08-21 12:31:42 WARN  c.e.c.Tool.security.JwtFilter - JWT Expired: JWT expired at 2026-08-21T09:23:23Z. Current time: 2026-08-21T09:31:42Z, a difference of 499251 milliseconds.  Allowed clock skew: 0 milliseconds.
2026-08-21 12:31:42 INFO  c.e.c.Tool.security.RateLimitFilter - Request from IP: 10.235.148.185 | URI: /workspace/2 | Tokens remaining: 48
2026-08-21 12:31:42 INFO  c.e.c.Tool.security.RateLimitFilter - Request from IP: 10.235.148.185 | URI: /boards/workspace/2 | Tokens remaining: 48
2026-08-21 12:31:42 INFO  c.e.c.Tool.security.RateLimitFilter - Request from IP: 10.235.148.185 | URI: /user/refresh | Tokens remaining: 46
2026-08-21 12:31:43 INFO  c.e.c.Tool.security.RateLimitFilter - Request from IP: 10.235.148.185 | URI: /workspace/2 | Tokens remaining: 45
2026-08-21 12:31:43 INFO  c.e.c.Tool.security.RateLimitFilter - Request from IP: 10.235.148.185 | URI: /boards/workspace/2 | Tokens remaining: 44
2026-08-21 12:31:43 INFO  c.e.c.Tool.security.RateLimitFilter - Request from IP: 10.235.148.185 | URI: /board/6/members | Tokens remaining: 44
2026-08-21 12:31:43 INFO  c.e.c.Tool.security.RateLimitFilter - Request from IP: 10.235.148.185 | URI: /board/4/members | Tokens remaining: 44
2026-08-21 12:31:43 INFO  c.e.c.Tool.security.RateLimitFilter - Request from IP: 10.235.148.185 | URI: /board/11/members | Tokens remaining: 44
2026-08-21 12:31:43 INFO  c.e.c.Tool.security.RateLimitFilter - Request from IP: 10.235.148.185 | URI: /board/8/members | Tokens remaining: 41
2026-08-21 12:31:43 INFO  c.e.c.Tool.security.RateLimitFilter - Request from IP: 10.235.148.185 | URI: /board/5/members | Tokens remaining: 40
2026-08-21 12:31:43 INFO  c.e.c.Tool.security.RateLimitFilter - Request from IP: 10.235.148.185 | URI: /board/6/members | Tokens remaining: 39
2026-08-21 12:31:43 INFO  c.e.c.Tool.security.RateLimitFilter - Request from IP: 10.235.148.185 | URI: /board/8/members | Tokens remaining: 38
2026-08-21 12:31:43 INFO  c.e.c.Tool.security.RateLimitFilter - Request from IP: 10.235.148.185 | URI: /board/11/members | Tokens remaining: 37
2026-08-21 12:31:43 INFO  c.e.c.Tool.security.RateLimitFilter - Request from IP: 10.235.148.185 | URI: /board/5/members | Tokens remaining: 36
2026-08-21 12:31:43 INFO  c.e.c.Tool.security.RateLimitFilter - Request from IP: 10.235.148.185 | URI: /board/4/members | Tokens remaining: 36
2026-08-21 12:31:43 INFO  c.e.c.Tool.security.RateLimitFilter - Request from IP: 10.235.148.185 | URI: /boards/6/lists | Tokens remaining: 34
2026-08-21 12:31:43 INFO  c.e.c.Tool.security.RateLimitFilter - Request from IP: 10.235.148.185 | URI: /boards/6/lists | Tokens remaining: 33
2026-08-21 12:31:43 INFO  c.e.c.Tool.security.RateLimitFilter - Request from IP: 10.235.148.185 | URI: /board/6/members | Tokens remaining: 32
2026-08-21 12:31:43 INFO  c.e.c.Tool.security.RateLimitFilter - Request from IP: 10.235.148.185 | URI: /board/6/members | Tokens remaining: 31
2026-08-21 12:31:57 INFO  c.e.c.Tool.security.RateLimitFilter - Request from IP: 10.235.148.185 | URI: /board/4/members | Tokens remaining: 41
2026-08-21 12:31:57 INFO  c.e.c.Tool.security.RateLimitFilter - Request from IP: 10.235.148.185 | URI: /boards/4/lists | Tokens remaining: 40
2026-08-21 12:31:57 INFO  c.e.c.Tool.security.RateLimitFilter - Request from IP: 10.235.148.185 | URI: /cards/lists/10/cards | Tokens remaining: 39
2026-08-21 12:31:57 INFO  c.e.c.Tool.security.RateLimitFilter - Request from IP: 10.235.148.185 | URI: /cards/lists/9/cards | Tokens remaining: 39
2026-08-21 12:31:57 INFO  c.e.c.Tool.security.RateLimitFilter - Request from IP: 10.235.148.185 | URI: /cards/lists/11/cards | Tokens remaining: 39
2026-08-21 12:32:39 INFO  c.e.c.Tool.security.RateLimitFilter - Request from IP: 10.235.148.185 | URI: /workspace/2/invite | Tokens remaining: 50
2026-08-21 12:32:40 INFO  c.e.c.T.s.Impl.EmailServiceImpl - Attempting to send email to: nthengeabraham952@gmail.com
2026-08-21 12:32:43 ERROR c.e.c.T.s.Impl.EmailServiceImpl - Email sending failed to: nthengeabraham952@gmail.com — reason: Failed to resolve 'api.brevo.com', couldn't setup transport: [id: 0xd5987a74]
2026-08-21 12:32:43 ERROR c.e.c.T.s.Impl.EmailServiceImpl - Email sending failed to: nthengeabraham952@gmail.com — reason: Failed to resolve 'api.brevo.com', couldn't setup transport: [id: 0xd5987a74]
org.springframework.web.reactive.function.client.WebClientRequestException: Failed to resolve 'api.brevo.com', couldn't setup transport: [id: 0xd5987a74]
	at org.springframework.web.reactive.function.client.ExchangeFunctions$DefaultExchangeFunction.lambda$wrapException$0(ExchangeFunctions.java:137)
	Suppressed: The stacktrace has been enhanced by Reactor, refer to additional information below: 
Error has been observed at the following site(s):
	*__checkpoint ⇢ Request to POST https://api.brevo.com/v3/smtp/email [DefaultWebClient]
Original Stack Trace:
		at org.springframework.web.reactive.function.client.ExchangeFunctions$DefaultExchangeFunction.lambda$wrapException$0(ExchangeFunctions.java:137)
		at reactor.core.publisher.MonoErrorSupplied.subscribe(MonoErrorSupplied.java:56)
		at reactor.core.publisher.Mono.subscribe(Mono.java:4569)
		at reactor.core.publisher.FluxOnErrorResume$ResumeSubscriber.onError(FluxOnErrorResume.java:104)
		at reactor.core.publisher.FluxPeek$PeekSubscriber.onError(FluxPeek.java:225)
		at reactor.core.publisher.FluxPeek$PeekSubscriber.onError(FluxPeek.java:225)
		at reactor.core.publisher.FluxPeek$PeekSubscriber.onError(FluxPeek.java:225)
		at reactor.core.publisher.MonoNext$NextSubscriber.onError(MonoNext.java:94)
		at reactor.core.publisher.MonoFlatMapMany$FlatMapManyMain.onError(MonoFlatMapMany.java:207)
		at reactor.core.publisher.SerializedSubscriber.onError(SerializedSubscriber.java:125)
		at reactor.core.publisher.FluxRetryWhen$RetryWhenMainSubscriber.whenError(FluxRetryWhen.java:230)
		at reactor.core.publisher.FluxRetryWhen$RetryWhenOtherSubscriber.onError(FluxRetryWhen.java:282)
		at reactor.core.publisher.FluxContextWrite$ContextWriteSubscriber.onError(FluxContextWrite.java:123)
		at reactor.core.publisher.FluxConcatMapNoPrefetch$FluxConcatMapNoPrefetchSubscriber.maybeOnError(FluxConcatMapNoPrefetch.java:327)
		at reactor.core.publisher.FluxConcatMapNoPrefetch$FluxConcatMapNoPrefetchSubscriber.onNext(FluxConcatMapNoPrefetch.java:212)
		at reactor.core.publisher.FluxContextWrite$ContextWriteSubscriber.onNext(FluxContextWrite.java:109)
		at reactor.core.publisher.SinkManyEmitterProcessor.drain(SinkManyEmitterProcessor.java:483)
		at reactor.core.publisher.SinkManyEmitterProcessor$EmitterInner.drainParent(SinkManyEmitterProcessor.java:627)
		at reactor.core.publisher.FluxPublish$PubSubInner.request(FluxPublish.java:881)
		at reactor.core.publisher.FluxContextWrite$ContextWriteSubscriber.request(FluxContextWrite.java:138)
		at reactor.core.publisher.FluxConcatMapNoPrefetch$FluxConcatMapNoPrefetchSubscriber.request(FluxConcatMapNoPrefetch.java:337)
		at reactor.core.publisher.FluxContextWrite$ContextWriteSubscriber.request(FluxContextWrite.java:138)
		at reactor.core.publisher.Operators$DeferredSubscription.request(Operators.java:1740)
		at reactor.core.publisher.FluxRetryWhen$RetryWhenMainSubscriber.onError(FluxRetryWhen.java:197)
		at reactor.core.publisher.MonoCreate$DefaultMonoSink.error(MonoCreate.java:208)
		at reactor.netty.http.client.HttpClientConnect$MonoHttpConnect$ClientTransportSubscriber.onError(HttpClientConnect.java:336)
		at reactor.core.publisher.MonoCreate$DefaultMonoSink.error(MonoCreate.java:208)
		at reactor.netty.resources.DefaultPooledConnectionProvider$DisposableAcquire.onError(DefaultPooledConnectionProvider.java:182)
		at reactor.netty.internal.shaded.reactor.pool.AbstractPool$Borrower.fail(AbstractPool.java:478)
		at reactor.netty.internal.shaded.reactor.pool.SimpleDequePool.lambda$drainLoop$9(SimpleDequePool.java:444)
		at reactor.core.publisher.FluxDoOnEach$DoOnEachSubscriber.onError(FluxDoOnEach.java:186)
		at reactor.core.publisher.MonoCreate$DefaultMonoSink.error(MonoCreate.java:208)
		at reactor.netty.resources.DefaultPooledConnectionProvider$PooledConnectionAllocator$PooledConnectionInitializer.onError(DefaultPooledConnectionProvider.java:605)
		at reactor.core.publisher.MonoFlatMap$FlatMapMain.secondError(MonoFlatMap.java:242)
		at reactor.core.publisher.MonoFlatMap$FlatMapInner.onError(MonoFlatMap.java:317)
		at reactor.core.publisher.FluxOnErrorResume$ResumeSubscriber.onError(FluxOnErrorResume.java:107)
		at reactor.core.publisher.Operators.error(Operators.java:198)
		at reactor.core.publisher.MonoError.subscribe(MonoError.java:54)
		at reactor.core.publisher.Mono.subscribe(Mono.java:4569)
		at reactor.core.publisher.FluxOnErrorResume$ResumeSubscriber.onError(FluxOnErrorResume.java:104)
		at reactor.netty.transport.TransportConnector$MonoChannelPromise._subscribe(TransportConnector.java:670)
		at reactor.netty.transport.TransportConnector$MonoChannelPromise.subscribe(TransportConnector.java:575)
		at reactor.core.publisher.InternalMonoOperator.subscribe(InternalMonoOperator.java:75)
		at reactor.core.publisher.MonoFlatMap$FlatMapMain.onNext(MonoFlatMap.java:166)
		at reactor.netty.transport.TransportConnector$MonoChannelPromise._subscribe(TransportConnector.java:666)
		at reactor.netty.transport.TransportConnector$MonoChannelPromise.lambda$subscribe$0(TransportConnector.java:578)
		at io.netty.util.concurrent.AbstractEventExecutor.runTask(AbstractEventExecutor.java:148)
		at io.netty.util.concurrent.AbstractEventExecutor.safeExecute$$$capture(AbstractEventExecutor.java:141)
		at io.netty.util.concurrent.AbstractEventExecutor.safeExecute(AbstractEventExecutor.java)
		at io.netty.util.concurrent.SingleThreadEventExecutor.runAllTasks(SingleThreadEventExecutor.java:535)
		at io.netty.channel.SingleThreadIoEventLoop.run(SingleThreadIoEventLoop.java:201)
		at io.netty.util.concurrent.SingleThreadEventExecutor$5.run(SingleThreadEventExecutor.java:1195)
		at io.netty.util.internal.ThreadExecutorMap$2.run(ThreadExecutorMap.java:74)
		at io.netty.util.concurrent.FastThreadLocalRunnable.run(FastThreadLocalRunnable.java:30)
		at java.base/java.lang.Thread.run(Thread.java:1583)
	Suppressed: java.lang.Exception: #block terminated with an error
		at reactor.core.publisher.BlockingSingleSubscriber.blockingGet(BlockingSingleSubscriber.java:104)
		at reactor.core.publisher.Mono.block(Mono.java:1773)
		at com.eclectics.collaboration.Tool.service.Impl.EmailServiceImpl.sendEmail(EmailServiceImpl.java:277)
		at com.eclectics.collaboration.Tool.service.Impl.EmailServiceImpl.sendInvitationEmail(EmailServiceImpl.java:182)
		at com.eclectics.collaboration.Tool.service.Impl.EmailServiceImpl.inviteUsers(EmailServiceImpl.java:150)
		at java.base/jdk.internal.reflect.DirectMethodHandleAccessor.invoke(DirectMethodHandleAccessor.java:103)
		at java.base/java.lang.reflect.Method.invoke(Method.java:580)
		at org.springframework.aop.support.AopUtils.invokeJoinpointUsingReflection(AopUtils.java:359)
		at org.springframework.aop.framework.ReflectiveMethodInvocation.invokeJoinpoint(ReflectiveMethodInvocation.java:190)
		at org.springframework.aop.framework.ReflectiveMethodInvocation.proceed(ReflectiveMethodInvocation.java:158)
		at org.springframework.transaction.interceptor.TransactionInterceptor$1.proceedWithInvocation(TransactionInterceptor.java:133)
		at org.springframework.transaction.interceptor.TransactionAspectSupport.invokeWithinTransaction(TransactionAspectSupport.java:371)
		at org.springframework.transaction.interceptor.TransactionInterceptor.invoke(TransactionInterceptor.java:130)
		at org.springframework.aop.framework.ReflectiveMethodInvocation.proceed(ReflectiveMethodInvocation.java:179)
		at org.springframework.aop.framework.CglibAopProxy$DynamicAdvisedInterceptor.intercept(CglibAopProxy.java:719)
		at com.eclectics.collaboration.Tool.service.Impl.EmailServiceImpl$$SpringCGLIB$$0.inviteUsers(<generated>)
		at com.eclectics.collaboration.Tool.controller.WorkSpaceController.inviteWorkmates(WorkSpaceController.java:77)
		at java.base/jdk.internal.reflect.DirectMethodHandleAccessor.invoke(DirectMethodHandleAccessor.java:103)
		at java.base/java.lang.reflect.Method.invoke(Method.java:580)
		at org.springframework.web.method.support.InvocableHandlerMethod.doInvoke(InvocableHandlerMethod.java:258)
		at org.springframework.web.method.support.InvocableHandlerMethod.invokeForRequest(InvocableHandlerMethod.java:190)
		at org.springframework.web.servlet.mvc.method.annotation.ServletInvocableHandlerMethod.invokeAndHandle(ServletInvocableHandlerMethod.java:117)
		at org.springframework.web.servlet.mvc.method.annotation.RequestMappingHandlerAdapter.invokeHandlerMethod(RequestMappingHandlerAdapter.java:934)
		at org.springframework.web.servlet.mvc.method.annotation.RequestMappingHandlerAdapter.handleInternal(RequestMappingHandlerAdapter.java:853)
		at org.springframework.web.servlet.mvc.method.AbstractHandlerMethodAdapter.handle(AbstractHandlerMethodAdapter.java:86)
		at org.springframework.web.servlet.DispatcherServlet.doDispatch(DispatcherServlet.java:963)
		at org.springframework.web.servlet.DispatcherServlet.doService(DispatcherServlet.java:866)
		at org.springframework.web.servlet.FrameworkServlet.processRequest(FrameworkServlet.java:1003)
		at org.springframework.web.servlet.FrameworkServlet.doPost(FrameworkServlet.java:903)
		at jakarta.servlet.http.HttpServlet.service(HttpServlet.java:649)
		at org.springframework.web.servlet.FrameworkServlet.service(FrameworkServlet.java:874)
		at jakarta.servlet.http.HttpServlet.service(HttpServlet.java:710)
		at org.apache.catalina.core.ApplicationFilterChain.doFilter(ApplicationFilterChain.java:128)
		at org.apache.tomcat.websocket.server.WsFilter.doFilter(WsFilter.java:53)
		at org.apache.catalina.core.ApplicationFilterChain.doFilter(ApplicationFilterChain.java:107)
		at org.springframework.web.filter.OncePerRequestFilter.doFilter(OncePerRequestFilter.java:110)
		at org.apache.catalina.core.ApplicationFilterChain.doFilter(ApplicationFilterChain.java:107)
		at org.springframework.web.filter.OncePerRequestFilter.doFilter(OncePerRequestFilter.java:110)
		at org.apache.catalina.core.ApplicationFilterChain.doFilter(ApplicationFilterChain.java:107)
		at org.springframework.web.filter.CompositeFilter$VirtualFilterChain.doFilter(CompositeFilter.java:108)
		at org.springframework.security.web.FilterChainProxy.lambda$doFilterInternal$3(FilterChainProxy.java:235)
		at org.springframework.security.web.FilterChainProxy$VirtualFilterChain.doFilter(FilterChainProxy.java:371)
		at org.springframework.security.web.access.intercept.AuthorizationFilter.doFilter(AuthorizationFilter.java:101)
		at org.springframework.security.web.FilterChainProxy$VirtualFilterChain.doFilter(FilterChainProxy.java:380)
		at org.springframework.security.web.access.ExceptionTranslationFilter.doFilter(ExceptionTranslationFilter.java:126)
		at org.springframework.security.web.access.ExceptionTranslationFilter.doFilter(ExceptionTranslationFilter.java:120)
		at org.springframework.security.web.FilterChainProxy$VirtualFilterChain.doFilter(FilterChainProxy.java:380)
		at org.springframework.security.web.session.SessionManagementFilter.doFilter(SessionManagementFilter.java:132)
		at org.springframework.security.web.session.SessionManagementFilter.doFilter(SessionManagementFilter.java:86)
		at org.springframework.security.web.FilterChainProxy$VirtualFilterChain.doFilter(FilterChainProxy.java:380)
		at org.springframework.security.web.authentication.AnonymousAuthenticationFilter.doFilter(AnonymousAuthenticationFilter.java:100)
		at org.springframework.security.web.FilterChainProxy$VirtualFilterChain.doFilter(FilterChainProxy.java:380)
		at org.springframework.security.web.servletapi.SecurityContextHolderAwareRequestFilter.doFilter(SecurityContextHolderAwareRequestFilter.java:181)
		at org.springframework.security.web.FilterChainProxy$VirtualFilterChain.doFilter(FilterChainProxy.java:380)
		at org.springframework.security.web.savedrequest.RequestCacheAwareFilter.doFilter(RequestCacheAwareFilter.java:63)
		at org.springframework.security.web.FilterChainProxy$VirtualFilterChain.doFilter(FilterChainProxy.java:380)
		at com.eclectics.collaboration.Tool.security.JwtFilter.doFilterInternal(JwtFilter.java:85)
		at org.springframework.web.filter.OncePerRequestFilter.doFilter(OncePerRequestFilter.java:116)
		at org.springframework.security.web.FilterChainProxy$VirtualFilterChain.doFilter(FilterChainProxy.java:380)
		at com.eclectics.collaboration.Tool.security.RateLimitFilter.doFilterInternal(RateLimitFilter.java:50)
		at org.springframework.web.filter.OncePerRequestFilter.doFilter(OncePerRequestFilter.java:116)
		at org.springframework.security.web.FilterChainProxy$VirtualFilterChain.doFilter(FilterChainProxy.java:380)
		at org.springframework.security.web.authentication.logout.LogoutFilter.doFilter(LogoutFilter.java:110)
		at org.springframework.security.web.authentication.logout.LogoutFilter.doFilter(LogoutFilter.java:96)
		at org.springframework.security.web.FilterChainProxy$VirtualFilterChain.doFilter(FilterChainProxy.java:380)
		at org.springframework.web.filter.CorsFilter.doFilterInternal(CorsFilter.java:91)
		at org.springframework.web.filter.OncePerRequestFilter.doFilter(OncePerRequestFilter.java:116)
		at org.springframework.security.web.FilterChainProxy$VirtualFilterChain.doFilter(FilterChainProxy.java:380)
		at org.springframework.security.web.header.HeaderWriterFilter.doHeadersAfter(HeaderWriterFilter.java:90)
		at org.springframework.security.web.header.HeaderWriterFilter.doFilterInternal(HeaderWriterFilter.java:75)
		at org.springframework.web.filter.OncePerRequestFilter.doFilter(OncePerRequestFilter.java:116)
		at org.springframework.security.web.FilterChainProxy$VirtualFilterChain.doFilter(FilterChainProxy.java:380)
		at org.springframework.security.web.context.SecurityContextHolderFilter.doFilter(SecurityContextHolderFilter.java:82)
		at org.springframework.security.web.context.SecurityContextHolderFilter.doFilter(SecurityContextHolderFilter.java:69)
		at org.springframework.security.web.FilterChainProxy$VirtualFilterChain.doFilter(FilterChainProxy.java:380)
		at org.springframework.security.web.context.request.async.WebAsyncManagerIntegrationFilter.doFilterInternal(WebAsyncManagerIntegrationFilter.java:62)
		at org.springframework.web.filter.OncePerRequestFilter.doFilter(OncePerRequestFilter.java:116)
		at org.springframework.security.web.FilterChainProxy$VirtualFilterChain.doFilter(FilterChainProxy.java:380)
		at org.springframework.security.web.session.DisableEncodeUrlFilter.doFilterInternal(DisableEncodeUrlFilter.java:42)
		at org.springframework.web.filter.OncePerRequestFilter.doFilter(OncePerRequestFilter.java:116)
		at org.springframework.security.web.FilterChainProxy$VirtualFilterChain.doFilter(FilterChainProxy.java:380)
		at org.springframework.security.web.FilterChainProxy.doFilterInternal(FilterChainProxy.java:237)
		at org.springframework.security.web.FilterChainProxy.doFilter(FilterChainProxy.java:195)
		at org.springframework.web.filter.CompositeFilter$VirtualFilterChain.doFilter(CompositeFilter.java:113)
		at org.springframework.web.filter.ServletRequestPathFilter.doFilter(ServletRequestPathFilter.java:52)
		at org.springframework.web.filter.CompositeFilter$VirtualFilterChain.doFilter(CompositeFilter.java:113)
		at org.springframework.web.filter.CompositeFilter.doFilter(CompositeFilter.java:74)
		at org.springframework.security.config.annotation.web.configuration.WebSecurityConfiguration$CompositeFilterChainProxy.doFilter(WebSecurityConfiguration.java:317)
		at org.springframework.web.filter.DelegatingFilterProxy.invokeDelegate(DelegatingFilterProxy.java:355)
		at org.springframework.web.filter.DelegatingFilterProxy.doFilter(DelegatingFilterProxy.java:272)
		at org.apache.catalina.core.ApplicationFilterChain.doFilter(ApplicationFilterChain.java:107)
		at org.springframework.web.filter.RequestContextFilter.doFilterInternal(RequestContextFilter.java:100)
		at org.springframework.web.filter.OncePerRequestFilter.doFilter(OncePerRequestFilter.java:116)
		at org.apache.catalina.core.ApplicationFilterChain.doFilter(ApplicationFilterChain.java:107)
		at org.springframework.web.filter.FormContentFilter.doFilterInternal(FormContentFilter.java:93)
		at org.springframework.web.filter.OncePerRequestFilter.doFilter(OncePerRequestFilter.java:116)
		at org.apache.catalina.core.ApplicationFilterChain.doFilter(ApplicationFilterChain.java:107)
		at org.springframework.session.web.http.SessionRepositoryFilter.doFilterInternal(SessionRepositoryFilter.java:142)
		at org.springframework.session.web.http.OncePerRequestFilter.doFilter(OncePerRequestFilter.java:82)
		at org.springframework.web.filter.DelegatingFilterProxy.invokeDelegate(DelegatingFilterProxy.java:355)
		at org.springframework.web.filter.DelegatingFilterProxy.doFilter(DelegatingFilterProxy.java:272)
		at org.apache.catalina.core.ApplicationFilterChain.doFilter(ApplicationFilterChain.java:107)
		at org.springframework.web.filter.CharacterEncodingFilter.doFilterInternal(CharacterEncodingFilter.java:199)
		at org.springframework.web.filter.OncePerRequestFilter.doFilter(OncePerRequestFilter.java:116)
		at org.apache.catalina.core.ApplicationFilterChain.doFilter(ApplicationFilterChain.java:107)
		at org.apache.catalina.core.StandardWrapperValve.invoke(StandardWrapperValve.java:165)
		at org.apache.catalina.core.StandardContextValve.invoke(StandardContextValve.java:77)
		at org.apache.catalina.authenticator.AuthenticatorBase.invoke(AuthenticatorBase.java:482)
		at org.apache.catalina.core.StandardHostValve.invoke(StandardHostValve.java:113)
		at org.apache.catalina.valves.ErrorReportValve.invoke(ErrorReportValve.java:83)
		at org.apache.catalina.core.StandardEngineValve.invoke(StandardEngineValve.java:72)
		at org.apache.catalina.connector.CoyoteAdapter.service(CoyoteAdapter.java:341)
		at org.apache.coyote.http11.Http11Processor.service(Http11Processor.java:397)
		at org.apache.coyote.AbstractProcessorLight.process(AbstractProcessorLight.java:63)
		at org.apache.coyote.AbstractProtocol$ConnectionHandler.process(AbstractProtocol.java:903)
		at org.apache.tomcat.util.net.NioEndpoint$SocketProcessor.doRun(NioEndpoint.java:1778)
		at org.apache.tomcat.util.net.SocketProcessorBase.run(SocketProcessorBase.java:52)
		at org.apache.tomcat.util.threads.ThreadPoolExecutor.runWorker(ThreadPoolExecutor.java:946)
		at org.apache.tomcat.util.threads.ThreadPoolExecutor$Worker.run(ThreadPoolExecutor.java:480)
		at org.apache.tomcat.util.threads.TaskThread$WrappingRunnable.run(TaskThread.java:57)
		at java.base/java.lang.Thread.run(Thread.java:1583)
Caused by: java.net.UnknownHostException: Failed to resolve 'api.brevo.com', couldn't setup transport: [id: 0xd5987a74]
	at io.netty.resolver.dns.DnsNameResolver.toException(DnsNameResolver.java:942)
	at io.netty.resolver.dns.DnsNameResolver.doResolveAllNow(DnsNameResolver.java:1188)
	at io.netty.resolver.dns.DnsNameResolver.doResolveAll(DnsNameResolver.java:1169)
	at io.netty.resolver.dns.DnsNameResolver.doResolveAll(DnsNameResolver.java:1134)
	at io.netty.resolver.SimpleNameResolver.resolveAll(SimpleNameResolver.java:79)
	at io.netty.resolver.dns.InflightNameResolver.resolve(InflightNameResolver.java:96)
	at io.netty.resolver.dns.InflightNameResolver.resolveAll(InflightNameResolver.java:71)
	at io.netty.resolver.dns.InflightNameResolver.resolveAll(InflightNameResolver.java:56)
	at io.netty.resolver.InetSocketAddressResolver.doResolveAll(InetSocketAddressResolver.java:73)
	at io.netty.resolver.InetSocketAddressResolver.doResolveAll(InetSocketAddressResolver.java:31)
	at io.netty.resolver.AbstractAddressResolver.resolveAll(AbstractAddressResolver.java:158)
	at reactor.netty.transport.TransportConnector.doResolveAndConnect(TransportConnector.java:337)
	at reactor.netty.transport.TransportConnector.lambda$connect$6(TransportConnector.java:167)
	at reactor.core.publisher.MonoFlatMap$FlatMapMain.onNext(MonoFlatMap.java:133)
	at reactor.netty.transport.TransportConnector$MonoChannelPromise._subscribe(TransportConnector.java:666)
	at reactor.netty.transport.TransportConnector$MonoChannelPromise.lambda$subscribe$0(TransportConnector.java:578)
	at io.netty.util.concurrent.AbstractEventExecutor.runTask(AbstractEventExecutor.java:148)
	at io.netty.util.concurrent.AbstractEventExecutor.safeExecute$$$capture(AbstractEventExecutor.java:141)
	at io.netty.util.concurrent.AbstractEventExecutor.safeExecute(AbstractEventExecutor.java)
	at io.netty.util.concurrent.SingleThreadEventExecutor.runAllTasks(SingleThreadEventExecutor.java:535)
	at io.netty.channel.SingleThreadIoEventLoop.run(SingleThreadIoEventLoop.java:201)
	at io.netty.util.concurrent.SingleThreadEventExecutor$5.run(SingleThreadEventExecutor.java:1195)
	at io.netty.util.internal.ThreadExecutorMap$2.run(ThreadExecutorMap.java:74)
	at io.netty.util.concurrent.FastThreadLocalRunnable.run(FastThreadLocalRunnable.java:30)
	at java.base/java.lang.Thread.run(Thread.java:1583)
Caused by: java.net.BindException: Address already in use: bind
	at java.base/sun.nio.ch.Net.bind0(Native Method)
	at java.base/sun.nio.ch.Net.bind(Net.java:565)
	at java.base/sun.nio.ch.DatagramChannelImpl.bindInternal(DatagramChannelImpl.java:1329)
	at java.base/sun.nio.ch.DatagramChannelImpl.bind(DatagramChannelImpl.java:1299)
	at io.netty.util.internal.SocketUtils$6.run(SocketUtils.java:131)
	at io.netty.util.internal.SocketUtils$6.run(SocketUtils.java:128)
	at java.base/java.security.AccessController.doPrivileged(AccessController.java:571)
	at io.netty.util.internal.SocketUtils.bind(SocketUtils.java:128)
	at io.netty.channel.socket.nio.NioDatagramChannel.doBind0(NioDatagramChannel.java:215)
	at io.netty.channel.socket.nio.NioDatagramChannel.doBind(NioDatagramChannel.java:211)
	at io.netty.channel.AbstractChannel$AbstractUnsafe.bind(AbstractChannel.java:434)
	at io.netty.channel.DefaultChannelPipeline$HeadContext.bind(DefaultChannelPipeline.java:1353)
	at io.netty.channel.AbstractChannelHandlerContext.invokeBind(AbstractChannelHandlerContext.java:492)
	at io.netty.channel.AbstractChannelHandlerContext.bind(AbstractChannelHandlerContext.java:471)
	at io.netty.channel.DefaultChannelPipeline.bind(DefaultChannelPipeline.java:994)
	at io.netty.channel.Channel.bind(Channel.java:302)
	at io.netty.bootstrap.AbstractBootstrap$2.run(AbstractBootstrap.java:384)
	... 9 common frames omitted
2026-08-21 12:32:43 ERROR c.e.c.T.e.CollaborationExceptionHandler - Unexpected error occurred: Failed to send email to: nthengeabraham952@gmail.com
java.lang.RuntimeException: Failed to send email to: nthengeabraham952@gmail.com
	at com.eclectics.collaboration.Tool.service.Impl.EmailServiceImpl.sendEmail(EmailServiceImpl.java:280)
	at com.eclectics.collaboration.Tool.service.Impl.EmailServiceImpl.sendInvitationEmail(EmailServiceImpl.java:182)
	at com.eclectics.collaboration.Tool.service.Impl.EmailServiceImpl.inviteUsers(EmailServiceImpl.java:150)
	at java.base/jdk.internal.reflect.DirectMethodHandleAccessor.invoke(DirectMethodHandleAccessor.java:103)
	at java.base/java.lang.reflect.Method.invoke(Method.java:580)
	at org.springframework.aop.support.AopUtils.invokeJoinpointUsingReflection(AopUtils.java:359)
	at org.springframework.aop.framework.ReflectiveMethodInvocation.invokeJoinpoint(ReflectiveMethodInvocation.java:190)
	at org.springframework.aop.framework.ReflectiveMethodInvocation.proceed(ReflectiveMethodInvocation.java:158)
	at org.springframework.transaction.interceptor.TransactionInterceptor$1.proceedWithInvocation(TransactionInterceptor.java:133)
	at org.springframework.transaction.interceptor.TransactionAspectSupport.invokeWithinTransaction(TransactionAspectSupport.java:371)
	at org.springframework.transaction.interceptor.TransactionInterceptor.invoke(TransactionInterceptor.java:130)
	at org.springframework.aop.framework.ReflectiveMethodInvocation.proceed(ReflectiveMethodInvocation.java:179)
	at org.springframework.aop.framework.CglibAopProxy$DynamicAdvisedInterceptor.intercept(CglibAopProxy.java:719)
	at com.eclectics.collaboration.Tool.service.Impl.EmailServiceImpl$$SpringCGLIB$$0.inviteUsers(<generated>)
	at com.eclectics.collaboration.Tool.controller.WorkSpaceController.inviteWorkmates(WorkSpaceController.java:77)
	at java.base/jdk.internal.reflect.DirectMethodHandleAccessor.invoke(DirectMethodHandleAccessor.java:103)
	at java.base/java.lang.reflect.Method.invoke(Method.java:580)
	at org.springframework.web.method.support.InvocableHandlerMethod.doInvoke(InvocableHandlerMethod.java:258)
	at org.springframework.web.method.support.InvocableHandlerMethod.invokeForRequest(InvocableHandlerMethod.java:190)
	at org.springframework.web.servlet.mvc.method.annotation.ServletInvocableHandlerMethod.invokeAndHandle(ServletInvocableHandlerMethod.java:117)
	at org.springframework.web.servlet.mvc.method.annotation.RequestMappingHandlerAdapter.invokeHandlerMethod(RequestMappingHandlerAdapter.java:934)
	at org.springframework.web.servlet.mvc.method.annotation.RequestMappingHandlerAdapter.handleInternal(RequestMappingHandlerAdapter.java:853)
	at org.springframework.web.servlet.mvc.method.AbstractHandlerMethodAdapter.handle(AbstractHandlerMethodAdapter.java:86)
	at org.springframework.web.servlet.DispatcherServlet.doDispatch(DispatcherServlet.java:963)
	at org.springframework.web.servlet.DispatcherServlet.doService(DispatcherServlet.java:866)
	at org.springframework.web.servlet.FrameworkServlet.processRequest(FrameworkServlet.java:1003)
	at org.springframework.web.servlet.FrameworkServlet.doPost(FrameworkServlet.java:903)
	at jakarta.servlet.http.HttpServlet.service(HttpServlet.java:649)
	at org.springframework.web.servlet.FrameworkServlet.service(FrameworkServlet.java:874)
	at jakarta.servlet.http.HttpServlet.service(HttpServlet.java:710)
	at org.apache.catalina.core.ApplicationFilterChain.doFilter(ApplicationFilterChain.java:128)
	at org.apache.tomcat.websocket.server.WsFilter.doFilter(WsFilter.java:53)
	at org.apache.catalina.core.ApplicationFilterChain.doFilter(ApplicationFilterChain.java:107)
	at org.springframework.web.filter.OncePerRequestFilter.doFilter(OncePerRequestFilter.java:110)
	at org.apache.catalina.core.ApplicationFilterChain.doFilter(ApplicationFilterChain.java:107)
	at org.springframework.web.filter.OncePerRequestFilter.doFilter(OncePerRequestFilter.java:110)
	at org.apache.catalina.core.ApplicationFilterChain.doFilter(ApplicationFilterChain.java:107)
	at org.springframework.web.filter.CompositeFilter$VirtualFilterChain.doFilter(CompositeFilter.java:108)
	at org.springframework.security.web.FilterChainProxy.lambda$doFilterInternal$3(FilterChainProxy.java:235)
	at org.springframework.security.web.FilterChainProxy$VirtualFilterChain.doFilter(FilterChainProxy.java:371)
	at org.springframework.security.web.access.intercept.AuthorizationFilter.doFilter(AuthorizationFilter.java:101)
	at org.springframework.security.web.FilterChainProxy$VirtualFilterChain.doFilter(FilterChainProxy.java:380)
	at org.springframework.security.web.access.ExceptionTranslationFilter.doFilter(ExceptionTranslationFilter.java:126)
	at org.springframework.security.web.access.ExceptionTranslationFilter.doFilter(ExceptionTranslationFilter.java:120)
	at org.springframework.security.web.FilterChainProxy$VirtualFilterChain.doFilter(FilterChainProxy.java:380)
	at org.springframework.security.web.session.SessionManagementFilter.doFilter(SessionManagementFilter.java:132)
	at org.springframework.security.web.session.SessionManagementFilter.doFilter(SessionManagementFilter.java:86)
	at org.springframework.security.web.FilterChainProxy$VirtualFilterChain.doFilter(FilterChainProxy.java:380)
	at org.springframework.security.web.authentication.AnonymousAuthenticationFilter.doFilter(AnonymousAuthenticationFilter.java:100)
	at org.springframework.security.web.FilterChainProxy$VirtualFilterChain.doFilter(FilterChainProxy.java:380)
	at org.springframework.security.web.servletapi.SecurityContextHolderAwareRequestFilter.doFilter(SecurityContextHolderAwareRequestFilter.java:181)
	at org.springframework.security.web.FilterChainProxy$VirtualFilterChain.doFilter(FilterChainProxy.java:380)
	at org.springframework.security.web.savedrequest.RequestCacheAwareFilter.doFilter(RequestCacheAwareFilter.java:63)
	at org.springframework.security.web.FilterChainProxy$VirtualFilterChain.doFilter(FilterChainProxy.java:380)
	at com.eclectics.collaboration.Tool.security.JwtFilter.doFilterInternal(JwtFilter.java:85)
	at org.springframework.web.filter.OncePerRequestFilter.doFilter(OncePerRequestFilter.java:116)
	at org.springframework.security.web.FilterChainProxy$VirtualFilterChain.doFilter(FilterChainProxy.java:380)
	at com.eclectics.collaboration.Tool.security.RateLimitFilter.doFilterInternal(RateLimitFilter.java:50)
	at org.springframework.web.filter.OncePerRequestFilter.doFilter(OncePerRequestFilter.java:116)
	at org.springframework.security.web.FilterChainProxy$VirtualFilterChain.doFilter(FilterChainProxy.java:380)
	at org.springframework.security.web.authentication.logout.LogoutFilter.doFilter(LogoutFilter.java:110)
	at org.springframework.security.web.authentication.logout.LogoutFilter.doFilter(LogoutFilter.java:96)
	at org.springframework.security.web.FilterChainProxy$VirtualFilterChain.doFilter(FilterChainProxy.java:380)
	at org.springframework.web.filter.CorsFilter.doFilterInternal(CorsFilter.java:91)
	at org.springframework.web.filter.OncePerRequestFilter.doFilter(OncePerRequestFilter.java:116)
	at org.springframework.security.web.FilterChainProxy$VirtualFilterChain.doFilter(FilterChainProxy.java:380)
	at org.springframework.security.web.header.HeaderWriterFilter.doHeadersAfter(HeaderWriterFilter.java:90)
	at org.springframework.security.web.header.HeaderWriterFilter.doFilterInternal(HeaderWriterFilter.java:75)
	at org.springframework.web.filter.OncePerRequestFilter.doFilter(OncePerRequestFilter.java:116)
	at org.springframework.security.web.FilterChainProxy$VirtualFilterChain.doFilter(FilterChainProxy.java:380)
	at org.springframework.security.web.context.SecurityContextHolderFilter.doFilter(SecurityContextHolderFilter.java:82)
	at org.springframework.security.web.context.SecurityContextHolderFilter.doFilter(SecurityContextHolderFilter.java:69)
	at org.springframework.security.web.FilterChainProxy$VirtualFilterChain.doFilter(FilterChainProxy.java:380)
	at org.springframework.security.web.context.request.async.WebAsyncManagerIntegrationFilter.doFilterInternal(WebAsyncManagerIntegrationFilter.java:62)
	at org.springframework.web.filter.OncePerRequestFilter.doFilter(OncePerRequestFilter.java:116)
	at org.springframework.security.web.FilterChainProxy$VirtualFilterChain.doFilter(FilterChainProxy.java:380)
	at org.springframework.security.web.session.DisableEncodeUrlFilter.doFilterInternal(DisableEncodeUrlFilter.java:42)
	at org.springframework.web.filter.OncePerRequestFilter.doFilter(OncePerRequestFilter.java:116)
	at org.springframework.security.web.FilterChainProxy$VirtualFilterChain.doFilter(FilterChainProxy.java:380)
	at org.springframework.security.web.FilterChainProxy.doFilterInternal(FilterChainProxy.java:237)
	at org.springframework.security.web.FilterChainProxy.doFilter(FilterChainProxy.java:195)
	at org.springframework.web.filter.CompositeFilter$VirtualFilterChain.doFilter(CompositeFilter.java:113)
	at org.springframework.web.filter.ServletRequestPathFilter.doFilter(ServletRequestPathFilter.java:52)
	at org.springframework.web.filter.CompositeFilter$VirtualFilterChain.doFilter(CompositeFilter.java:113)
	at org.springframework.web.filter.CompositeFilter.doFilter(CompositeFilter.java:74)
	at org.springframework.security.config.annotation.web.configuration.WebSecurityConfiguration$CompositeFilterChainProxy.doFilter(WebSecurityConfiguration.java:317)
	at org.springframework.web.filter.DelegatingFilterProxy.invokeDelegate(DelegatingFilterProxy.java:355)
	at org.springframework.web.filter.DelegatingFilterProxy.doFilter(DelegatingFilterProxy.java:272)
	at org.apache.catalina.core.ApplicationFilterChain.doFilter(ApplicationFilterChain.java:107)
	at org.springframework.web.filter.RequestContextFilter.doFilterInternal(RequestContextFilter.java:100)
	at org.springframework.web.filter.OncePerRequestFilter.doFilter(OncePerRequestFilter.java:116)
	at org.apache.catalina.core.ApplicationFilterChain.doFilter(ApplicationFilterChain.java:107)
	at org.springframework.web.filter.FormContentFilter.doFilterInternal(FormContentFilter.java:93)
	at org.springframework.web.filter.OncePerRequestFilter.doFilter(OncePerRequestFilter.java:116)
	at org.apache.catalina.core.ApplicationFilterChain.doFilter(ApplicationFilterChain.java:107)
	at org.springframework.session.web.http.SessionRepositoryFilter.doFilterInternal(SessionRepositoryFilter.java:142)
	at org.springframework.session.web.http.OncePerRequestFilter.doFilter(OncePerRequestFilter.java:82)
	at org.springframework.web.filter.DelegatingFilterProxy.invokeDelegate(DelegatingFilterProxy.java:355)
	at org.springframework.web.filter.DelegatingFilterProxy.doFilter(DelegatingFilterProxy.java:272)
	at org.apache.catalina.core.ApplicationFilterChain.doFilter(ApplicationFilterChain.java:107)
	at org.springframework.web.filter.CharacterEncodingFilter.doFilterInternal(CharacterEncodingFilter.java:199)
	at org.springframework.web.filter.OncePerRequestFilter.doFilter(OncePerRequestFilter.java:116)
	at org.apache.catalina.core.ApplicationFilterChain.doFilter(ApplicationFilterChain.java:107)
	at org.apache.catalina.core.StandardWrapperValve.invoke(StandardWrapperValve.java:165)
	at org.apache.catalina.core.StandardContextValve.invoke(StandardContextValve.java:77)
	at org.apache.catalina.authenticator.AuthenticatorBase.invoke(AuthenticatorBase.java:482)
	at org.apache.catalina.core.StandardHostValve.invoke(StandardHostValve.java:113)
	at org.apache.catalina.valves.ErrorReportValve.invoke(ErrorReportValve.java:83)
	at org.apache.catalina.core.StandardEngineValve.invoke(StandardEngineValve.java:72)
	at org.apache.catalina.connector.CoyoteAdapter.service(CoyoteAdapter.java:341)
	at org.apache.coyote.http11.Http11Processor.service(Http11Processor.java:397)
	at org.apache.coyote.AbstractProcessorLight.process(AbstractProcessorLight.java:63)
	at org.apache.coyote.AbstractProtocol$ConnectionHandler.process(AbstractProtocol.java:903)
	at org.apache.tomcat.util.net.NioEndpoint$SocketProcessor.doRun(NioEndpoint.java:1778)
	at org.apache.tomcat.util.net.SocketProcessorBase.run(SocketProcessorBase.java:52)
	at org.apache.tomcat.util.threads.ThreadPoolExecutor.runWorker(ThreadPoolExecutor.java:946)
	at org.apache.tomcat.util.threads.ThreadPoolExecutor$Worker.run(ThreadPoolExecutor.java:480)
	at org.apache.tomcat.util.threads.TaskThread$WrappingRunnable.run(TaskThread.java:57)
	at java.base/java.lang.Thread.run(Thread.java:1583)
Caused by: org.springframework.web.reactive.function.client.WebClientRequestException: Failed to resolve 'api.brevo.com', couldn't setup transport: [id: 0xd5987a74]
	at org.springframework.web.reactive.function.client.ExchangeFunctions$DefaultExchangeFunction.lambda$wrapException$0(ExchangeFunctions.java:137)
	Suppressed: The stacktrace has been enhanced by Reactor, refer to additional information below: 
Error has been observed at the following site(s):
	*__checkpoint ⇢ Request to POST https://api.brevo.com/v3/smtp/email [DefaultWebClient]
Original Stack Trace:
		at org.springframework.web.reactive.function.client.ExchangeFunctions$DefaultExchangeFunction.lambda$wrapException$0(ExchangeFunctions.java:137)
		at reactor.core.publisher.MonoErrorSupplied.subscribe(MonoErrorSupplied.java:56)
		at reactor.core.publisher.Mono.subscribe(Mono.java:4569)
		at reactor.core.publisher.FluxOnErrorResume$ResumeSubscriber.onError(FluxOnErrorResume.java:104)
		at reactor.core.publisher.FluxPeek$PeekSubscriber.onError(FluxPeek.java:225)
		at reactor.core.publisher.FluxPeek$PeekSubscriber.onError(FluxPeek.java:225)
		at reactor.core.publisher.FluxPeek$PeekSubscriber.onError(FluxPeek.java:225)
		at reactor.core.publisher.MonoNext$NextSubscriber.onError(MonoNext.java:94)
		at reactor.core.publisher.MonoFlatMapMany$FlatMapManyMain.onError(MonoFlatMapMany.java:207)
		at reactor.core.publisher.SerializedSubscriber.onError(SerializedSubscriber.java:125)
		at reactor.core.publisher.FluxRetryWhen$RetryWhenMainSubscriber.whenError(FluxRetryWhen.java:230)
		at reactor.core.publisher.FluxRetryWhen$RetryWhenOtherSubscriber.onError(FluxRetryWhen.java:282)
		at reactor.core.publisher.FluxContextWrite$ContextWriteSubscriber.onError(FluxContextWrite.java:123)
		at reactor.core.publisher.FluxConcatMapNoPrefetch$FluxConcatMapNoPrefetchSubscriber.maybeOnError(FluxConcatMapNoPrefetch.java:327)
		at reactor.core.publisher.FluxConcatMapNoPrefetch$FluxConcatMapNoPrefetchSubscriber.onNext(FluxConcatMapNoPrefetch.java:212)
		at reactor.core.publisher.FluxContextWrite$ContextWriteSubscriber.onNext(FluxContextWrite.java:109)
		at reactor.core.publisher.SinkManyEmitterProcessor.drain(SinkManyEmitterProcessor.java:483)
		at reactor.core.publisher.SinkManyEmitterProcessor$EmitterInner.drainParent(SinkManyEmitterProcessor.java:627)
		at reactor.core.publisher.FluxPublish$PubSubInner.request(FluxPublish.java:881)
		at reactor.core.publisher.FluxContextWrite$ContextWriteSubscriber.request(FluxContextWrite.java:138)
		at reactor.core.publisher.FluxConcatMapNoPrefetch$FluxConcatMapNoPrefetchSubscriber.request(FluxConcatMapNoPrefetch.java:337)
		at reactor.core.publisher.FluxContextWrite$ContextWriteSubscriber.request(FluxContextWrite.java:138)
		at reactor.core.publisher.Operators$DeferredSubscription.request(Operators.java:1740)
		at reactor.core.publisher.FluxRetryWhen$RetryWhenMainSubscriber.onError(FluxRetryWhen.java:197)
		at reactor.core.publisher.MonoCreate$DefaultMonoSink.error(MonoCreate.java:208)
		at reactor.netty.http.client.HttpClientConnect$MonoHttpConnect$ClientTransportSubscriber.onError(HttpClientConnect.java:336)
		at reactor.core.publisher.MonoCreate$DefaultMonoSink.error(MonoCreate.java:208)
		at reactor.netty.resources.DefaultPooledConnectionProvider$DisposableAcquire.onError(DefaultPooledConnectionProvider.java:182)
		at reactor.netty.internal.shaded.reactor.pool.AbstractPool$Borrower.fail(AbstractPool.java:478)
		at reactor.netty.internal.shaded.reactor.pool.SimpleDequePool.lambda$drainLoop$9(SimpleDequePool.java:444)
		at reactor.core.publisher.FluxDoOnEach$DoOnEachSubscriber.onError(FluxDoOnEach.java:186)
		at reactor.core.publisher.MonoCreate$DefaultMonoSink.error(MonoCreate.java:208)
		at reactor.netty.resources.DefaultPooledConnectionProvider$PooledConnectionAllocator$PooledConnectionInitializer.onError(DefaultPooledConnectionProvider.java:605)
		at reactor.core.publisher.MonoFlatMap$FlatMapMain.secondError(MonoFlatMap.java:242)
		at reactor.core.publisher.MonoFlatMap$FlatMapInner.onError(MonoFlatMap.java:317)
		at reactor.core.publisher.FluxOnErrorResume$ResumeSubscriber.onError(FluxOnErrorResume.java:107)
		at reactor.core.publisher.Operators.error(Operators.java:198)
		at reactor.core.publisher.MonoError.subscribe(MonoError.java:54)
		at reactor.core.publisher.Mono.subscribe(Mono.java:4569)
		at reactor.core.publisher.FluxOnErrorResume$ResumeSubscriber.onError(FluxOnErrorResume.java:104)
		at reactor.netty.transport.TransportConnector$MonoChannelPromise._subscribe(TransportConnector.java:670)
		at reactor.netty.transport.TransportConnector$MonoChannelPromise.subscribe(TransportConnector.java:575)
		at reactor.core.publisher.InternalMonoOperator.subscribe(InternalMonoOperator.java:75)
		at reactor.core.publisher.MonoFlatMap$FlatMapMain.onNext(MonoFlatMap.java:166)
		at reactor.netty.transport.TransportConnector$MonoChannelPromise._subscribe(TransportConnector.java:666)
		at reactor.netty.transport.TransportConnector$MonoChannelPromise.lambda$subscribe$0(TransportConnector.java:578)
		at io.netty.util.concurrent.AbstractEventExecutor.runTask(AbstractEventExecutor.java:148)
		at io.netty.util.concurrent.AbstractEventExecutor.safeExecute$$$capture(AbstractEventExecutor.java:141)
		at io.netty.util.concurrent.AbstractEventExecutor.safeExecute(AbstractEventExecutor.java)
		at io.netty.util.concurrent.SingleThreadEventExecutor.runAllTasks(SingleThreadEventExecutor.java:535)
		at io.netty.channel.SingleThreadIoEventLoop.run(SingleThreadIoEventLoop.java:201)
		at io.netty.util.concurrent.SingleThreadEventExecutor$5.run(SingleThreadEventExecutor.java:1195)
		at io.netty.util.internal.ThreadExecutorMap$2.run(ThreadExecutorMap.java:74)
		at io.netty.util.concurrent.FastThreadLocalRunnable.run(FastThreadLocalRunnable.java:30)
		at java.base/java.lang.Thread.run(Thread.java:1583)
	Suppressed: java.lang.Exception: #block terminated with an error
		at reactor.core.publisher.BlockingSingleSubscriber.blockingGet(BlockingSingleSubscriber.java:104)
		at reactor.core.publisher.Mono.block(Mono.java:1773)
		at com.eclectics.collaboration.Tool.service.Impl.EmailServiceImpl.sendEmail(EmailServiceImpl.java:277)
		at com.eclectics.collaboration.Tool.service.Impl.EmailServiceImpl.sendInvitationEmail(EmailServiceImpl.java:182)
		at com.eclectics.collaboration.Tool.service.Impl.EmailServiceImpl.inviteUsers(EmailServiceImpl.java:150)
		at java.base/jdk.internal.reflect.DirectMethodHandleAccessor.invoke(DirectMethodHandleAccessor.java:103)
		at java.base/java.lang.reflect.Method.invoke(Method.java:580)
		at org.springframework.aop.support.AopUtils.invokeJoinpointUsingReflection(AopUtils.java:359)
		at org.springframework.aop.framework.ReflectiveMethodInvocation.invokeJoinpoint(ReflectiveMethodInvocation.java:190)
		at org.springframework.aop.framework.ReflectiveMethodInvocation.proceed(ReflectiveMethodInvocation.java:158)
		at org.springframework.transaction.interceptor.TransactionInterceptor$1.proceedWithInvocation(TransactionInterceptor.java:133)
		at org.springframework.transaction.interceptor.TransactionAspectSupport.invokeWithinTransaction(TransactionAspectSupport.java:371)
		at org.springframework.transaction.interceptor.TransactionInterceptor.invoke(TransactionInterceptor.java:130)
		at org.springframework.aop.framework.ReflectiveMethodInvocation.proceed(ReflectiveMethodInvocation.java:179)
		at org.springframework.aop.framework.CglibAopProxy$DynamicAdvisedInterceptor.intercept(CglibAopProxy.java:719)
		at com.eclectics.collaboration.Tool.service.Impl.EmailServiceImpl$$SpringCGLIB$$0.inviteUsers(<generated>)
		at com.eclectics.collaboration.Tool.controller.WorkSpaceController.inviteWorkmates(WorkSpaceController.java:77)
		at java.base/jdk.internal.reflect.DirectMethodHandleAccessor.invoke(DirectMethodHandleAccessor.java:103)
		at java.base/java.lang.reflect.Method.invoke(Method.java:580)
		at org.springframework.web.method.support.InvocableHandlerMethod.doInvoke(InvocableHandlerMethod.java:258)
		at org.springframework.web.method.support.InvocableHandlerMethod.invokeForRequest(InvocableHandlerMethod.java:190)
		at org.springframework.web.servlet.mvc.method.annotation.ServletInvocableHandlerMethod.invokeAndHandle(ServletInvocableHandlerMethod.java:117)
		at org.springframework.web.servlet.mvc.method.annotation.RequestMappingHandlerAdapter.invokeHandlerMethod(RequestMappingHandlerAdapter.java:934)
		at org.springframework.web.servlet.mvc.method.annotation.RequestMappingHandlerAdapter.handleInternal(RequestMappingHandlerAdapter.java:853)
		at org.springframework.web.servlet.mvc.method.AbstractHandlerMethodAdapter.handle(AbstractHandlerMethodAdapter.java:86)
		at org.springframework.web.servlet.DispatcherServlet.doDispatch(DispatcherServlet.java:963)
		at org.springframework.web.servlet.DispatcherServlet.doService(DispatcherServlet.java:866)
		at org.springframework.web.servlet.FrameworkServlet.processRequest(FrameworkServlet.java:1003)
		at org.springframework.web.servlet.FrameworkServlet.doPost(FrameworkServlet.java:903)
		at jakarta.servlet.http.HttpServlet.service(HttpServlet.java:649)
		at org.springframework.web.servlet.FrameworkServlet.service(FrameworkServlet.java:874)
		at jakarta.servlet.http.HttpServlet.service(HttpServlet.java:710)
		at org.apache.catalina.core.ApplicationFilterChain.doFilter(ApplicationFilterChain.java:128)
		at org.apache.tomcat.websocket.server.WsFilter.doFilter(WsFilter.java:53)
		at org.apache.catalina.core.ApplicationFilterChain.doFilter(ApplicationFilterChain.java:107)
		at org.springframework.web.filter.OncePerRequestFilter.doFilter(OncePerRequestFilter.java:110)
		at org.apache.catalina.core.ApplicationFilterChain.doFilter(ApplicationFilterChain.java:107)
		at org.springframework.web.filter.OncePerRequestFilter.doFilter(OncePerRequestFilter.java:110)
		at org.apache.catalina.core.ApplicationFilterChain.doFilter(ApplicationFilterChain.java:107)
		at org.springframework.web.filter.CompositeFilter$VirtualFilterChain.doFilter(CompositeFilter.java:108)
		at org.springframework.security.web.FilterChainProxy.lambda$doFilterInternal$3(FilterChainProxy.java:235)
		at org.springframework.security.web.FilterChainProxy$VirtualFilterChain.doFilter(FilterChainProxy.java:371)
		at org.springframework.security.web.access.intercept.AuthorizationFilter.doFilter(AuthorizationFilter.java:101)
		at org.springframework.security.web.FilterChainProxy$VirtualFilterChain.doFilter(FilterChainProxy.java:380)
		at org.springframework.security.web.access.ExceptionTranslationFilter.doFilter(ExceptionTranslationFilter.java:126)
		at org.springframework.security.web.access.ExceptionTranslationFilter.doFilter(ExceptionTranslationFilter.java:120)
		at org.springframework.security.web.FilterChainProxy$VirtualFilterChain.doFilter(FilterChainProxy.java:380)
		at org.springframework.security.web.session.SessionManagementFilter.doFilter(SessionManagementFilter.java:132)
		at org.springframework.security.web.session.SessionManagementFilter.doFilter(SessionManagementFilter.java:86)
		at org.springframework.security.web.FilterChainProxy$VirtualFilterChain.doFilter(FilterChainProxy.java:380)
		at org.springframework.security.web.authentication.AnonymousAuthenticationFilter.doFilter(AnonymousAuthenticationFilter.java:100)
		at org.springframework.security.web.FilterChainProxy$VirtualFilterChain.doFilter(FilterChainProxy.java:380)
		at org.springframework.security.web.servletapi.SecurityContextHolderAwareRequestFilter.doFilter(SecurityContextHolderAwareRequestFilter.java:181)
		at org.springframework.security.web.FilterChainProxy$VirtualFilterChain.doFilter(FilterChainProxy.java:380)
		at org.springframework.security.web.savedrequest.RequestCacheAwareFilter.doFilter(RequestCacheAwareFilter.java:63)
		at org.springframework.security.web.FilterChainProxy$VirtualFilterChain.doFilter(FilterChainProxy.java:380)
		at com.eclectics.collaboration.Tool.security.JwtFilter.doFilterInternal(JwtFilter.java:85)
		at org.springframework.web.filter.OncePerRequestFilter.doFilter(OncePerRequestFilter.java:116)
		at org.springframework.security.web.FilterChainProxy$VirtualFilterChain.doFilter(FilterChainProxy.java:380)
		at com.eclectics.collaboration.Tool.security.RateLimitFilter.doFilterInternal(RateLimitFilter.java:50)
		at org.springframework.web.filter.OncePerRequestFilter.doFilter(OncePerRequestFilter.java:116)
		at org.springframework.security.web.FilterChainProxy$VirtualFilterChain.doFilter(FilterChainProxy.java:380)
		at org.springframework.security.web.authentication.logout.LogoutFilter.doFilter(LogoutFilter.java:110)
		at org.springframework.security.web.authentication.logout.LogoutFilter.doFilter(LogoutFilter.java:96)
		at org.springframework.security.web.FilterChainProxy$VirtualFilterChain.doFilter(FilterChainProxy.java:380)
		at org.springframework.web.filter.CorsFilter.doFilterInternal(CorsFilter.java:91)
		at org.springframework.web.filter.OncePerRequestFilter.doFilter(OncePerRequestFilter.java:116)
		at org.springframework.security.web.FilterChainProxy$VirtualFilterChain.doFilter(FilterChainProxy.java:380)
		at org.springframework.security.web.header.HeaderWriterFilter.doHeadersAfter(HeaderWriterFilter.java:90)
		at org.springframework.security.web.header.HeaderWriterFilter.doFilterInternal(HeaderWriterFilter.java:75)
		at org.springframework.web.filter.OncePerRequestFilter.doFilter(OncePerRequestFilter.java:116)
		at org.springframework.security.web.FilterChainProxy$VirtualFilterChain.doFilter(FilterChainProxy.java:380)
		at org.springframework.security.web.context.SecurityContextHolderFilter.doFilter(SecurityContextHolderFilter.java:82)
		at org.springframework.security.web.context.SecurityContextHolderFilter.doFilter(SecurityContextHolderFilter.java:69)
		at org.springframework.security.web.FilterChainProxy$VirtualFilterChain.doFilter(FilterChainProxy.java:380)
		at org.springframework.security.web.context.request.async.WebAsyncManagerIntegrationFilter.doFilterInternal(WebAsyncManagerIntegrationFilter.java:62)
		at org.springframework.web.filter.OncePerRequestFilter.doFilter(OncePerRequestFilter.java:116)
		at org.springframework.security.web.FilterChainProxy$VirtualFilterChain.doFilter(FilterChainProxy.java:380)
		at org.springframework.security.web.session.DisableEncodeUrlFilter.doFilterInternal(DisableEncodeUrlFilter.java:42)
		at org.springframework.web.filter.OncePerRequestFilter.doFilter(OncePerRequestFilter.java:116)
		at org.springframework.security.web.FilterChainProxy$VirtualFilterChain.doFilter(FilterChainProxy.java:380)
		at org.springframework.security.web.FilterChainProxy.doFilterInternal(FilterChainProxy.java:237)
		at org.springframework.security.web.FilterChainProxy.doFilter(FilterChainProxy.java:195)
		at org.springframework.web.filter.CompositeFilter$VirtualFilterChain.doFilter(CompositeFilter.java:113)
		at org.springframework.web.filter.ServletRequestPathFilter.doFilter(ServletRequestPathFilter.java:52)
		at org.springframework.web.filter.CompositeFilter$VirtualFilterChain.doFilter(CompositeFilter.java:113)
		at org.springframework.web.filter.CompositeFilter.doFilter(CompositeFilter.java:74)
		at org.springframework.security.config.annotation.web.configuration.WebSecurityConfiguration$CompositeFilterChainProxy.doFilter(WebSecurityConfiguration.java:317)
		at org.springframework.web.filter.DelegatingFilterProxy.invokeDelegate(DelegatingFilterProxy.java:355)
		at org.springframework.web.filter.DelegatingFilterProxy.doFilter(DelegatingFilterProxy.java:272)
		at org.apache.catalina.core.ApplicationFilterChain.doFilter(ApplicationFilterChain.java:107)
		at org.springframework.web.filter.RequestContextFilter.doFilterInternal(RequestContextFilter.java:100)
		at org.springframework.web.filter.OncePerRequestFilter.doFilter(OncePerRequestFilter.java:116)
		at org.apache.catalina.core.ApplicationFilterChain.doFilter(ApplicationFilterChain.java:107)
		at org.springframework.web.filter.FormContentFilter.doFilterInternal(FormContentFilter.java:93)
		at org.springframework.web.filter.OncePerRequestFilter.doFilter(OncePerRequestFilter.java:116)
		at org.apache.catalina.core.ApplicationFilterChain.doFilter(ApplicationFilterChain.java:107)
		at org.springframework.session.web.http.SessionRepositoryFilter.doFilterInternal(SessionRepositoryFilter.java:142)
		at org.springframework.session.web.http.OncePerRequestFilter.doFilter(OncePerRequestFilter.java:82)
		at org.springframework.web.filter.DelegatingFilterProxy.invokeDelegate(DelegatingFilterProxy.java:355)
		at org.springframework.web.filter.DelegatingFilterProxy.doFilter(DelegatingFilterProxy.java:272)
		at org.apache.catalina.core.ApplicationFilterChain.doFilter(ApplicationFilterChain.java:107)
		at org.springframework.web.filter.CharacterEncodingFilter.doFilterInternal(CharacterEncodingFilter.java:199)
		at org.springframework.web.filter.OncePerRequestFilter.doFilter(OncePerRequestFilter.java:116)
		at org.apache.catalina.core.ApplicationFilterChain.doFilter(ApplicationFilterChain.java:107)
		at org.apache.catalina.core.StandardWrapperValve.invoke(StandardWrapperValve.java:165)
		at org.apache.catalina.core.StandardContextValve.invoke(StandardContextValve.java:77)
		at org.apache.catalina.authenticator.AuthenticatorBase.invoke(AuthenticatorBase.java:482)
		at org.apache.catalina.core.StandardHostValve.invoke(StandardHostValve.java:113)
		at org.apache.catalina.valves.ErrorReportValve.invoke(ErrorReportValve.java:83)
		at org.apache.catalina.core.StandardEngineValve.invoke(StandardEngineValve.java:72)
		at org.apache.catalina.connector.CoyoteAdapter.service(CoyoteAdapter.java:341)
		at org.apache.coyote.http11.Http11Processor.service(Http11Processor.java:397)
		at org.apache.coyote.AbstractProcessorLight.process(AbstractProcessorLight.java:63)
		at org.apache.coyote.AbstractProtocol$ConnectionHandler.process(AbstractProtocol.java:903)
		at org.apache.tomcat.util.net.NioEndpoint$SocketProcessor.doRun(NioEndpoint.java:1778)
		at org.apache.tomcat.util.net.SocketProcessorBase.run(SocketProcessorBase.java:52)
		at org.apache.tomcat.util.threads.ThreadPoolExecutor.runWorker(ThreadPoolExecutor.java:946)
		at org.apache.tomcat.util.threads.ThreadPoolExecutor$Worker.run(ThreadPoolExecutor.java:480)
		at org.apache.tomcat.util.threads.TaskThread$WrappingRunnable.run(TaskThread.java:57)
		at java.base/java.lang.Thread.run(Thread.java:1583)
Caused by: java.net.UnknownHostException: Failed to resolve 'api.brevo.com', couldn't setup transport: [id: 0xd5987a74]
	at io.netty.resolver.dns.DnsNameResolver.toException(DnsNameResolver.java:942)
	at io.netty.resolver.dns.DnsNameResolver.doResolveAllNow(DnsNameResolver.java:1188)
	at io.netty.resolver.dns.DnsNameResolver.doResolveAll(DnsNameResolver.java:1169)
	at io.netty.resolver.dns.DnsNameResolver.doResolveAll(DnsNameResolver.java:1134)
	at io.netty.resolver.SimpleNameResolver.resolveAll(SimpleNameResolver.java:79)
	at io.netty.resolver.dns.InflightNameResolver.resolve(InflightNameResolver.java:96)
	at io.netty.resolver.dns.InflightNameResolver.resolveAll(InflightNameResolver.java:71)
	at io.netty.resolver.dns.InflightNameResolver.resolveAll(InflightNameResolver.java:56)
	at io.netty.resolver.InetSocketAddressResolver.doResolveAll(InetSocketAddressResolver.java:73)
	at io.netty.resolver.InetSocketAddressResolver.doResolveAll(InetSocketAddressResolver.java:31)
	at io.netty.resolver.AbstractAddressResolver.resolveAll(AbstractAddressResolver.java:158)
	at reactor.netty.transport.TransportConnector.doResolveAndConnect(TransportConnector.java:337)
	at reactor.netty.transport.TransportConnector.lambda$connect$6(TransportConnector.java:167)
	at reactor.core.publisher.MonoFlatMap$FlatMapMain.onNext(MonoFlatMap.java:133)
	at reactor.netty.transport.TransportConnector$MonoChannelPromise._subscribe(TransportConnector.java:666)
	at reactor.netty.transport.TransportConnector$MonoChannelPromise.lambda$subscribe$0(TransportConnector.java:578)
	at io.netty.util.concurrent.AbstractEventExecutor.runTask(AbstractEventExecutor.java:148)
	at io.netty.util.concurrent.AbstractEventExecutor.safeExecute$$$capture(AbstractEventExecutor.java:141)
	at io.netty.util.concurrent.AbstractEventExecutor.safeExecute(AbstractEventExecutor.java)
	at io.netty.util.concurrent.SingleThreadEventExecutor.runAllTasks(SingleThreadEventExecutor.java:535)
	at io.netty.channel.SingleThreadIoEventLoop.run(SingleThreadIoEventLoop.java:201)
	at io.netty.util.concurrent.SingleThreadEventExecutor$5.run(SingleThreadEventExecutor.java:1195)
	at io.netty.util.internal.ThreadExecutorMap$2.run(ThreadExecutorMap.java:74)
	at io.netty.util.concurrent.FastThreadLocalRunnable.run(FastThreadLocalRunnable.java:30)
	at java.base/java.lang.Thread.run(Thread.java:1583)
Caused by: java.net.BindException: Address already in use: bind
	at java.base/sun.nio.ch.Net.bind0(Native Method)
	at java.base/sun.nio.ch.Net.bind(Net.java:565)
	at java.base/sun.nio.ch.DatagramChannelImpl.bindInternal(DatagramChannelImpl.java:1329)
	at java.base/sun.nio.ch.DatagramChannelImpl.bind(DatagramChannelImpl.java:1299)
	at io.netty.util.internal.SocketUtils$6.run(SocketUtils.java:131)
	at io.netty.util.internal.SocketUtils$6.run(SocketUtils.java:128)
	at java.base/java.security.AccessController.doPrivileged(AccessController.java:571)
	at io.netty.util.internal.SocketUtils.bind(SocketUtils.java:128)
	at io.netty.channel.socket.nio.NioDatagramChannel.doBind0(NioDatagramChannel.java:215)
	at io.netty.channel.socket.nio.NioDatagramChannel.doBind(NioDatagramChannel.java:211)
	at io.netty.channel.AbstractChannel$AbstractUnsafe.bind(AbstractChannel.java:434)
	at io.netty.channel.DefaultChannelPipeline$HeadContext.bind(DefaultChannelPipeline.java:1353)
	at io.netty.channel.AbstractChannelHandlerContext.invokeBind(AbstractChannelHandlerContext.java:492)
	at io.netty.channel.AbstractChannelHandlerContext.bind(AbstractChannelHandlerContext.java:471)
	at io.netty.channel.DefaultChannelPipeline.bind(DefaultChannelPipeline.java:994)
	at io.netty.channel.Channel.bind(Channel.java:302)
	at io.netty.bootstrap.AbstractBootstrap$2.run(AbstractBootstrap.java:384)
	... 9 common frames omitted
2026-08-21 12:32:46 INFO  c.e.c.Tool.security.RateLimitFilter - Request from IP: 10.235.148.185 | URI: /workspace/2/invite | Tokens remaining: 50
2026-08-21 12:32:46 INFO  c.e.c.T.s.Impl.EmailServiceImpl - Attempting to send email to: nthengeabraham952@gmail.com
2026-08-21 12:32:46 ERROR c.e.c.T.s.Impl.EmailServiceImpl - Email sending failed to: nthengeabraham952@gmail.com — reason: Failed to resolve 'api.brevo.com', couldn't setup transport: [id: 0xe24c6296]
2026-08-21 12:32:46 ERROR c.e.c.T.s.Impl.EmailServiceImpl - Email sending failed to: nthengeabraham952@gmail.com — reason: Failed to resolve 'api.brevo.com', couldn't setup transport: [id: 0xe24c6296]
org.springframework.web.reactive.function.client.WebClientRequestException: Failed to resolve 'api.brevo.com', couldn't setup transport: [id: 0xe24c6296]
	at org.springframework.web.reactive.function.client.ExchangeFunctions$DefaultExchangeFunction.lambda$wrapException$0(ExchangeFunctions.java:137)
	Suppressed: The stacktrace has been enhanced by Reactor, refer to additional information below: 
Error has been observed at the following site(s):
	*__checkpoint ⇢ Request to POST https://api.brevo.com/v3/smtp/email [DefaultWebClient]
Original Stack Trace:
		at org.springframework.web.reactive.function.client.ExchangeFunctions$DefaultExchangeFunction.lambda$wrapException$0(ExchangeFunctions.java:137)
		at reactor.core.publisher.MonoErrorSupplied.subscribe(MonoErrorSupplied.java:56)
		at reactor.core.publisher.Mono.subscribe(Mono.java:4569)
		at reactor.core.publisher.FluxOnErrorResume$ResumeSubscriber.onError(FluxOnErrorResume.java:104)
		at reactor.core.publisher.FluxPeek$PeekSubscriber.onError(FluxPeek.java:225)
		at reactor.core.publisher.FluxPeek$PeekSubscriber.onError(FluxPeek.java:225)
		at reactor.core.publisher.FluxPeek$PeekSubscriber.onError(FluxPeek.java:225)
		at reactor.core.publisher.MonoNext$NextSubscriber.onError(MonoNext.java:94)
		at reactor.core.publisher.MonoFlatMapMany$FlatMapManyMain.onError(MonoFlatMapMany.java:207)
		at reactor.core.publisher.SerializedSubscriber.onError(SerializedSubscriber.java:125)
		at reactor.core.publisher.FluxRetryWhen$RetryWhenMainSubscriber.whenError(FluxRetryWhen.java:230)
		at reactor.core.publisher.FluxRetryWhen$RetryWhenOtherSubscriber.onError(FluxRetryWhen.java:282)
		at reactor.core.publisher.FluxContextWrite$ContextWriteSubscriber.onError(FluxContextWrite.java:123)
		at reactor.core.publisher.FluxConcatMapNoPrefetch$FluxConcatMapNoPrefetchSubscriber.maybeOnError(FluxConcatMapNoPrefetch.java:327)
		at reactor.core.publisher.FluxConcatMapNoPrefetch$FluxConcatMapNoPrefetchSubscriber.onNext(FluxConcatMapNoPrefetch.java:212)
		at reactor.core.publisher.FluxContextWrite$ContextWriteSubscriber.onNext(FluxContextWrite.java:109)
		at reactor.core.publisher.SinkManyEmitterProcessor.drain(SinkManyEmitterProcessor.java:483)
		at reactor.core.publisher.SinkManyEmitterProcessor$EmitterInner.drainParent(SinkManyEmitterProcessor.java:627)
		at reactor.core.publisher.FluxPublish$PubSubInner.request(FluxPublish.java:881)
		at reactor.core.publisher.FluxContextWrite$ContextWriteSubscriber.request(FluxContextWrite.java:138)
		at reactor.core.publisher.FluxConcatMapNoPrefetch$FluxConcatMapNoPrefetchSubscriber.request(FluxConcatMapNoPrefetch.java:337)
		at reactor.core.publisher.FluxContextWrite$ContextWriteSubscriber.request(FluxContextWrite.java:138)
		at reactor.core.publisher.Operators$DeferredSubscription.request(Operators.java:1740)
		at reactor.core.publisher.FluxRetryWhen$RetryWhenMainSubscriber.onError(FluxRetryWhen.java:197)
		at reactor.core.publisher.MonoCreate$DefaultMonoSink.error(MonoCreate.java:208)
		at reactor.netty.http.client.HttpClientConnect$MonoHttpConnect$ClientTransportSubscriber.onError(HttpClientConnect.java:336)
		at reactor.core.publisher.MonoCreate$DefaultMonoSink.error(MonoCreate.java:208)
		at reactor.netty.resources.DefaultPooledConnectionProvider$DisposableAcquire.onError(DefaultPooledConnectionProvider.java:182)
		at reactor.netty.internal.shaded.reactor.pool.AbstractPool$Borrower.fail(AbstractPool.java:478)
		at reactor.netty.internal.shaded.reactor.pool.SimpleDequePool.lambda$drainLoop$9(SimpleDequePool.java:444)
		at reactor.core.publisher.FluxDoOnEach$DoOnEachSubscriber.onError(FluxDoOnEach.java:186)
		at reactor.core.publisher.MonoCreate$DefaultMonoSink.error(MonoCreate.java:208)
		at reactor.netty.resources.DefaultPooledConnectionProvider$PooledConnectionAllocator$PooledConnectionInitializer.onError(DefaultPooledConnectionProvider.java:605)
		at reactor.core.publisher.MonoFlatMap$FlatMapMain.secondError(MonoFlatMap.java:242)
		at reactor.core.publisher.MonoFlatMap$FlatMapInner.onError(MonoFlatMap.java:317)
		at reactor.core.publisher.FluxOnErrorResume$ResumeSubscriber.onError(FluxOnErrorResume.java:107)
		at reactor.core.publisher.Operators.error(Operators.java:198)
		at reactor.core.publisher.MonoError.subscribe(MonoError.java:54)
		at reactor.core.publisher.Mono.subscribe(Mono.java:4569)
		at reactor.core.publisher.FluxOnErrorResume$ResumeSubscriber.onError(FluxOnErrorResume.java:104)
		at reactor.netty.transport.TransportConnector$MonoChannelPromise.tryFailure(TransportConnector.java:604)
		at reactor.netty.transport.TransportConnector.lambda$doResolveAndConnect$11(TransportConnector.java:379)
		at io.netty.util.concurrent.DefaultPromise.notifyListener0(DefaultPromise.java:604)
		at io.netty.util.concurrent.DefaultPromise.notifyListenersNow(DefaultPromise.java:571)
		at io.netty.util.concurrent.DefaultPromise.notifyListeners(DefaultPromise.java:506)
		at io.netty.util.concurrent.DefaultPromise.setValue0(DefaultPromise.java:650)
		at io.netty.util.concurrent.DefaultPromise.setFailure0(DefaultPromise.java:643)
		at io.netty.util.concurrent.DefaultPromise.setFailure(DefaultPromise.java:124)
		at io.netty.resolver.InetSocketAddressResolver$2.operationComplete(InetSocketAddressResolver.java:86)
		at io.netty.util.concurrent.DefaultPromise.notifyListener0(DefaultPromise.java:604)
		at io.netty.util.concurrent.DefaultPromise.notifyListeners0(DefaultPromise.java:597)
		at io.netty.util.concurrent.DefaultPromise.notifyListenersNow(DefaultPromise.java:573)
		at io.netty.util.concurrent.DefaultPromise.notifyListeners(DefaultPromise.java:506)
		at io.netty.util.concurrent.DefaultPromise.setValue0(DefaultPromise.java:650)
		at io.netty.util.concurrent.DefaultPromise.setFailure0(DefaultPromise.java:643)
		at io.netty.util.concurrent.DefaultPromise.setFailure(DefaultPromise.java:124)
		at io.netty.resolver.dns.DnsNameResolver.doResolveAllNow(DnsNameResolver.java:1189)
		at io.netty.resolver.dns.DnsNameResolver.access$600(DnsNameResolver.java:96)
		at io.netty.resolver.dns.DnsNameResolver$7.operationComplete(DnsNameResolver.java:1174)
		at io.netty.resolver.dns.DnsNameResolver$7.operationComplete(DnsNameResolver.java:1171)
		at io.netty.util.concurrent.DefaultPromise.notifyListener0(DefaultPromise.java:604)
		at io.netty.util.concurrent.DefaultPromise.notifyListenersNow(DefaultPromise.java:571)
		at io.netty.util.concurrent.DefaultPromise.access$200(DefaultPromise.java:37)
		at io.netty.util.concurrent.DefaultPromise$1.run(DefaultPromise.java:517)
		at io.netty.util.concurrent.AbstractEventExecutor.runTask(AbstractEventExecutor.java:148)
		at io.netty.util.concurrent.AbstractEventExecutor.safeExecute$$$capture(AbstractEventExecutor.java:141)
		at io.netty.util.concurrent.AbstractEventExecutor.safeExecute(AbstractEventExecutor.java)
		at io.netty.util.concurrent.SingleThreadEventExecutor.runAllTasks(SingleThreadEventExecutor.java:535)
		at io.netty.channel.SingleThreadIoEventLoop.run(SingleThreadIoEventLoop.java:201)
		at io.netty.util.concurrent.SingleThreadEventExecutor$5.run(SingleThreadEventExecutor.java:1195)
		at io.netty.util.internal.ThreadExecutorMap$2.run(ThreadExecutorMap.java:74)
		at io.netty.util.concurrent.FastThreadLocalRunnable.run(FastThreadLocalRunnable.java:30)
		at java.base/java.lang.Thread.run(Thread.java:1583)
	Suppressed: java.lang.Exception: #block terminated with an error
		at reactor.core.publisher.BlockingSingleSubscriber.blockingGet(BlockingSingleSubscriber.java:104)
		at reactor.core.publisher.Mono.block(Mono.java:1773)
		at com.eclectics.collaboration.Tool.service.Impl.EmailServiceImpl.sendEmail(EmailServiceImpl.java:277)
		at com.eclectics.collaboration.Tool.service.Impl.EmailServiceImpl.sendInvitationEmail(EmailServiceImpl.java:182)
		at com.eclectics.collaboration.Tool.service.Impl.EmailServiceImpl.inviteUsers(EmailServiceImpl.java:150)
		at java.base/jdk.internal.reflect.DirectMethodHandleAccessor.invoke(DirectMethodHandleAccessor.java:103)
		at java.base/java.lang.reflect.Method.invoke(Method.java:580)
		at org.springframework.aop.support.AopUtils.invokeJoinpointUsingReflection(AopUtils.java:359)
		at org.springframework.aop.framework.ReflectiveMethodInvocation.invokeJoinpoint(ReflectiveMethodInvocation.java:190)
		at org.springframework.aop.framework.ReflectiveMethodInvocation.proceed(ReflectiveMethodInvocation.java:158)
		at org.springframework.transaction.interceptor.TransactionInterceptor$1.proceedWithInvocation(TransactionInterceptor.java:133)
		at org.springframework.transaction.interceptor.TransactionAspectSupport.invokeWithinTransaction(TransactionAspectSupport.java:371)
		at org.springframework.transaction.interceptor.TransactionInterceptor.invoke(TransactionInterceptor.java:130)
		at org.springframework.aop.framework.ReflectiveMethodInvocation.proceed(ReflectiveMethodInvocation.java:179)
		at org.springframework.aop.framework.CglibAopProxy$DynamicAdvisedInterceptor.intercept(CglibAopProxy.java:719)
		at com.eclectics.collaboration.Tool.service.Impl.EmailServiceImpl$$SpringCGLIB$$0.inviteUsers(<generated>)
		at com.eclectics.collaboration.Tool.controller.WorkSpaceController.inviteWorkmates(WorkSpaceController.java:77)
		at java.base/jdk.internal.reflect.DirectMethodHandleAccessor.invoke(DirectMethodHandleAccessor.java:103)
		at java.base/java.lang.reflect.Method.invoke(Method.java:580)
		at org.springframework.web.method.support.InvocableHandlerMethod.doInvoke(InvocableHandlerMethod.java:258)
		at org.springframework.web.method.support.InvocableHandlerMethod.invokeForRequest(InvocableHandlerMethod.java:190)
		at org.springframework.web.servlet.mvc.method.annotation.ServletInvocableHandlerMethod.invokeAndHandle(ServletInvocableHandlerMethod.java:117)
		at org.springframework.web.servlet.mvc.method.annotation.RequestMappingHandlerAdapter.invokeHandlerMethod(RequestMappingHandlerAdapter.java:934)
		at org.springframework.web.servlet.mvc.method.annotation.RequestMappingHandlerAdapter.handleInternal(RequestMappingHandlerAdapter.java:853)
		at org.springframework.web.servlet.mvc.method.AbstractHandlerMethodAdapter.handle(AbstractHandlerMethodAdapter.java:86)
		at org.springframework.web.servlet.DispatcherServlet.doDispatch(DispatcherServlet.java:963)
		at org.springframework.web.servlet.DispatcherServlet.doService(DispatcherServlet.java:866)
		at org.springframework.web.servlet.FrameworkServlet.processRequest(FrameworkServlet.java:1003)
		at org.springframework.web.servlet.FrameworkServlet.doPost(FrameworkServlet.java:903)
		at jakarta.servlet.http.HttpServlet.service(HttpServlet.java:649)
		at org.springframework.web.servlet.FrameworkServlet.service(FrameworkServlet.java:874)
		at jakarta.servlet.http.HttpServlet.service(HttpServlet.java:710)
		at org.apache.catalina.core.ApplicationFilterChain.doFilter(ApplicationFilterChain.java:128)
		at org.apache.tomcat.websocket.server.WsFilter.doFilter(WsFilter.java:53)
		at org.apache.catalina.core.ApplicationFilterChain.doFilter(ApplicationFilterChain.java:107)
		at org.springframework.web.filter.OncePerRequestFilter.doFilter(OncePerRequestFilter.java:110)
		at org.apache.catalina.core.ApplicationFilterChain.doFilter(ApplicationFilterChain.java:107)
		at org.springframework.web.filter.OncePerRequestFilter.doFilter(OncePerRequestFilter.java:110)
		at org.apache.catalina.core.ApplicationFilterChain.doFilter(ApplicationFilterChain.java:107)
		at org.springframework.web.filter.CompositeFilter$VirtualFilterChain.doFilter(CompositeFilter.java:108)
		at org.springframework.security.web.FilterChainProxy.lambda$doFilterInternal$3(FilterChainProxy.java:235)
		at org.springframework.security.web.FilterChainProxy$VirtualFilterChain.doFilter(FilterChainProxy.java:371)
		at org.springframework.security.web.access.intercept.AuthorizationFilter.doFilter(AuthorizationFilter.java:101)
		at org.springframework.security.web.FilterChainProxy$VirtualFilterChain.doFilter(FilterChainProxy.java:380)
		at org.springframework.security.web.access.ExceptionTranslationFilter.doFilter(ExceptionTranslationFilter.java:126)
		at org.springframework.security.web.access.ExceptionTranslationFilter.doFilter(ExceptionTranslationFilter.java:120)
		at org.springframework.security.web.FilterChainProxy$VirtualFilterChain.doFilter(FilterChainProxy.java:380)
		at org.springframework.security.web.session.SessionManagementFilter.doFilter(SessionManagementFilter.java:132)
		at org.springframework.security.web.session.SessionManagementFilter.doFilter(SessionManagementFilter.java:86)
		at org.springframework.security.web.FilterChainProxy$VirtualFilterChain.doFilter(FilterChainProxy.java:380)
		at org.springframework.security.web.authentication.AnonymousAuthenticationFilter.doFilter(AnonymousAuthenticationFilter.java:100)
		at org.springframework.security.web.FilterChainProxy$VirtualFilterChain.doFilter(FilterChainProxy.java:380)
		at org.springframework.security.web.servletapi.SecurityContextHolderAwareRequestFilter.doFilter(SecurityContextHolderAwareRequestFilter.java:181)
		at org.springframework.security.web.FilterChainProxy$VirtualFilterChain.doFilter(FilterChainProxy.java:380)
		at org.springframework.security.web.savedrequest.RequestCacheAwareFilter.doFilter(RequestCacheAwareFilter.java:63)
		at org.springframework.security.web.FilterChainProxy$VirtualFilterChain.doFilter(FilterChainProxy.java:380)
		at com.eclectics.collaboration.Tool.security.JwtFilter.doFilterInternal(JwtFilter.java:85)
		at org.springframework.web.filter.OncePerRequestFilter.doFilter(OncePerRequestFilter.java:116)
		at org.springframework.security.web.FilterChainProxy$VirtualFilterChain.doFilter(FilterChainProxy.java:380)
		at com.eclectics.collaboration.Tool.security.RateLimitFilter.doFilterInternal(RateLimitFilter.java:50)
		at org.springframework.web.filter.OncePerRequestFilter.doFilter(OncePerRequestFilter.java:116)
		at org.springframework.security.web.FilterChainProxy$VirtualFilterChain.doFilter(FilterChainProxy.java:380)
		at org.springframework.security.web.authentication.logout.LogoutFilter.doFilter(LogoutFilter.java:110)
		at org.springframework.security.web.authentication.logout.LogoutFilter.doFilter(LogoutFilter.java:96)
		at org.springframework.security.web.FilterChainProxy$VirtualFilterChain.doFilter(FilterChainProxy.java:380)
		at org.springframework.web.filter.CorsFilter.doFilterInternal(CorsFilter.java:91)
		at org.springframework.web.filter.OncePerRequestFilter.doFilter(OncePerRequestFilter.java:116)
		at org.springframework.security.web.FilterChainProxy$VirtualFilterChain.doFilter(FilterChainProxy.java:380)
		at org.springframework.security.web.header.HeaderWriterFilter.doHeadersAfter(HeaderWriterFilter.java:90)
		at org.springframework.security.web.header.HeaderWriterFilter.doFilterInternal(HeaderWriterFilter.java:75)
		at org.springframework.web.filter.OncePerRequestFilter.doFilter(OncePerRequestFilter.java:116)
		at org.springframework.security.web.FilterChainProxy$VirtualFilterChain.doFilter(FilterChainProxy.java:380)
		at org.springframework.security.web.context.SecurityContextHolderFilter.doFilter(SecurityContextHolderFilter.java:82)
		at org.springframework.security.web.context.SecurityContextHolderFilter.doFilter(SecurityContextHolderFilter.java:69)
		at org.springframework.security.web.FilterChainProxy$VirtualFilterChain.doFilter(FilterChainProxy.java:380)
		at org.springframework.security.web.context.request.async.WebAsyncManagerIntegrationFilter.doFilterInternal(WebAsyncManagerIntegrationFilter.java:62)
		at org.springframework.web.filter.OncePerRequestFilter.doFilter(OncePerRequestFilter.java:116)
		at org.springframework.security.web.FilterChainProxy$VirtualFilterChain.doFilter(FilterChainProxy.java:380)
		at org.springframework.security.web.session.DisableEncodeUrlFilter.doFilterInternal(DisableEncodeUrlFilter.java:42)
		at org.springframework.web.filter.OncePerRequestFilter.doFilter(OncePerRequestFilter.java:116)
		at org.springframework.security.web.FilterChainProxy$VirtualFilterChain.doFilter(FilterChainProxy.java:380)
		at org.springframework.security.web.FilterChainProxy.doFilterInternal(FilterChainProxy.java:237)
		at org.springframework.security.web.FilterChainProxy.doFilter(FilterChainProxy.java:195)
		at org.springframework.web.filter.CompositeFilter$VirtualFilterChain.doFilter(CompositeFilter.java:113)
		at org.springframework.web.filter.ServletRequestPathFilter.doFilter(ServletRequestPathFilter.java:52)
		at org.springframework.web.filter.CompositeFilter$VirtualFilterChain.doFilter(CompositeFilter.java:113)
		at org.springframework.web.filter.CompositeFilter.doFilter(CompositeFilter.java:74)
		at org.springframework.security.config.annotation.web.configuration.WebSecurityConfiguration$CompositeFilterChainProxy.doFilter(WebSecurityConfiguration.java:317)
		at org.springframework.web.filter.DelegatingFilterProxy.invokeDelegate(DelegatingFilterProxy.java:355)
		at org.springframework.web.filter.DelegatingFilterProxy.doFilter(DelegatingFilterProxy.java:272)
		at org.apache.catalina.core.ApplicationFilterChain.doFilter(ApplicationFilterChain.java:107)
		at org.springframework.web.filter.RequestContextFilter.doFilterInternal(RequestContextFilter.java:100)
		at org.springframework.web.filter.OncePerRequestFilter.doFilter(OncePerRequestFilter.java:116)
		at org.apache.catalina.core.ApplicationFilterChain.doFilter(ApplicationFilterChain.java:107)
		at org.springframework.web.filter.FormContentFilter.doFilterInternal(FormContentFilter.java:93)
		at org.springframework.web.filter.OncePerRequestFilter.doFilter(OncePerRequestFilter.java:116)
		at org.apache.catalina.core.ApplicationFilterChain.doFilter(ApplicationFilterChain.java:107)
		at org.springframework.session.web.http.SessionRepositoryFilter.doFilterInternal(SessionRepositoryFilter.java:142)
		at org.springframework.session.web.http.OncePerRequestFilter.doFilter(OncePerRequestFilter.java:82)
		at org.springframework.web.filter.DelegatingFilterProxy.invokeDelegate(DelegatingFilterProxy.java:355)
		at org.springframework.web.filter.DelegatingFilterProxy.doFilter(DelegatingFilterProxy.java:272)
		at org.apache.catalina.core.ApplicationFilterChain.doFilter(ApplicationFilterChain.java:107)
		at org.springframework.web.filter.CharacterEncodingFilter.doFilterInternal(CharacterEncodingFilter.java:199)
		at org.springframework.web.filter.OncePerRequestFilter.doFilter(OncePerRequestFilter.java:116)
		at org.apache.catalina.core.ApplicationFilterChain.doFilter(ApplicationFilterChain.java:107)
		at org.apache.catalina.core.StandardWrapperValve.invoke(StandardWrapperValve.java:165)
		at org.apache.catalina.core.StandardContextValve.invoke(StandardContextValve.java:77)
		at org.apache.catalina.authenticator.AuthenticatorBase.invoke(AuthenticatorBase.java:482)
		at org.apache.catalina.core.StandardHostValve.invoke(StandardHostValve.java:113)
		at org.apache.catalina.valves.ErrorReportValve.invoke(ErrorReportValve.java:83)
		at org.apache.catalina.core.StandardEngineValve.invoke(StandardEngineValve.java:72)
		at org.apache.catalina.connector.CoyoteAdapter.service(CoyoteAdapter.java:341)
		at org.apache.coyote.http11.Http11Processor.service(Http11Processor.java:397)
		at org.apache.coyote.AbstractProcessorLight.process(AbstractProcessorLight.java:63)
		at org.apache.coyote.AbstractProtocol$ConnectionHandler.process(AbstractProtocol.java:903)
		at org.apache.tomcat.util.net.NioEndpoint$SocketProcessor.doRun(NioEndpoint.java:1778)
		at org.apache.tomcat.util.net.SocketProcessorBase.run(SocketProcessorBase.java:52)
		at org.apache.tomcat.util.threads.ThreadPoolExecutor.runWorker(ThreadPoolExecutor.java:946)
		at org.apache.tomcat.util.threads.ThreadPoolExecutor$Worker.run(ThreadPoolExecutor.java:480)
		at org.apache.tomcat.util.threads.TaskThread$WrappingRunnable.run(TaskThread.java:57)
		at java.base/java.lang.Thread.run(Thread.java:1583)
Caused by: java.net.UnknownHostException: Failed to resolve 'api.brevo.com', couldn't setup transport: [id: 0xe24c6296]
	at io.netty.resolver.dns.DnsNameResolver.toException(DnsNameResolver.java:942)
	at io.netty.resolver.dns.DnsNameResolver.doResolveAllNow(DnsNameResolver.java:1188)
	at io.netty.resolver.dns.DnsNameResolver.access$600(DnsNameResolver.java:96)
	at io.netty.resolver.dns.DnsNameResolver$7.operationComplete(DnsNameResolver.java:1174)
	at io.netty.resolver.dns.DnsNameResolver$7.operationComplete(DnsNameResolver.java:1171)
	at io.netty.util.concurrent.DefaultPromise.notifyListener0(DefaultPromise.java:604)
	at io.netty.util.concurrent.DefaultPromise.notifyListenersNow(DefaultPromise.java:571)
	at io.netty.util.concurrent.DefaultPromise.access$200(DefaultPromise.java:37)
	at io.netty.util.concurrent.DefaultPromise$1.run(DefaultPromise.java:517)
	at io.netty.util.concurrent.AbstractEventExecutor.runTask(AbstractEventExecutor.java:148)
	at io.netty.util.concurrent.AbstractEventExecutor.safeExecute$$$capture(AbstractEventExecutor.java:141)
	at io.netty.util.concurrent.AbstractEventExecutor.safeExecute(AbstractEventExecutor.java)
	at io.netty.util.concurrent.SingleThreadEventExecutor.runAllTasks(SingleThreadEventExecutor.java:535)
	at io.netty.channel.SingleThreadIoEventLoop.run(SingleThreadIoEventLoop.java:201)
	at io.netty.util.concurrent.SingleThreadEventExecutor$5.run(SingleThreadEventExecutor.java:1195)
	at io.netty.util.internal.ThreadExecutorMap$2.run(ThreadExecutorMap.java:74)
	at io.netty.util.concurrent.FastThreadLocalRunnable.run(FastThreadLocalRunnable.java:30)
	at java.base/java.lang.Thread.run(Thread.java:1583)
Caused by: java.net.BindException: Address already in use: bind
	at java.base/sun.nio.ch.Net.bind0(Native Method)
	at java.base/sun.nio.ch.Net.bind(Net.java:565)
	at java.base/sun.nio.ch.DatagramChannelImpl.bindInternal(DatagramChannelImpl.java:1329)
	at java.base/sun.nio.ch.DatagramChannelImpl.bind(DatagramChannelImpl.java:1299)
	at io.netty.util.internal.SocketUtils$6.run(SocketUtils.java:131)
	at io.netty.util.internal.SocketUtils$6.run(SocketUtils.java:128)
	at java.base/java.security.AccessController.doPrivileged(AccessController.java:571)
	at io.netty.util.internal.SocketUtils.bind(SocketUtils.java:128)
	at io.netty.channel.socket.nio.NioDatagramChannel.doBind0(NioDatagramChannel.java:215)
	at io.netty.channel.socket.nio.NioDatagramChannel.doBind(NioDatagramChannel.java:211)
	at io.netty.channel.AbstractChannel$AbstractUnsafe.bind(AbstractChannel.java:434)
	at io.netty.channel.DefaultChannelPipeline$HeadContext.bind(DefaultChannelPipeline.java:1353)
	at io.netty.channel.AbstractChannelHandlerContext.invokeBind(AbstractChannelHandlerContext.java:492)
	at io.netty.channel.AbstractChannelHandlerContext.bind(AbstractChannelHandlerContext.java:471)
	at io.netty.channel.DefaultChannelPipeline.bind(DefaultChannelPipeline.java:994)
	at io.netty.channel.Channel.bind(Channel.java:302)
	at io.netty.bootstrap.AbstractBootstrap$2.run(AbstractBootstrap.java:384)
	... 9 common frames omitted
2026-08-21 12:32:46 ERROR c.e.c.T.e.CollaborationExceptionHandler - Unexpected error occurred: Failed to send email to: nthengeabraham952@gmail.com
java.lang.RuntimeException: Failed to send email to: nthengeabraham952@gmail.com
	at com.eclectics.collaboration.Tool.service.Impl.EmailServiceImpl.sendEmail(EmailServiceImpl.java:280)
	at com.eclectics.collaboration.Tool.service.Impl.EmailServiceImpl.sendInvitationEmail(EmailServiceImpl.java:182)
	at com.eclectics.collaboration.Tool.service.Impl.EmailServiceImpl.inviteUsers(EmailServiceImpl.java:150)
	at java.base/jdk.internal.reflect.DirectMethodHandleAccessor.invoke(DirectMethodHandleAccessor.java:103)
	at java.base/java.lang.reflect.Method.invoke(Method.java:580)
	at org.springframework.aop.support.AopUtils.invokeJoinpointUsingReflection(AopUtils.java:359)
	at org.springframework.aop.framework.ReflectiveMethodInvocation.invokeJoinpoint(ReflectiveMethodInvocation.java:190)
	at org.springframework.aop.framework.ReflectiveMethodInvocation.proceed(ReflectiveMethodInvocation.java:158)
	at org.springframework.transaction.interceptor.TransactionInterceptor$1.proceedWithInvocation(TransactionInterceptor.java:133)
	at org.springframework.transaction.interceptor.TransactionAspectSupport.invokeWithinTransaction(TransactionAspectSupport.java:371)
	at org.springframework.transaction.interceptor.TransactionInterceptor.invoke(TransactionInterceptor.java:130)
	at org.springframework.aop.framework.ReflectiveMethodInvocation.proceed(ReflectiveMethodInvocation.java:179)
	at org.springframework.aop.framework.CglibAopProxy$DynamicAdvisedInterceptor.intercept(CglibAopProxy.java:719)
	at com.eclectics.collaboration.Tool.service.Impl.EmailServiceImpl$$SpringCGLIB$$0.inviteUsers(<generated>)
	at com.eclectics.collaboration.Tool.controller.WorkSpaceController.inviteWorkmates(WorkSpaceController.java:77)
	at java.base/jdk.internal.reflect.DirectMethodHandleAccessor.invoke(DirectMethodHandleAccessor.java:103)
	at java.base/java.lang.reflect.Method.invoke(Method.java:580)
	at org.springframework.web.method.support.InvocableHandlerMethod.doInvoke(InvocableHandlerMethod.java:258)
	at org.springframework.web.method.support.InvocableHandlerMethod.invokeForRequest(InvocableHandlerMethod.java:190)
	at org.springframework.web.servlet.mvc.method.annotation.ServletInvocableHandlerMethod.invokeAndHandle(ServletInvocableHandlerMethod.java:117)
	at org.springframework.web.servlet.mvc.method.annotation.RequestMappingHandlerAdapter.invokeHandlerMethod(RequestMappingHandlerAdapter.java:934)
	at org.springframework.web.servlet.mvc.method.annotation.RequestMappingHandlerAdapter.handleInternal(RequestMappingHandlerAdapter.java:853)
	at org.springframework.web.servlet.mvc.method.AbstractHandlerMethodAdapter.handle(AbstractHandlerMethodAdapter.java:86)
	at org.springframework.web.servlet.DispatcherServlet.doDispatch(DispatcherServlet.java:963)
	at org.springframework.web.servlet.DispatcherServlet.doService(DispatcherServlet.java:866)
	at org.springframework.web.servlet.FrameworkServlet.processRequest(FrameworkServlet.java:1003)
	at org.springframework.web.servlet.FrameworkServlet.doPost(FrameworkServlet.java:903)
	at jakarta.servlet.http.HttpServlet.service(HttpServlet.java:649)
	at org.springframework.web.servlet.FrameworkServlet.service(FrameworkServlet.java:874)
	at jakarta.servlet.http.HttpServlet.service(HttpServlet.java:710)
	at org.apache.catalina.core.ApplicationFilterChain.doFilter(ApplicationFilterChain.java:128)
	at org.apache.tomcat.websocket.server.WsFilter.doFilter(WsFilter.java:53)
	at org.apache.catalina.core.ApplicationFilterChain.doFilter(ApplicationFilterChain.java:107)
	at org.springframework.web.filter.OncePerRequestFilter.doFilter(OncePerRequestFilter.java:110)
	at org.apache.catalina.core.ApplicationFilterChain.doFilter(ApplicationFilterChain.java:107)
	at org.springframework.web.filter.OncePerRequestFilter.doFilter(OncePerRequestFilter.java:110)
	at org.apache.catalina.core.ApplicationFilterChain.doFilter(ApplicationFilterChain.java:107)
	at org.springframework.web.filter.CompositeFilter$VirtualFilterChain.doFilter(CompositeFilter.java:108)
	at org.springframework.security.web.FilterChainProxy.lambda$doFilterInternal$3(FilterChainProxy.java:235)
	at org.springframework.security.web.FilterChainProxy$VirtualFilterChain.doFilter(FilterChainProxy.java:371)
	at org.springframework.security.web.access.intercept.AuthorizationFilter.doFilter(AuthorizationFilter.java:101)
	at org.springframework.security.web.FilterChainProxy$VirtualFilterChain.doFilter(FilterChainProxy.java:380)
	at org.springframework.security.web.access.ExceptionTranslationFilter.doFilter(ExceptionTranslationFilter.java:126)
	at org.springframework.security.web.access.ExceptionTranslationFilter.doFilter(ExceptionTranslationFilter.java:120)
	at org.springframework.security.web.FilterChainProxy$VirtualFilterChain.doFilter(FilterChainProxy.java:380)
	at org.springframework.security.web.session.SessionManagementFilter.doFilter(SessionManagementFilter.java:132)
	at org.springframework.security.web.session.SessionManagementFilter.doFilter(SessionManagementFilter.java:86)
	at org.springframework.security.web.FilterChainProxy$VirtualFilterChain.doFilter(FilterChainProxy.java:380)
	at org.springframework.security.web.authentication.AnonymousAuthenticationFilter.doFilter(AnonymousAuthenticationFilter.java:100)
	at org.springframework.security.web.FilterChainProxy$VirtualFilterChain.doFilter(FilterChainProxy.java:380)
	at org.springframework.security.web.servletapi.SecurityContextHolderAwareRequestFilter.doFilter(SecurityContextHolderAwareRequestFilter.java:181)
	at org.springframework.security.web.FilterChainProxy$VirtualFilterChain.doFilter(FilterChainProxy.java:380)
	at org.springframework.security.web.savedrequest.RequestCacheAwareFilter.doFilter(RequestCacheAwareFilter.java:63)
	at org.springframework.security.web.FilterChainProxy$VirtualFilterChain.doFilter(FilterChainProxy.java:380)
	at com.eclectics.collaboration.Tool.security.JwtFilter.doFilterInternal(JwtFilter.java:85)
	at org.springframework.web.filter.OncePerRequestFilter.doFilter(OncePerRequestFilter.java:116)
	at org.springframework.security.web.FilterChainProxy$VirtualFilterChain.doFilter(FilterChainProxy.java:380)
	at com.eclectics.collaboration.Tool.security.RateLimitFilter.doFilterInternal(RateLimitFilter.java:50)
	at org.springframework.web.filter.OncePerRequestFilter.doFilter(OncePerRequestFilter.java:116)
	at org.springframework.security.web.FilterChainProxy$VirtualFilterChain.doFilter(FilterChainProxy.java:380)
	at org.springframework.security.web.authentication.logout.LogoutFilter.doFilter(LogoutFilter.java:110)
	at org.springframework.security.web.authentication.logout.LogoutFilter.doFilter(LogoutFilter.java:96)
	at org.springframework.security.web.FilterChainProxy$VirtualFilterChain.doFilter(FilterChainProxy.java:380)
	at org.springframework.web.filter.CorsFilter.doFilterInternal(CorsFilter.java:91)
	at org.springframework.web.filter.OncePerRequestFilter.doFilter(OncePerRequestFilter.java:116)
	at org.springframework.security.web.FilterChainProxy$VirtualFilterChain.doFilter(FilterChainProxy.java:380)
	at org.springframework.security.web.header.HeaderWriterFilter.doHeadersAfter(HeaderWriterFilter.java:90)
	at org.springframework.security.web.header.HeaderWriterFilter.doFilterInternal(HeaderWriterFilter.java:75)
	at org.springframework.web.filter.OncePerRequestFilter.doFilter(OncePerRequestFilter.java:116)
	at org.springframework.security.web.FilterChainProxy$VirtualFilterChain.doFilter(FilterChainProxy.java:380)
	at org.springframework.security.web.context.SecurityContextHolderFilter.doFilter(SecurityContextHolderFilter.java:82)
	at org.springframework.security.web.context.SecurityContextHolderFilter.doFilter(SecurityContextHolderFilter.java:69)
	at org.springframework.security.web.FilterChainProxy$VirtualFilterChain.doFilter(FilterChainProxy.java:380)
	at org.springframework.security.web.context.request.async.WebAsyncManagerIntegrationFilter.doFilterInternal(WebAsyncManagerIntegrationFilter.java:62)
	at org.springframework.web.filter.OncePerRequestFilter.doFilter(OncePerRequestFilter.java:116)
	at org.springframework.security.web.FilterChainProxy$VirtualFilterChain.doFilter(FilterChainProxy.java:380)
	at org.springframework.security.web.session.DisableEncodeUrlFilter.doFilterInternal(DisableEncodeUrlFilter.java:42)
	at org.springframework.web.filter.OncePerRequestFilter.doFilter(OncePerRequestFilter.java:116)
	at org.springframework.security.web.FilterChainProxy$VirtualFilterChain.doFilter(FilterChainProxy.java:380)
	at org.springframework.security.web.FilterChainProxy.doFilterInternal(FilterChainProxy.java:237)
	at org.springframework.security.web.FilterChainProxy.doFilter(FilterChainProxy.java:195)
	at org.springframework.web.filter.CompositeFilter$VirtualFilterChain.doFilter(CompositeFilter.java:113)
	at org.springframework.web.filter.ServletRequestPathFilter.doFilter(ServletRequestPathFilter.java:52)
	at org.springframework.web.filter.CompositeFilter$VirtualFilterChain.doFilter(CompositeFilter.java:113)
	at org.springframework.web.filter.CompositeFilter.doFilter(CompositeFilter.java:74)
	at org.springframework.security.config.annotation.web.configuration.WebSecurityConfiguration$CompositeFilterChainProxy.doFilter(WebSecurityConfiguration.java:317)
	at org.springframework.web.filter.DelegatingFilterProxy.invokeDelegate(DelegatingFilterProxy.java:355)
	at org.springframework.web.filter.DelegatingFilterProxy.doFilter(DelegatingFilterProxy.java:272)
	at org.apache.catalina.core.ApplicationFilterChain.doFilter(ApplicationFilterChain.java:107)
	at org.springframework.web.filter.RequestContextFilter.doFilterInternal(RequestContextFilter.java:100)
	at org.springframework.web.filter.OncePerRequestFilter.doFilter(OncePerRequestFilter.java:116)
	at org.apache.catalina.core.ApplicationFilterChain.doFilter(ApplicationFilterChain.java:107)
	at org.springframework.web.filter.FormContentFilter.doFilterInternal(FormContentFilter.java:93)
	at org.springframework.web.filter.OncePerRequestFilter.doFilter(OncePerRequestFilter.java:116)
	at org.apache.catalina.core.ApplicationFilterChain.doFilter(ApplicationFilterChain.java:107)
	at org.springframework.session.web.http.SessionRepositoryFilter.doFilterInternal(SessionRepositoryFilter.java:142)
	at org.springframework.session.web.http.OncePerRequestFilter.doFilter(OncePerRequestFilter.java:82)
	at org.springframework.web.filter.DelegatingFilterProxy.invokeDelegate(DelegatingFilterProxy.java:355)
	at org.springframework.web.filter.DelegatingFilterProxy.doFilter(DelegatingFilterProxy.java:272)
	at org.apache.catalina.core.ApplicationFilterChain.doFilter(ApplicationFilterChain.java:107)
	at org.springframework.web.filter.CharacterEncodingFilter.doFilterInternal(CharacterEncodingFilter.java:199)
	at org.springframework.web.filter.OncePerRequestFilter.doFilter(OncePerRequestFilter.java:116)
	at org.apache.catalina.core.ApplicationFilterChain.doFilter(ApplicationFilterChain.java:107)
	at org.apache.catalina.core.StandardWrapperValve.invoke(StandardWrapperValve.java:165)
	at org.apache.catalina.core.StandardContextValve.invoke(StandardContextValve.java:77)
	at org.apache.catalina.authenticator.AuthenticatorBase.invoke(AuthenticatorBase.java:482)
	at org.apache.catalina.core.StandardHostValve.invoke(StandardHostValve.java:113)
	at org.apache.catalina.valves.ErrorReportValve.invoke(ErrorReportValve.java:83)
	at org.apache.catalina.core.StandardEngineValve.invoke(StandardEngineValve.java:72)
	at org.apache.catalina.connector.CoyoteAdapter.service(CoyoteAdapter.java:341)
	at org.apache.coyote.http11.Http11Processor.service(Http11Processor.java:397)
	at org.apache.coyote.AbstractProcessorLight.process(AbstractProcessorLight.java:63)
	at org.apache.coyote.AbstractProtocol$ConnectionHandler.process(AbstractProtocol.java:903)
	at org.apache.tomcat.util.net.NioEndpoint$SocketProcessor.doRun(NioEndpoint.java:1778)
	at org.apache.tomcat.util.net.SocketProcessorBase.run(SocketProcessorBase.java:52)
	at org.apache.tomcat.util.threads.ThreadPoolExecutor.runWorker(ThreadPoolExecutor.java:946)
	at org.apache.tomcat.util.threads.ThreadPoolExecutor$Worker.run(ThreadPoolExecutor.java:480)
	at org.apache.tomcat.util.threads.TaskThread$WrappingRunnable.run(TaskThread.java:57)
	at java.base/java.lang.Thread.run(Thread.java:1583)
Caused by: org.springframework.web.reactive.function.client.WebClientRequestException: Failed to resolve 'api.brevo.com', couldn't setup transport: [id: 0xe24c6296]
	at org.springframework.web.reactive.function.client.ExchangeFunctions$DefaultExchangeFunction.lambda$wrapException$0(ExchangeFunctions.java:137)
	Suppressed: The stacktrace has been enhanced by Reactor, refer to additional information below: 
Error has been observed at the following site(s):
	*__checkpoint ⇢ Request to POST https://api.brevo.com/v3/smtp/email [DefaultWebClient]
Original Stack Trace:
		at org.springframework.web.reactive.function.client.ExchangeFunctions$DefaultExchangeFunction.lambda$wrapException$0(ExchangeFunctions.java:137)
		at reactor.core.publisher.MonoErrorSupplied.subscribe(MonoErrorSupplied.java:56)
		at reactor.core.publisher.Mono.subscribe(Mono.java:4569)
		at reactor.core.publisher.FluxOnErrorResume$ResumeSubscriber.onError(FluxOnErrorResume.java:104)
		at reactor.core.publisher.FluxPeek$PeekSubscriber.onError(FluxPeek.java:225)
		at reactor.core.publisher.FluxPeek$PeekSubscriber.onError(FluxPeek.java:225)
		at reactor.core.publisher.FluxPeek$PeekSubscriber.onError(FluxPeek.java:225)
		at reactor.core.publisher.MonoNext$NextSubscriber.onError(MonoNext.java:94)
		at reactor.core.publisher.MonoFlatMapMany$FlatMapManyMain.onError(MonoFlatMapMany.java:207)
		at reactor.core.publisher.SerializedSubscriber.onError(SerializedSubscriber.java:125)
		at reactor.core.publisher.FluxRetryWhen$RetryWhenMainSubscriber.whenError(FluxRetryWhen.java:230)
		at reactor.core.publisher.FluxRetryWhen$RetryWhenOtherSubscriber.onError(FluxRetryWhen.java:282)
		at reactor.core.publisher.FluxContextWrite$ContextWriteSubscriber.onError(FluxContextWrite.java:123)
		at reactor.core.publisher.FluxConcatMapNoPrefetch$FluxConcatMapNoPrefetchSubscriber.maybeOnError(FluxConcatMapNoPrefetch.java:327)
		at reactor.core.publisher.FluxConcatMapNoPrefetch$FluxConcatMapNoPrefetchSubscriber.onNext(FluxConcatMapNoPrefetch.java:212)
		at reactor.core.publisher.FluxContextWrite$ContextWriteSubscriber.onNext(FluxContextWrite.java:109)
		at reactor.core.publisher.SinkManyEmitterProcessor.drain(SinkManyEmitterProcessor.java:483)
		at reactor.core.publisher.SinkManyEmitterProcessor$EmitterInner.drainParent(SinkManyEmitterProcessor.java:627)
		at reactor.core.publisher.FluxPublish$PubSubInner.request(FluxPublish.java:881)
		at reactor.core.publisher.FluxContextWrite$ContextWriteSubscriber.request(FluxContextWrite.java:138)
		at reactor.core.publisher.FluxConcatMapNoPrefetch$FluxConcatMapNoPrefetchSubscriber.request(FluxConcatMapNoPrefetch.java:337)
		at reactor.core.publisher.FluxContextWrite$ContextWriteSubscriber.request(FluxContextWrite.java:138)
		at reactor.core.publisher.Operators$DeferredSubscription.request(Operators.java:1740)
		at reactor.core.publisher.FluxRetryWhen$RetryWhenMainSubscriber.onError(FluxRetryWhen.java:197)
		at reactor.core.publisher.MonoCreate$DefaultMonoSink.error(MonoCreate.java:208)
		at reactor.netty.http.client.HttpClientConnect$MonoHttpConnect$ClientTransportSubscriber.onError(HttpClientConnect.java:336)
		at reactor.core.publisher.MonoCreate$DefaultMonoSink.error(MonoCreate.java:208)
		at reactor.netty.resources.DefaultPooledConnectionProvider$DisposableAcquire.onError(DefaultPooledConnectionProvider.java:182)
		at reactor.netty.internal.shaded.reactor.pool.AbstractPool$Borrower.fail(AbstractPool.java:478)
		at reactor.netty.internal.shaded.reactor.pool.SimpleDequePool.lambda$drainLoop$9(SimpleDequePool.java:444)
		at reactor.core.publisher.FluxDoOnEach$DoOnEachSubscriber.onError(FluxDoOnEach.java:186)
		at reactor.core.publisher.MonoCreate$DefaultMonoSink.error(MonoCreate.java:208)
		at reactor.netty.resources.DefaultPooledConnectionProvider$PooledConnectionAllocator$PooledConnectionInitializer.onError(DefaultPooledConnectionProvider.java:605)
		at reactor.core.publisher.MonoFlatMap$FlatMapMain.secondError(MonoFlatMap.java:242)
		at reactor.core.publisher.MonoFlatMap$FlatMapInner.onError(MonoFlatMap.java:317)
		at reactor.core.publisher.FluxOnErrorResume$ResumeSubscriber.onError(FluxOnErrorResume.java:107)
		at reactor.core.publisher.Operators.error(Operators.java:198)
		at reactor.core.publisher.MonoError.subscribe(MonoError.java:54)
		at reactor.core.publisher.Mono.subscribe(Mono.java:4569)
		at reactor.core.publisher.FluxOnErrorResume$ResumeSubscriber.onError(FluxOnErrorResume.java:104)
		at reactor.netty.transport.TransportConnector$MonoChannelPromise.tryFailure(TransportConnector.java:604)
		at reactor.netty.transport.TransportConnector.lambda$doResolveAndConnect$11(TransportConnector.java:379)
		at io.netty.util.concurrent.DefaultPromise.notifyListener0(DefaultPromise.java:604)
		at io.netty.util.concurrent.DefaultPromise.notifyListenersNow(DefaultPromise.java:571)
		at io.netty.util.concurrent.DefaultPromise.notifyListeners(DefaultPromise.java:506)
		at io.netty.util.concurrent.DefaultPromise.setValue0(DefaultPromise.java:650)
		at io.netty.util.concurrent.DefaultPromise.setFailure0(DefaultPromise.java:643)
		at io.netty.util.concurrent.DefaultPromise.setFailure(DefaultPromise.java:124)
		at io.netty.resolver.InetSocketAddressResolver$2.operationComplete(InetSocketAddressResolver.java:86)
		at io.netty.util.concurrent.DefaultPromise.notifyListener0(DefaultPromise.java:604)
		at io.netty.util.concurrent.DefaultPromise.notifyListeners0(DefaultPromise.java:597)
		at io.netty.util.concurrent.DefaultPromise.notifyListenersNow(DefaultPromise.java:573)
		at io.netty.util.concurrent.DefaultPromise.notifyListeners(DefaultPromise.java:506)
		at io.netty.util.concurrent.DefaultPromise.setValue0(DefaultPromise.java:650)
		at io.netty.util.concurrent.DefaultPromise.setFailure0(DefaultPromise.java:643)
		at io.netty.util.concurrent.DefaultPromise.setFailure(DefaultPromise.java:124)
		at io.netty.resolver.dns.DnsNameResolver.doResolveAllNow(DnsNameResolver.java:1189)
		at io.netty.resolver.dns.DnsNameResolver.access$600(DnsNameResolver.java:96)
		at io.netty.resolver.dns.DnsNameResolver$7.operationComplete(DnsNameResolver.java:1174)
		at io.netty.resolver.dns.DnsNameResolver$7.operationComplete(DnsNameResolver.java:1171)
		at io.netty.util.concurrent.DefaultPromise.notifyListener0(DefaultPromise.java:604)
		at io.netty.util.concurrent.DefaultPromise.notifyListenersNow(DefaultPromise.java:571)
		at io.netty.util.concurrent.DefaultPromise.access$200(DefaultPromise.java:37)
		at io.netty.util.concurrent.DefaultPromise$1.run(DefaultPromise.java:517)
		at io.netty.util.concurrent.AbstractEventExecutor.runTask(AbstractEventExecutor.java:148)
		at io.netty.util.concurrent.AbstractEventExecutor.safeExecute$$$capture(AbstractEventExecutor.java:141)
		at io.netty.util.concurrent.AbstractEventExecutor.safeExecute(AbstractEventExecutor.java)
		at io.netty.util.concurrent.SingleThreadEventExecutor.runAllTasks(SingleThreadEventExecutor.java:535)
		at io.netty.channel.SingleThreadIoEventLoop.run(SingleThreadIoEventLoop.java:201)
		at io.netty.util.concurrent.SingleThreadEventExecutor$5.run(SingleThreadEventExecutor.java:1195)
		at io.netty.util.internal.ThreadExecutorMap$2.run(ThreadExecutorMap.java:74)
		at io.netty.util.concurrent.FastThreadLocalRunnable.run(FastThreadLocalRunnable.java:30)
		at java.base/java.lang.Thread.run(Thread.java:1583)
	Suppressed: java.lang.Exception: #block terminated with an error
		at reactor.core.publisher.BlockingSingleSubscriber.blockingGet(BlockingSingleSubscriber.java:104)
		at reactor.core.publisher.Mono.block(Mono.java:1773)
		at com.eclectics.collaboration.Tool.service.Impl.EmailServiceImpl.sendEmail(EmailServiceImpl.java:277)
		at com.eclectics.collaboration.Tool.service.Impl.EmailServiceImpl.sendInvitationEmail(EmailServiceImpl.java:182)
		at com.eclectics.collaboration.Tool.service.Impl.EmailServiceImpl.inviteUsers(EmailServiceImpl.java:150)
		at java.base/jdk.internal.reflect.DirectMethodHandleAccessor.invoke(DirectMethodHandleAccessor.java:103)
		at java.base/java.lang.reflect.Method.invoke(Method.java:580)
		at org.springframework.aop.support.AopUtils.invokeJoinpointUsingReflection(AopUtils.java:359)
		at org.springframework.aop.framework.ReflectiveMethodInvocation.invokeJoinpoint(ReflectiveMethodInvocation.java:190)
		at org.springframework.aop.framework.ReflectiveMethodInvocation.proceed(ReflectiveMethodInvocation.java:158)
		at org.springframework.transaction.interceptor.TransactionInterceptor$1.proceedWithInvocation(TransactionInterceptor.java:133)
		at org.springframework.transaction.interceptor.TransactionAspectSupport.invokeWithinTransaction(TransactionAspectSupport.java:371)
		at org.springframework.transaction.interceptor.TransactionInterceptor.invoke(TransactionInterceptor.java:130)
		at org.springframework.aop.framework.ReflectiveMethodInvocation.proceed(ReflectiveMethodInvocation.java:179)
		at org.springframework.aop.framework.CglibAopProxy$DynamicAdvisedInterceptor.intercept(CglibAopProxy.java:719)
		at com.eclectics.collaboration.Tool.service.Impl.EmailServiceImpl$$SpringCGLIB$$0.inviteUsers(<generated>)
		at com.eclectics.collaboration.Tool.controller.WorkSpaceController.inviteWorkmates(WorkSpaceController.java:77)
		at java.base/jdk.internal.reflect.DirectMethodHandleAccessor.invoke(DirectMethodHandleAccessor.java:103)
		at java.base/java.lang.reflect.Method.invoke(Method.java:580)
		at org.springframework.web.method.support.InvocableHandlerMethod.doInvoke(InvocableHandlerMethod.java:258)
		at org.springframework.web.method.support.InvocableHandlerMethod.invokeForRequest(InvocableHandlerMethod.java:190)
		at org.springframework.web.servlet.mvc.method.annotation.ServletInvocableHandlerMethod.invokeAndHandle(ServletInvocableHandlerMethod.java:117)
		at org.springframework.web.servlet.mvc.method.annotation.RequestMappingHandlerAdapter.invokeHandlerMethod(RequestMappingHandlerAdapter.java:934)
		at org.springframework.web.servlet.mvc.method.annotation.RequestMappingHandlerAdapter.handleInternal(RequestMappingHandlerAdapter.java:853)
		at org.springframework.web.servlet.mvc.method.AbstractHandlerMethodAdapter.handle(AbstractHandlerMethodAdapter.java:86)
		at org.springframework.web.servlet.DispatcherServlet.doDispatch(DispatcherServlet.java:963)
		at org.springframework.web.servlet.DispatcherServlet.doService(DispatcherServlet.java:866)
		at org.springframework.web.servlet.FrameworkServlet.processRequest(FrameworkServlet.java:1003)
		at org.springframework.web.servlet.FrameworkServlet.doPost(FrameworkServlet.java:903)
		at jakarta.servlet.http.HttpServlet.service(HttpServlet.java:649)
		at org.springframework.web.servlet.FrameworkServlet.service(FrameworkServlet.java:874)
		at jakarta.servlet.http.HttpServlet.service(HttpServlet.java:710)
		at org.apache.catalina.core.ApplicationFilterChain.doFilter(ApplicationFilterChain.java:128)
		at org.apache.tomcat.websocket.server.WsFilter.doFilter(WsFilter.java:53)
		at org.apache.catalina.core.ApplicationFilterChain.doFilter(ApplicationFilterChain.java:107)
		at org.springframework.web.filter.OncePerRequestFilter.doFilter(OncePerRequestFilter.java:110)
		at org.apache.catalina.core.ApplicationFilterChain.doFilter(ApplicationFilterChain.java:107)
		at org.springframework.web.filter.OncePerRequestFilter.doFilter(OncePerRequestFilter.java:110)
		at org.apache.catalina.core.ApplicationFilterChain.doFilter(ApplicationFilterChain.java:107)
		at org.springframework.web.filter.CompositeFilter$VirtualFilterChain.doFilter(CompositeFilter.java:108)
		at org.springframework.security.web.FilterChainProxy.lambda$doFilterInternal$3(FilterChainProxy.java:235)
		at org.springframework.security.web.FilterChainProxy$VirtualFilterChain.doFilter(FilterChainProxy.java:371)
		at org.springframework.security.web.access.intercept.AuthorizationFilter.doFilter(AuthorizationFilter.java:101)
		at org.springframework.security.web.FilterChainProxy$VirtualFilterChain.doFilter(FilterChainProxy.java:380)
		at org.springframework.security.web.access.ExceptionTranslationFilter.doFilter(ExceptionTranslationFilter.java:126)
		at org.springframework.security.web.access.ExceptionTranslationFilter.doFilter(ExceptionTranslationFilter.java:120)
		at org.springframework.security.web.FilterChainProxy$VirtualFilterChain.doFilter(FilterChainProxy.java:380)
		at org.springframework.security.web.session.SessionManagementFilter.doFilter(SessionManagementFilter.java:132)
		at org.springframework.security.web.session.SessionManagementFilter.doFilter(SessionManagementFilter.java:86)
		at org.springframework.security.web.FilterChainProxy$VirtualFilterChain.doFilter(FilterChainProxy.java:380)
		at org.springframework.security.web.authentication.AnonymousAuthenticationFilter.doFilter(AnonymousAuthenticationFilter.java:100)
		at org.springframework.security.web.FilterChainProxy$VirtualFilterChain.doFilter(FilterChainProxy.java:380)
		at org.springframework.security.web.servletapi.SecurityContextHolderAwareRequestFilter.doFilter(SecurityContextHolderAwareRequestFilter.java:181)
		at org.springframework.security.web.FilterChainProxy$VirtualFilterChain.doFilter(FilterChainProxy.java:380)
		at org.springframework.security.web.savedrequest.RequestCacheAwareFilter.doFilter(RequestCacheAwareFilter.java:63)
		at org.springframework.security.web.FilterChainProxy$VirtualFilterChain.doFilter(FilterChainProxy.java:380)
		at com.eclectics.collaboration.Tool.security.JwtFilter.doFilterInternal(JwtFilter.java:85)
		at org.springframework.web.filter.OncePerRequestFilter.doFilter(OncePerRequestFilter.java:116)
		at org.springframework.security.web.FilterChainProxy$VirtualFilterChain.doFilter(FilterChainProxy.java:380)
		at com.eclectics.collaboration.Tool.security.RateLimitFilter.doFilterInternal(RateLimitFilter.java:50)
		at org.springframework.web.filter.OncePerRequestFilter.doFilter(OncePerRequestFilter.java:116)
		at org.springframework.security.web.FilterChainProxy$VirtualFilterChain.doFilter(FilterChainProxy.java:380)
		at org.springframework.security.web.authentication.logout.LogoutFilter.doFilter(LogoutFilter.java:110)
		at org.springframework.security.web.authentication.logout.LogoutFilter.doFilter(LogoutFilter.java:96)
		at org.springframework.security.web.FilterChainProxy$VirtualFilterChain.doFilter(FilterChainProxy.java:380)
		at org.springframework.web.filter.CorsFilter.doFilterInternal(CorsFilter.java:91)
		at org.springframework.web.filter.OncePerRequestFilter.doFilter(OncePerRequestFilter.java:116)
		at org.springframework.security.web.FilterChainProxy$VirtualFilterChain.doFilter(FilterChainProxy.java:380)
		at org.springframework.security.web.header.HeaderWriterFilter.doHeadersAfter(HeaderWriterFilter.java:90)
		at org.springframework.security.web.header.HeaderWriterFilter.doFilterInternal(HeaderWriterFilter.java:75)
		at org.springframework.web.filter.OncePerRequestFilter.doFilter(OncePerRequestFilter.java:116)
		at org.springframework.security.web.FilterChainProxy$VirtualFilterChain.doFilter(FilterChainProxy.java:380)
		at org.springframework.security.web.context.SecurityContextHolderFilter.doFilter(SecurityContextHolderFilter.java:82)
		at org.springframework.security.web.context.SecurityContextHolderFilter.doFilter(SecurityContextHolderFilter.java:69)
		at org.springframework.security.web.FilterChainProxy$VirtualFilterChain.doFilter(FilterChainProxy.java:380)
		at org.springframework.security.web.context.request.async.WebAsyncManagerIntegrationFilter.doFilterInternal(WebAsyncManagerIntegrationFilter.java:62)
		at org.springframework.web.filter.OncePerRequestFilter.doFilter(OncePerRequestFilter.java:116)
		at org.springframework.security.web.FilterChainProxy$VirtualFilterChain.doFilter(FilterChainProxy.java:380)
		at org.springframework.security.web.session.DisableEncodeUrlFilter.doFilterInternal(DisableEncodeUrlFilter.java:42)
		at org.springframework.web.filter.OncePerRequestFilter.doFilter(OncePerRequestFilter.java:116)
		at org.springframework.security.web.FilterChainProxy$VirtualFilterChain.doFilter(FilterChainProxy.java:380)
		at org.springframework.security.web.FilterChainProxy.doFilterInternal(FilterChainProxy.java:237)
		at org.springframework.security.web.FilterChainProxy.doFilter(FilterChainProxy.java:195)
		at org.springframework.web.filter.CompositeFilter$VirtualFilterChain.doFilter(CompositeFilter.java:113)
		at org.springframework.web.filter.ServletRequestPathFilter.doFilter(ServletRequestPathFilter.java:52)
		at org.springframework.web.filter.CompositeFilter$VirtualFilterChain.doFilter(CompositeFilter.java:113)
		at org.springframework.web.filter.CompositeFilter.doFilter(CompositeFilter.java:74)
		at org.springframework.security.config.annotation.web.configuration.WebSecurityConfiguration$CompositeFilterChainProxy.doFilter(WebSecurityConfiguration.java:317)
		at org.springframework.web.filter.DelegatingFilterProxy.invokeDelegate(DelegatingFilterProxy.java:355)
		at org.springframework.web.filter.DelegatingFilterProxy.doFilter(DelegatingFilterProxy.java:272)
		at org.apache.catalina.core.ApplicationFilterChain.doFilter(ApplicationFilterChain.java:107)
		at org.springframework.web.filter.RequestContextFilter.doFilterInternal(RequestContextFilter.java:100)
		at org.springframework.web.filter.OncePerRequestFilter.doFilter(OncePerRequestFilter.java:116)
		at org.apache.catalina.core.ApplicationFilterChain.doFilter(ApplicationFilterChain.java:107)
		at org.springframework.web.filter.FormContentFilter.doFilterInternal(FormContentFilter.java:93)
		at org.springframework.web.filter.OncePerRequestFilter.doFilter(OncePerRequestFilter.java:116)
		at org.apache.catalina.core.ApplicationFilterChain.doFilter(ApplicationFilterChain.java:107)
		at org.springframework.session.web.http.SessionRepositoryFilter.doFilterInternal(SessionRepositoryFilter.java:142)
		at org.springframework.session.web.http.OncePerRequestFilter.doFilter(OncePerRequestFilter.java:82)
		at org.springframework.web.filter.DelegatingFilterProxy.invokeDelegate(DelegatingFilterProxy.java:355)
		at org.springframework.web.filter.DelegatingFilterProxy.doFilter(DelegatingFilterProxy.java:272)
		at org.apache.catalina.core.ApplicationFilterChain.doFilter(ApplicationFilterChain.java:107)
		at org.springframework.web.filter.CharacterEncodingFilter.doFilterInternal(CharacterEncodingFilter.java:199)
		at org.springframework.web.filter.OncePerRequestFilter.doFilter(OncePerRequestFilter.java:116)
		at org.apache.catalina.core.ApplicationFilterChain.doFilter(ApplicationFilterChain.java:107)
		at org.apache.catalina.core.StandardWrapperValve.invoke(StandardWrapperValve.java:165)
		at org.apache.catalina.core.StandardContextValve.invoke(StandardContextValve.java:77)
		at org.apache.catalina.authenticator.AuthenticatorBase.invoke(AuthenticatorBase.java:482)
		at org.apache.catalina.core.StandardHostValve.invoke(StandardHostValve.java:113)
		at org.apache.catalina.valves.ErrorReportValve.invoke(ErrorReportValve.java:83)
		at org.apache.catalina.core.StandardEngineValve.invoke(StandardEngineValve.java:72)
		at org.apache.catalina.connector.CoyoteAdapter.service(CoyoteAdapter.java:341)
		at org.apache.coyote.http11.Http11Processor.service(Http11Processor.java:397)
		at org.apache.coyote.AbstractProcessorLight.process(AbstractProcessorLight.java:63)
		at org.apache.coyote.AbstractProtocol$ConnectionHandler.process(AbstractProtocol.java:903)
		at org.apache.tomcat.util.net.NioEndpoint$SocketProcessor.doRun(NioEndpoint.java:1778)
		at org.apache.tomcat.util.net.SocketProcessorBase.run(SocketProcessorBase.java:52)
		at org.apache.tomcat.util.threads.ThreadPoolExecutor.runWorker(ThreadPoolExecutor.java:946)
		at org.apache.tomcat.util.threads.ThreadPoolExecutor$Worker.run(ThreadPoolExecutor.java:480)
		at org.apache.tomcat.util.threads.TaskThread$WrappingRunnable.run(TaskThread.java:57)
		at java.base/java.lang.Thread.run(Thread.java:1583)
Caused by: java.net.UnknownHostException: Failed to resolve 'api.brevo.com', couldn't setup transport: [id: 0xe24c6296]
	at io.netty.resolver.dns.DnsNameResolver.toException(DnsNameResolver.java:942)
	at io.netty.resolver.dns.DnsNameResolver.doResolveAllNow(DnsNameResolver.java:1188)
	at io.netty.resolver.dns.DnsNameResolver.access$600(DnsNameResolver.java:96)
	at io.netty.resolver.dns.DnsNameResolver$7.operationComplete(DnsNameResolver.java:1174)
	at io.netty.resolver.dns.DnsNameResolver$7.operationComplete(DnsNameResolver.java:1171)
	at io.netty.util.concurrent.DefaultPromise.notifyListener0(DefaultPromise.java:604)
	at io.netty.util.concurrent.DefaultPromise.notifyListenersNow(DefaultPromise.java:571)
	at io.netty.util.concurrent.DefaultPromise.access$200(DefaultPromise.java:37)
	at io.netty.util.concurrent.DefaultPromise$1.run(DefaultPromise.java:517)
	at io.netty.util.concurrent.AbstractEventExecutor.runTask(AbstractEventExecutor.java:148)
	at io.netty.util.concurrent.AbstractEventExecutor.safeExecute$$$capture(AbstractEventExecutor.java:141)
	at io.netty.util.concurrent.AbstractEventExecutor.safeExecute(AbstractEventExecutor.java)
	at io.netty.util.concurrent.SingleThreadEventExecutor.runAllTasks(SingleThreadEventExecutor.java:535)
	at io.netty.channel.SingleThreadIoEventLoop.run(SingleThreadIoEventLoop.java:201)
	at io.netty.util.concurrent.SingleThreadEventExecutor$5.run(SingleThreadEventExecutor.java:1195)
	at io.netty.util.internal.ThreadExecutorMap$2.run(ThreadExecutorMap.java:74)
	at io.netty.util.concurrent.FastThreadLocalRunnable.run(FastThreadLocalRunnable.java:30)
	at java.base/java.lang.Thread.run(Thread.java:1583)
Caused by: java.net.BindException: Address already in use: bind
	at java.base/sun.nio.ch.Net.bind0(Native Method)
	at java.base/sun.nio.ch.Net.bind(Net.java:565)
	at java.base/sun.nio.ch.DatagramChannelImpl.bindInternal(DatagramChannelImpl.java:1329)
	at java.base/sun.nio.ch.DatagramChannelImpl.bind(DatagramChannelImpl.java:1299)
	at io.netty.util.internal.SocketUtils$6.run(SocketUtils.java:131)
	at io.netty.util.internal.SocketUtils$6.run(SocketUtils.java:128)
	at java.base/java.security.AccessController.doPrivileged(AccessController.java:571)
	at io.netty.util.internal.SocketUtils.bind(SocketUtils.java:128)
	at io.netty.channel.socket.nio.NioDatagramChannel.doBind0(NioDatagramChannel.java:215)
	at io.netty.channel.socket.nio.NioDatagramChannel.doBind(NioDatagramChannel.java:211)
	at io.netty.channel.AbstractChannel$AbstractUnsafe.bind(AbstractChannel.java:434)
	at io.netty.channel.DefaultChannelPipeline$HeadContext.bind(DefaultChannelPipeline.java:1353)
	at io.netty.channel.AbstractChannelHandlerContext.invokeBind(AbstractChannelHandlerContext.java:492)
	at io.netty.channel.AbstractChannelHandlerContext.bind(AbstractChannelHandlerContext.java:471)
	at io.netty.channel.DefaultChannelPipeline.bind(DefaultChannelPipeline.java:994)
	at io.netty.channel.Channel.bind(Channel.java:302)
	at io.netty.bootstrap.AbstractBootstrap$2.run(AbstractBootstrap.java:384)
	... 9 common frames omitted
2026-08-21 12:38:18 INFO  c.e.c.Tool.security.RateLimitFilter - Request from IP: 10.235.148.185 | URI: /board/5/members | Tokens remaining: 50
2026-08-21 12:38:18 INFO  c.e.c.Tool.security.RateLimitFilter - Request from IP: 10.235.148.185 | URI: /boards/5/lists | Tokens remaining: 50
2026-08-21 12:38:19 INFO  c.e.c.Tool.security.RateLimitFilter - Request from IP: 10.235.148.185 | URI: /cards/lists/8/cards | Tokens remaining: 48
2026-08-21 12:38:19 INFO  c.e.c.Tool.security.RateLimitFilter - Request from IP: 10.235.148.185 | URI: /cards/lists/7/cards | Tokens remaining: 48
2026-08-21 12:41:16 INFO  c.e.c.Tool.security.RateLimitFilter - Request from IP: 10.235.148.185 | URI: /workspace/2/invite | Tokens remaining: 50
2026-08-21 12:41:16 INFO  c.e.c.T.s.Impl.EmailServiceImpl - Attempting to send email to: abrahamnetsec@gmail.com
2026-08-21 12:41:18 INFO  c.e.c.T.s.Impl.EmailServiceImpl - Email sent successfully to: abrahamnetsec@gmail.com
2026-08-21 12:56:13 INFO  o.s.w.s.c.WebSocketMessageBrokerStats - WebSocketSession[0 current WS(0)-HttpStream(0)-HttpPoll(0), 0 total, 0 closed abnormally (0 connect failure, 0 send limit, 0 transport error)], stompSubProtocol[processed CONNECT(0)-CONNECTED(0)-DISCONNECT(0)], stompBrokerRelay[null], inboundChannel[pool size = 0, active threads = 0, queued tasks = 0, completed tasks = 0], outboundChannel[pool size = 0, active threads = 0, queued tasks = 0, completed tasks = 0], sockJsScheduler[pool size = 4, active threads = 1, queued tasks = 3, completed tasks = 311]
2026-08-21 13:13:32 INFO  c.e.c.Tool.security.RateLimitFilter - Request from IP: 10.235.148.185 | URI: /boards/4/star | Tokens remaining: 50
2026-08-21 13:13:32 WARN  c.e.c.Tool.security.JwtFilter - JWT Expired: JWT expired at 2026-08-21T09:43:54Z. Current time: 2026-08-21T10:13:32Z, a difference of 1778913 milliseconds.  Allowed clock skew: 0 milliseconds.
2026-08-21 13:13:32 INFO  c.e.c.Tool.security.RateLimitFilter - Request from IP: 10.235.148.185 | URI: /user/refresh | Tokens remaining: 49
2026-08-21 13:13:33 INFO  c.e.c.Tool.security.RateLimitFilter - Request from IP: 10.235.148.185 | URI: /boards/4/star | Tokens remaining: 48
2026-08-21 13:13:34 INFO  c.e.c.Tool.security.RateLimitFilter - Request from IP: 10.235.148.185 | URI: /boards/4/star | Tokens remaining: 48
2026-08-21 13:13:37 ERROR c.e.c.T.e.CollaborationExceptionHandler - Unexpected error occurred: Unexpected row count (expected row count 1 but was 0) [delete from public.starred_boards where id=?] for entity [com.eclectics.collaboration.Tool.model.StarredBoard with id '12']
org.springframework.orm.ObjectOptimisticLockingFailureException: Unexpected row count (expected row count 1 but was 0) [delete from public.starred_boards where id=?] for entity [com.eclectics.collaboration.Tool.model.StarredBoard with id '12']
	at org.springframework.orm.jpa.hibernate.HibernateExceptionTranslator.convertHibernateAccessException(HibernateExceptionTranslator.java:204)
	at org.springframework.orm.jpa.hibernate.HibernateExceptionTranslator.convertHibernateAccessException(HibernateExceptionTranslator.java:131)
	at org.springframework.orm.jpa.hibernate.HibernateExceptionTranslator.translateExceptionIfPossible(HibernateExceptionTranslator.java:109)
	at org.springframework.orm.jpa.vendor.HibernateJpaDialect.translateExceptionIfPossible(HibernateJpaDialect.java:199)
	at org.springframework.orm.jpa.JpaTransactionManager.doCommit(JpaTransactionManager.java:557)
	at org.springframework.transaction.support.AbstractPlatformTransactionManager.processCommit(AbstractPlatformTransactionManager.java:794)
	at org.springframework.transaction.support.AbstractPlatformTransactionManager.commit(AbstractPlatformTransactionManager.java:757)
	at org.springframework.transaction.interceptor.TransactionAspectSupport.commitTransactionAfterReturning(TransactionAspectSupport.java:687)
	at org.springframework.transaction.interceptor.TransactionAspectSupport.invokeWithinTransaction(TransactionAspectSupport.java:408)
	at org.springframework.transaction.interceptor.TransactionInterceptor.invoke(TransactionInterceptor.java:130)
	at org.springframework.aop.framework.ReflectiveMethodInvocation.proceed(ReflectiveMethodInvocation.java:179)
	at org.springframework.aop.framework.CglibAopProxy$DynamicAdvisedInterceptor.intercept(CglibAopProxy.java:719)
	at com.eclectics.collaboration.Tool.service.Impl.BoardsServiceImpl$$SpringCGLIB$$0.toggleStarBoard(<generated>)
	at com.eclectics.collaboration.Tool.controller.BoardController.toggleStarBoard(BoardController.java:158)
	at java.base/jdk.internal.reflect.DirectMethodHandleAccessor.invoke(DirectMethodHandleAccessor.java:103)
	at java.base/java.lang.reflect.Method.invoke(Method.java:580)
	at org.springframework.web.method.support.InvocableHandlerMethod.doInvoke(InvocableHandlerMethod.java:258)
	at org.springframework.web.method.support.InvocableHandlerMethod.invokeForRequest(InvocableHandlerMethod.java:190)
	at org.springframework.web.servlet.mvc.method.annotation.ServletInvocableHandlerMethod.invokeAndHandle(ServletInvocableHandlerMethod.java:117)
	at org.springframework.web.servlet.mvc.method.annotation.RequestMappingHandlerAdapter.invokeHandlerMethod(RequestMappingHandlerAdapter.java:934)
	at org.springframework.web.servlet.mvc.method.annotation.RequestMappingHandlerAdapter.handleInternal(RequestMappingHandlerAdapter.java:853)
	at org.springframework.web.servlet.mvc.method.AbstractHandlerMethodAdapter.handle(AbstractHandlerMethodAdapter.java:86)
	at org.springframework.web.servlet.DispatcherServlet.doDispatch(DispatcherServlet.java:963)
	at org.springframework.web.servlet.DispatcherServlet.doService(DispatcherServlet.java:866)
	at org.springframework.web.servlet.FrameworkServlet.processRequest(FrameworkServlet.java:1003)
	at org.springframework.web.servlet.FrameworkServlet.doPost(FrameworkServlet.java:903)
	at jakarta.servlet.http.HttpServlet.service(HttpServlet.java:649)
	at org.springframework.web.servlet.FrameworkServlet.service(FrameworkServlet.java:874)
	at jakarta.servlet.http.HttpServlet.service(HttpServlet.java:710)
	at org.apache.catalina.core.ApplicationFilterChain.doFilter(ApplicationFilterChain.java:128)
	at org.apache.tomcat.websocket.server.WsFilter.doFilter(WsFilter.java:53)
	at org.apache.catalina.core.ApplicationFilterChain.doFilter(ApplicationFilterChain.java:107)
	at org.springframework.web.filter.OncePerRequestFilter.doFilter(OncePerRequestFilter.java:110)
	at org.apache.catalina.core.ApplicationFilterChain.doFilter(ApplicationFilterChain.java:107)
	at org.springframework.web.filter.OncePerRequestFilter.doFilter(OncePerRequestFilter.java:110)
	at org.apache.catalina.core.ApplicationFilterChain.doFilter(ApplicationFilterChain.java:107)
	at org.springframework.web.filter.CompositeFilter$VirtualFilterChain.doFilter(CompositeFilter.java:108)
	at org.springframework.security.web.FilterChainProxy.lambda$doFilterInternal$3(FilterChainProxy.java:235)
	at org.springframework.security.web.FilterChainProxy$VirtualFilterChain.doFilter(FilterChainProxy.java:371)
	at org.springframework.security.web.access.intercept.AuthorizationFilter.doFilter(AuthorizationFilter.java:101)
	at org.springframework.security.web.FilterChainProxy$VirtualFilterChain.doFilter(FilterChainProxy.java:380)
	at org.springframework.security.web.access.ExceptionTranslationFilter.doFilter(ExceptionTranslationFilter.java:126)
	at org.springframework.security.web.access.ExceptionTranslationFilter.doFilter(ExceptionTranslationFilter.java:120)
	at org.springframework.security.web.FilterChainProxy$VirtualFilterChain.doFilter(FilterChainProxy.java:380)
	at org.springframework.security.web.session.SessionManagementFilter.doFilter(SessionManagementFilter.java:132)
	at org.springframework.security.web.session.SessionManagementFilter.doFilter(SessionManagementFilter.java:86)
	at org.springframework.security.web.FilterChainProxy$VirtualFilterChain.doFilter(FilterChainProxy.java:380)
	at org.springframework.security.web.authentication.AnonymousAuthenticationFilter.doFilter(AnonymousAuthenticationFilter.java:100)
	at org.springframework.security.web.FilterChainProxy$VirtualFilterChain.doFilter(FilterChainProxy.java:380)
	at org.springframework.security.web.servletapi.SecurityContextHolderAwareRequestFilter.doFilter(SecurityContextHolderAwareRequestFilter.java:181)
	at org.springframework.security.web.FilterChainProxy$VirtualFilterChain.doFilter(FilterChainProxy.java:380)
	at org.springframework.security.web.savedrequest.RequestCacheAwareFilter.doFilter(RequestCacheAwareFilter.java:63)
	at org.springframework.security.web.FilterChainProxy$VirtualFilterChain.doFilter(FilterChainProxy.java:380)
	at com.eclectics.collaboration.Tool.security.JwtFilter.doFilterInternal(JwtFilter.java:85)
	at org.springframework.web.filter.OncePerRequestFilter.doFilter(OncePerRequestFilter.java:116)
	at org.springframework.security.web.FilterChainProxy$VirtualFilterChain.doFilter(FilterChainProxy.java:380)
	at com.eclectics.collaboration.Tool.security.RateLimitFilter.doFilterInternal(RateLimitFilter.java:50)
	at org.springframework.web.filter.OncePerRequestFilter.doFilter(OncePerRequestFilter.java:116)
	at org.springframework.security.web.FilterChainProxy$VirtualFilterChain.doFilter(FilterChainProxy.java:380)
	at org.springframework.security.web.authentication.logout.LogoutFilter.doFilter(LogoutFilter.java:110)
	at org.springframework.security.web.authentication.logout.LogoutFilter.doFilter(LogoutFilter.java:96)
	at org.springframework.security.web.FilterChainProxy$VirtualFilterChain.doFilter(FilterChainProxy.java:380)
	at org.springframework.web.filter.CorsFilter.doFilterInternal(CorsFilter.java:91)
	at org.springframework.web.filter.OncePerRequestFilter.doFilter(OncePerRequestFilter.java:116)
	at org.springframework.security.web.FilterChainProxy$VirtualFilterChain.doFilter(FilterChainProxy.java:380)
	at org.springframework.security.web.header.HeaderWriterFilter.doHeadersAfter(HeaderWriterFilter.java:90)
	at org.springframework.security.web.header.HeaderWriterFilter.doFilterInternal(HeaderWriterFilter.java:75)
	at org.springframework.web.filter.OncePerRequestFilter.doFilter(OncePerRequestFilter.java:116)
	at org.springframework.security.web.FilterChainProxy$VirtualFilterChain.doFilter(FilterChainProxy.java:380)
	at org.springframework.security.web.context.SecurityContextHolderFilter.doFilter(SecurityContextHolderFilter.java:82)
	at org.springframework.security.web.context.SecurityContextHolderFilter.doFilter(SecurityContextHolderFilter.java:69)
	at org.springframework.security.web.FilterChainProxy$VirtualFilterChain.doFilter(FilterChainProxy.java:380)
	at org.springframework.security.web.context.request.async.WebAsyncManagerIntegrationFilter.doFilterInternal(WebAsyncManagerIntegrationFilter.java:62)
	at org.springframework.web.filter.OncePerRequestFilter.doFilter(OncePerRequestFilter.java:116)
	at org.springframework.security.web.FilterChainProxy$VirtualFilterChain.doFilter(FilterChainProxy.java:380)
	at org.springframework.security.web.session.DisableEncodeUrlFilter.doFilterInternal(DisableEncodeUrlFilter.java:42)
	at org.springframework.web.filter.OncePerRequestFilter.doFilter(OncePerRequestFilter.java:116)
	at org.springframework.security.web.FilterChainProxy$VirtualFilterChain.doFilter(FilterChainProxy.java:380)
	at org.springframework.security.web.FilterChainProxy.doFilterInternal(FilterChainProxy.java:237)
	at org.springframework.security.web.FilterChainProxy.doFilter(FilterChainProxy.java:195)
	at org.springframework.web.filter.CompositeFilter$VirtualFilterChain.doFilter(CompositeFilter.java:113)
	at org.springframework.web.filter.ServletRequestPathFilter.doFilter(ServletRequestPathFilter.java:52)
	at org.springframework.web.filter.CompositeFilter$VirtualFilterChain.doFilter(CompositeFilter.java:113)
	at org.springframework.web.filter.CompositeFilter.doFilter(CompositeFilter.java:74)
	at org.springframework.security.config.annotation.web.configuration.WebSecurityConfiguration$CompositeFilterChainProxy.doFilter(WebSecurityConfiguration.java:317)
	at org.springframework.web.filter.DelegatingFilterProxy.invokeDelegate(DelegatingFilterProxy.java:355)
	at org.springframework.web.filter.DelegatingFilterProxy.doFilter(DelegatingFilterProxy.java:272)
	at org.apache.catalina.core.ApplicationFilterChain.doFilter(ApplicationFilterChain.java:107)
	at org.springframework.web.filter.RequestContextFilter.doFilterInternal(RequestContextFilter.java:100)
	at org.springframework.web.filter.OncePerRequestFilter.doFilter(OncePerRequestFilter.java:116)
	at org.apache.catalina.core.ApplicationFilterChain.doFilter(ApplicationFilterChain.java:107)
	at org.springframework.web.filter.FormContentFilter.doFilterInternal(FormContentFilter.java:93)
	at org.springframework.web.filter.OncePerRequestFilter.doFilter(OncePerRequestFilter.java:116)
	at org.apache.catalina.core.ApplicationFilterChain.doFilter(ApplicationFilterChain.java:107)
	at org.springframework.session.web.http.SessionRepositoryFilter.doFilterInternal(SessionRepositoryFilter.java:142)
	at org.springframework.session.web.http.OncePerRequestFilter.doFilter(OncePerRequestFilter.java:82)
	at org.springframework.web.filter.DelegatingFilterProxy.invokeDelegate(DelegatingFilterProxy.java:355)
	at org.springframework.web.filter.DelegatingFilterProxy.doFilter(DelegatingFilterProxy.java:272)
	at org.apache.catalina.core.ApplicationFilterChain.doFilter(ApplicationFilterChain.java:107)
	at org.springframework.web.filter.CharacterEncodingFilter.doFilterInternal(CharacterEncodingFilter.java:199)
	at org.springframework.web.filter.OncePerRequestFilter.doFilter(OncePerRequestFilter.java:116)
	at org.apache.catalina.core.ApplicationFilterChain.doFilter(ApplicationFilterChain.java:107)
	at org.apache.catalina.core.StandardWrapperValve.invoke(StandardWrapperValve.java:165)
	at org.apache.catalina.core.StandardContextValve.invoke(StandardContextValve.java:77)
	at org.apache.catalina.authenticator.AuthenticatorBase.invoke(AuthenticatorBase.java:482)
	at org.apache.catalina.core.StandardHostValve.invoke(StandardHostValve.java:113)
	at org.apache.catalina.valves.ErrorReportValve.invoke(ErrorReportValve.java:83)
	at org.apache.catalina.core.StandardEngineValve.invoke(StandardEngineValve.java:72)
	at org.apache.catalina.connector.CoyoteAdapter.service(CoyoteAdapter.java:341)
	at org.apache.coyote.http11.Http11Processor.service(Http11Processor.java:397)
	at org.apache.coyote.AbstractProcessorLight.process(AbstractProcessorLight.java:63)
	at org.apache.coyote.AbstractProtocol$ConnectionHandler.process(AbstractProtocol.java:903)
	at org.apache.tomcat.util.net.NioEndpoint$SocketProcessor.doRun(NioEndpoint.java:1778)
	at org.apache.tomcat.util.net.SocketProcessorBase.run(SocketProcessorBase.java:52)
	at org.apache.tomcat.util.threads.ThreadPoolExecutor.runWorker(ThreadPoolExecutor.java:946)
	at org.apache.tomcat.util.threads.ThreadPoolExecutor$Worker.run(ThreadPoolExecutor.java:480)
	at org.apache.tomcat.util.threads.TaskThread$WrappingRunnable.run(TaskThread.java:57)
	at java.base/java.lang.Thread.run(Thread.java:1583)
Caused by: org.hibernate.StaleObjectStateException: Unexpected row count (expected row count 1 but was 0) [delete from public.starred_boards where id=?] for entity [com.eclectics.collaboration.Tool.model.StarredBoard with id '12']
	at org.hibernate.engine.jdbc.mutation.internal.ModelMutationHelper.identifiedResultsCheck(ModelMutationHelper.java:73)
	at org.hibernate.persister.entity.mutation.AbstractDeleteCoordinator.resultCheck(AbstractDeleteCoordinator.java:289)
	at org.hibernate.persister.entity.mutation.AbstractDeleteCoordinator.lambda$doStaticDelete$0(AbstractDeleteCoordinator.java:273)
	at org.hibernate.engine.jdbc.mutation.internal.ModelMutationHelper.checkResults(ModelMutationHelper.java:48)
	at org.hibernate.engine.jdbc.mutation.internal.AbstractMutationExecutor.performNonBatchedMutation(AbstractMutationExecutor.java:152)
	at org.hibernate.engine.jdbc.mutation.internal.MutationExecutorSingleNonBatched.performNonBatchedOperations(MutationExecutorSingleNonBatched.java:53)
	at org.hibernate.engine.jdbc.mutation.internal.AbstractMutationExecutor.execute(AbstractMutationExecutor.java:66)
	at org.hibernate.persister.entity.mutation.AbstractDeleteCoordinator.doStaticDelete(AbstractDeleteCoordinator.java:268)
	at org.hibernate.persister.entity.mutation.AbstractDeleteCoordinator.delete(AbstractDeleteCoordinator.java:79)
	at org.hibernate.action.internal.EntityDeleteAction.execute(EntityDeleteAction.java:119)
	at org.hibernate.engine.spi.ActionQueue.executeActions(ActionQueue.java:634)
	at org.hibernate.engine.spi.ActionQueue.executeActions(ActionQueue.java:505)
	at org.hibernate.event.internal.AbstractFlushingEventListener.performExecutions(AbstractFlushingEventListener.java:381)
	at org.hibernate.event.internal.DefaultFlushEventListener.onFlush(DefaultFlushEventListener.java:40)
	at org.hibernate.event.service.internal.EventListenerGroupImpl.fireEventOnEachListener(EventListenerGroupImpl.java:138)
	at org.hibernate.internal.SessionImpl.fireFlush(SessionImpl.java:1489)
	at org.hibernate.internal.SessionImpl.managedFlush(SessionImpl.java:481)
	at org.hibernate.internal.SessionImpl.flushBeforeTransactionCompletion(SessionImpl.java:2116)
	at org.hibernate.internal.SessionImpl.beforeTransactionCompletion(SessionImpl.java:2038)
	at org.hibernate.engine.jdbc.internal.JdbcCoordinatorImpl.beforeTransactionCompletion(JdbcCoordinatorImpl.java:410)
	at org.hibernate.resource.transaction.backend.jdbc.internal.JdbcResourceLocalTransactionCoordinatorImpl.beforeCompletionCallback(JdbcResourceLocalTransactionCoordinatorImpl.java:166)
	at org.hibernate.resource.transaction.backend.jdbc.internal.JdbcResourceLocalTransactionCoordinatorImpl$TransactionDriverControlImpl.commitNoRollbackOnly(JdbcResourceLocalTransactionCoordinatorImpl.java:248)
	at org.hibernate.resource.transaction.backend.jdbc.internal.JdbcResourceLocalTransactionCoordinatorImpl$TransactionDriverControlImpl.commit(JdbcResourceLocalTransactionCoordinatorImpl.java:242)
	at org.hibernate.engine.transaction.internal.TransactionImpl.commit(TransactionImpl.java:89)
	at org.springframework.orm.jpa.JpaTransactionManager.doCommit(JpaTransactionManager.java:553)
	... 113 common frames omitted
Caused by: org.hibernate.StaleStateException: Unexpected row count (expected row count 1 but was 0) [delete from public.starred_boards where id=?]
	at org.hibernate.jdbc.Expectations.checkNonBatched(Expectations.java:93)
	at org.hibernate.jdbc.Expectation$RowCount.verifyOutcome(Expectation.java:170)
	at org.hibernate.engine.jdbc.mutation.internal.ModelMutationHelper.identifiedResultsCheck(ModelMutationHelper.java:60)
	... 137 common frames omitted
2026-08-21 13:13:43 INFO  c.e.c.Tool.security.RateLimitFilter - Request from IP: 10.235.148.185 | URI: /boards/4/star | Tokens remaining: 50
2026-08-21 13:13:50 INFO  c.e.c.Tool.security.RateLimitFilter - Request from IP: 10.235.148.185 | URI: /boards/4/star | Tokens remaining: 50
2026-08-21 13:16:34 INFO  c.e.c.Tool.security.RateLimitFilter - Request from IP: 10.235.148.185 | URI: /boards/lists/9 | Tokens remaining: 50
2026-08-21 13:26:13 INFO  o.s.w.s.c.WebSocketMessageBrokerStats - WebSocketSession[0 current WS(0)-HttpStream(0)-HttpPoll(0), 0 total, 0 closed abnormally (0 connect failure, 0 send limit, 0 transport error)], stompSubProtocol[processed CONNECT(0)-CONNECTED(0)-DISCONNECT(0)], stompBrokerRelay[null], inboundChannel[pool size = 0, active threads = 0, queued tasks = 0, completed tasks = 0], outboundChannel[pool size = 0, active threads = 0, queued tasks = 0, completed tasks = 0], sockJsScheduler[pool size = 4, active threads = 1, queued tasks = 3, completed tasks = 373]
2026-08-21 13:56:13 INFO  o.s.w.s.c.WebSocketMessageBrokerStats - WebSocketSession[0 current WS(0)-HttpStream(0)-HttpPoll(0), 0 total, 0 closed abnormally (0 connect failure, 0 send limit, 0 transport error)], stompSubProtocol[processed CONNECT(0)-CONNECTED(0)-DISCONNECT(0)], stompBrokerRelay[null], inboundChannel[pool size = 0, active threads = 0, queued tasks = 0, completed tasks = 0], outboundChannel[pool size = 0, active threads = 0, queued tasks = 0, completed tasks = 0], sockJsScheduler[pool size = 4, active threads = 1, queued tasks = 3, completed tasks = 434]
2026-08-21 14:26:13 INFO  o.s.w.s.c.WebSocketMessageBrokerStats - WebSocketSession[0 current WS(0)-HttpStream(0)-HttpPoll(0), 0 total, 0 closed abnormally (0 connect failure, 0 send limit, 0 transport error)], stompSubProtocol[processed CONNECT(0)-CONNECTED(0)-DISCONNECT(0)], stompBrokerRelay[null], inboundChannel[pool size = 0, active threads = 0, queued tasks = 0, completed tasks = 0], outboundChannel[pool size = 0, active threads = 0, queued tasks = 0, completed tasks = 0], sockJsScheduler[pool size = 4, active threads = 1, queued tasks = 3, completed tasks = 496]
2026-08-21 14:51:52 INFO  c.e.c.Tool.security.RateLimitFilter - Request from IP: 10.235.148.185 | URI: /boards/4/star | Tokens remaining: 50
2026-08-21 14:51:52 WARN  c.e.c.Tool.security.JwtFilter - JWT Expired: JWT expired at 2026-08-21T10:28:33Z. Current time: 2026-08-21T11:51:52Z, a difference of 4999464 milliseconds.  Allowed clock skew: 0 milliseconds.
2026-08-21 14:51:52 INFO  c.e.c.Tool.security.RateLimitFilter - Request from IP: 10.235.148.185 | URI: /user/refresh | Tokens remaining: 49
2026-08-21 14:51:52 INFO  c.e.c.Tool.security.RateLimitFilter - Request from IP: 10.235.148.185 | URI: /boards/4/star | Tokens remaining: 48
2026-08-21 14:51:57 INFO  c.e.c.Tool.security.RateLimitFilter - Request from IP: 10.235.148.185 | URI: /boards/4/star | Tokens remaining: 50
2026-08-21 14:52:03 INFO  c.e.c.Tool.security.RateLimitFilter - Request from IP: 10.235.148.185 | URI: /boards/4/star | Tokens remaining: 50
2026-08-21 14:52:07 INFO  c.e.c.Tool.security.RateLimitFilter - Request from IP: 10.235.148.185 | URI: /boards/4/lists | Tokens remaining: 50
2026-08-21 14:52:07 INFO  c.e.c.Tool.security.RateLimitFilter - Request from IP: 10.235.148.185 | URI: /board/4/members | Tokens remaining: 49
2026-08-21 14:52:07 INFO  c.e.c.Tool.security.RateLimitFilter - Request from IP: 10.235.148.185 | URI: /cards/lists/10/cards | Tokens remaining: 48
2026-08-21 14:52:07 INFO  c.e.c.Tool.security.RateLimitFilter - Request from IP: 10.235.148.185 | URI: /cards/lists/11/cards | Tokens remaining: 47
2026-08-21 14:52:13 INFO  c.e.c.Tool.security.RateLimitFilter - Request from IP: 10.235.148.185 | URI: /boards/5/lists | Tokens remaining: 50
2026-08-21 14:52:13 INFO  c.e.c.Tool.security.RateLimitFilter - Request from IP: 10.235.148.185 | URI: /board/5/members | Tokens remaining: 49
2026-08-21 14:52:14 INFO  c.e.c.Tool.security.RateLimitFilter - Request from IP: 10.235.148.185 | URI: /cards/lists/7/cards | Tokens remaining: 48
2026-08-21 14:52:14 INFO  c.e.c.Tool.security.RateLimitFilter - Request from IP: 10.235.148.185 | URI: /cards/lists/8/cards | Tokens remaining: 47
2026-08-21 14:53:02 INFO  c.e.c.Tool.security.RateLimitFilter - Request from IP: 10.235.148.185 | URI: /boards/lists/7 | Tokens remaining: 50
2026-08-21 14:53:13 INFO  c.e.c.Tool.security.RateLimitFilter - Request from IP: 10.235.148.185 | URI: /workspace/2 | Tokens remaining: 50
2026-08-21 14:53:13 INFO  c.e.c.Tool.security.RateLimitFilter - Request from IP: 10.235.148.185 | URI: /boards/workspace/2 | Tokens remaining: 50
2026-08-21 14:53:14 INFO  c.e.c.Tool.security.RateLimitFilter - Request from IP: 10.235.148.185 | URI: /board/11/members | Tokens remaining: 48
2026-08-21 14:53:14 INFO  c.e.c.Tool.security.RateLimitFilter - Request from IP: 10.235.148.185 | URI: /board/6/members | Tokens remaining: 47
2026-08-21 14:53:14 INFO  c.e.c.Tool.security.RateLimitFilter - Request from IP: 10.235.148.185 | URI: /board/4/members | Tokens remaining: 46
2026-08-21 14:53:14 INFO  c.e.c.Tool.security.RateLimitFilter - Request from IP: 10.235.148.185 | URI: /board/8/members | Tokens remaining: 45
2026-08-21 14:53:14 INFO  c.e.c.Tool.security.RateLimitFilter - Request from IP: 10.235.148.185 | URI: /board/5/members | Tokens remaining: 44
2026-08-21 14:53:14 INFO  c.e.c.Tool.security.RateLimitFilter - Request from IP: 10.235.148.185 | URI: /boards/6/lists | Tokens remaining: 43
2026-08-21 14:53:14 INFO  c.e.c.Tool.security.RateLimitFilter - Request from IP: 10.235.148.185 | URI: /board/6/members | Tokens remaining: 42
2026-08-21 14:53:21 INFO  c.e.c.Tool.security.RateLimitFilter - Request from IP: 10.235.148.185 | URI: /boards/8/lists | Tokens remaining: 47
2026-08-21 14:53:21 INFO  c.e.c.Tool.security.RateLimitFilter - Request from IP: 10.235.148.185 | URI: /board/8/members | Tokens remaining: 46
2026-08-21 14:53:26 INFO  c.e.c.Tool.security.RateLimitFilter - Request from IP: 10.235.148.185 | URI: /boards/5/lists | Tokens remaining: 49
2026-08-21 14:53:26 INFO  c.e.c.Tool.security.RateLimitFilter - Request from IP: 10.235.148.185 | URI: /board/5/members | Tokens remaining: 48
2026-08-21 14:53:27 INFO  c.e.c.Tool.security.RateLimitFilter - Request from IP: 10.235.148.185 | URI: /cards/lists/7/cards | Tokens remaining: 48
2026-08-21 14:53:27 INFO  c.e.c.Tool.security.RateLimitFilter - Request from IP: 10.235.148.185 | URI: /cards/lists/8/cards | Tokens remaining: 47
2026-08-21 14:53:36 INFO  c.e.c.Tool.security.RateLimitFilter - Request from IP: 10.235.148.185 | URI: /board/4/members | Tokens remaining: 50
2026-08-21 14:53:36 INFO  c.e.c.Tool.security.RateLimitFilter - Request from IP: 10.235.148.185 | URI: /boards/4/lists | Tokens remaining: 49
2026-08-21 14:53:36 INFO  c.e.c.Tool.security.RateLimitFilter - Request from IP: 10.235.148.185 | URI: /cards/lists/10/cards | Tokens remaining: 48
2026-08-21 14:53:36 INFO  c.e.c.Tool.security.RateLimitFilter - Request from IP: 10.235.148.185 | URI: /cards/lists/11/cards | Tokens remaining: 47
2026-08-21 14:53:44 INFO  c.e.c.Tool.security.RateLimitFilter - Request from IP: 10.235.148.185 | URI: /boards/lists/11 | Tokens remaining: 50
2026-08-21 14:53:47 INFO  c.e.c.Tool.security.RateLimitFilter - Request from IP: 10.235.148.185 | URI: /boards/workspace/2 | Tokens remaining: 50
2026-08-21 14:53:47 INFO  c.e.c.Tool.security.RateLimitFilter - Request from IP: 10.235.148.185 | URI: /workspace/2 | Tokens remaining: 49
2026-08-21 14:53:48 INFO  c.e.c.Tool.security.RateLimitFilter - Request from IP: 10.235.148.185 | URI: /board/6/members | Tokens remaining: 48
2026-08-21 14:53:48 INFO  c.e.c.Tool.security.RateLimitFilter - Request from IP: 10.235.148.185 | URI: /board/8/members | Tokens remaining: 47
2026-08-21 14:53:48 INFO  c.e.c.Tool.security.RateLimitFilter - Request from IP: 10.235.148.185 | URI: /board/4/members | Tokens remaining: 46
2026-08-21 14:53:48 INFO  c.e.c.Tool.security.RateLimitFilter - Request from IP: 10.235.148.185 | URI: /board/11/members | Tokens remaining: 45
2026-08-21 14:53:48 INFO  c.e.c.Tool.security.RateLimitFilter - Request from IP: 10.235.148.185 | URI: /board/5/members | Tokens remaining: 44
2026-08-21 14:53:48 INFO  c.e.c.Tool.security.RateLimitFilter - Request from IP: 10.235.148.185 | URI: /boards/6/lists | Tokens remaining: 43
2026-08-21 14:53:48 INFO  c.e.c.Tool.security.RateLimitFilter - Request from IP: 10.235.148.185 | URI: /board/6/members | Tokens remaining: 42
2026-08-21 14:53:52 INFO  c.e.c.Tool.security.RateLimitFilter - Request from IP: 10.235.148.185 | URI: /board/4/members | Tokens remaining: 44
2026-08-21 14:53:52 INFO  c.e.c.Tool.security.RateLimitFilter - Request from IP: 10.235.148.185 | URI: /boards/4/lists | Tokens remaining: 43
2026-08-21 14:53:52 INFO  c.e.c.Tool.security.RateLimitFilter - Request from IP: 10.235.148.185 | URI: /cards/lists/10/cards | Tokens remaining: 42
2026-08-21 14:53:56 INFO  c.e.c.Tool.security.RateLimitFilter - Request from IP: 10.235.148.185 | URI: /boards/lists/10 | Tokens remaining: 44
2026-08-21 14:54:16 INFO  c.e.c.Tool.security.RateLimitFilter - Request from IP: 10.235.148.185 | URI: /user/scratchpad | Tokens remaining: 50
2026-08-21 14:54:16 INFO  c.e.c.Tool.security.RateLimitFilter - Request from IP: 10.235.148.185 | URI: /workspace/my-workspaces | Tokens remaining: 49
2026-08-21 14:54:16 INFO  c.e.c.Tool.security.RateLimitFilter - Request from IP: 10.235.148.185 | URI: /boards/starred | Tokens remaining: 48
2026-08-21 14:54:16 INFO  c.e.c.Tool.security.RateLimitFilter - Request from IP: 10.235.148.185 | URI: /workspace/starred | Tokens remaining: 47
2026-08-21 14:54:16 INFO  c.e.c.Tool.security.RateLimitFilter - Request from IP: 10.235.148.185 | URI: /user/notifications/unread-count | Tokens remaining: 46
2026-08-21 14:54:16 INFO  c.e.c.Tool.security.RateLimitFilter - Request from IP: 10.235.148.185 | URI: /user/recent-boards | Tokens remaining: 45
2026-08-21 14:54:17 INFO  c.e.c.Tool.security.RateLimitFilter - Request from IP: 10.235.148.185 | URI: /boards/workspace/2 | Tokens remaining: 44
2026-08-21 14:54:18 INFO  c.e.c.Tool.security.RateLimitFilter - Request from IP: 10.235.148.185 | URI: /boards/6/lists | Tokens remaining: 44
2026-08-21 14:54:18 INFO  c.e.c.Tool.security.RateLimitFilter - Request from IP: 10.235.148.185 | URI: /user/notifications | Tokens remaining: 43
2026-08-21 14:54:19 WARN  o.s.d.w.c.SpringDataJackson3Configuration$PageModule$WarningLoggingModifier - Serializing PageImpl instances as-is is not supported, meaning that there is no guarantee about the stability of the resulting JSON structure!
	For a stable JSON structure, please use Spring Data's PagedModel (globally via @EnableSpringDataWebSupport(pageSerializationMode = VIA_DTO))
	or Spring HATEOAS and Spring Data's PagedResourcesAssembler as documented in https://docs.spring.io/spring-data/commons/reference/repositories/core-extensions.html#core.web.pageables.

2026-08-21 14:54:21 INFO  c.e.c.Tool.security.RateLimitFilter - Request from IP: 10.235.148.185 | URI: /user/notifications/31/read | Tokens remaining: 44
2026-08-21 14:54:25 INFO  c.e.c.Tool.security.RateLimitFilter - Request from IP: 10.235.148.185 | URI: /workspace/my-invitations | Tokens remaining: 47
2026-08-21 14:56:13 INFO  o.s.w.s.c.WebSocketMessageBrokerStats - WebSocketSession[0 current WS(0)-HttpStream(0)-HttpPoll(0), 0 total, 0 closed abnormally (0 connect failure, 0 send limit, 0 transport error)], stompSubProtocol[processed CONNECT(0)-CONNECTED(0)-DISCONNECT(0)], stompBrokerRelay[null], inboundChannel[pool size = 0, active threads = 0, queued tasks = 0, completed tasks = 0], outboundChannel[pool size = 0, active threads = 0, queued tasks = 0, completed tasks = 0], sockJsScheduler[pool size = 4, active threads = 2, queued tasks = 2, completed tasks = 556]
2026-08-21 14:56:48 INFO  o.s.boot.tomcat.GracefulShutdown - Commencing graceful shutdown. Waiting for active requests to complete
2026-08-21 14:56:48 INFO  o.s.boot.tomcat.GracefulShutdown - Graceful shutdown complete
2026-08-21 14:56:48 INFO  o.s.m.s.b.SimpleBrokerMessageHandler - Stopping...
2026-08-21 14:56:48 INFO  o.s.m.s.b.SimpleBrokerMessageHandler - BrokerAvailabilityEvent[available=false, SimpleBrokerMessageHandler [org.springframework.messaging.simp.broker.DefaultSubscriptionRegistry@745061b9]]
2026-08-21 14:56:48 INFO  o.s.m.s.b.SimpleBrokerMessageHandler - Stopped.
2026-08-21 14:56:51 INFO  o.s.o.j.LocalContainerEntityManagerFactoryBean - Closing JPA EntityManagerFactory for persistence unit 'default'
2026-08-21 14:56:51 INFO  com.zaxxer.hikari.HikariDataSource - HikariPool-1 - Shutdown initiated...
2026-08-21 14:56:51 INFO  com.zaxxer.hikari.HikariDataSource - HikariPool-1 - Shutdown completed.
2026-08-21 14:57:25 INFO  c.e.c.T.CollaborationToolApplication - Starting CollaborationToolApplication using Java 21.0.8 with PID 3468 (C:\Abraham\Code\Eclectics\Collaboration-Tool\target\classes started by pc in C:\Abraham\Code\Eclectics\Collaboration-Tool)
2026-08-21 14:57:25 INFO  c.e.c.T.CollaborationToolApplication - The following 1 profile is active: "prod"
2026-08-21 14:57:30 INFO  o.s.d.r.c.RepositoryConfigurationDelegate - Multiple Spring Data modules found, entering strict repository configuration mode
2026-08-21 14:57:30 INFO  o.s.d.r.c.RepositoryConfigurationDelegate - Bootstrapping Spring Data JPA repositories in DEFAULT mode.
2026-08-21 14:57:31 INFO  o.s.d.r.c.RepositoryConfigurationDelegate - Finished Spring Data repository scanning in 975 ms. Found 25 JPA repository interfaces.
2026-08-21 14:57:32 INFO  o.s.d.r.c.RepositoryConfigurationDelegate - Multiple Spring Data modules found, entering strict repository configuration mode
2026-08-21 14:57:32 INFO  o.s.d.r.c.RepositoryConfigurationDelegate - Bootstrapping Spring Data Redis repositories in DEFAULT mode.
2026-08-21 14:57:32 INFO  o.s.d.r.c.RepositoryConfigurationExtensionSupport - Spring Data Redis - Could not safely identify store assignment for repository candidate interface com.eclectics.collaboration.Tool.repository.ActivityLogRepository; If you want this repository to be a Redis repository, consider annotating your entities with one of these annotations: org.springframework.data.redis.core.RedisHash (preferred), or consider extending one of the following types with your repository: org.springframework.data.keyvalue.repository.KeyValueRepository
2026-08-21 14:57:32 INFO  o.s.d.r.c.RepositoryConfigurationExtensionSupport - Spring Data Redis - Could not safely identify store assignment for repository candidate interface com.eclectics.collaboration.Tool.repository.BoardMemberRepository; If you want this repository to be a Redis repository, consider annotating your entities with one of these annotations: org.springframework.data.redis.core.RedisHash (preferred), or consider extending one of the following types with your repository: org.springframework.data.keyvalue.repository.KeyValueRepository
2026-08-21 14:57:32 INFO  o.s.d.r.c.RepositoryConfigurationExtensionSupport - Spring Data Redis - Could not safely identify store assignment for repository candidate interface com.eclectics.collaboration.Tool.repository.BoardsRepository; If you want this repository to be a Redis repository, consider annotating your entities with one of these annotations: org.springframework.data.redis.core.RedisHash (preferred), or consider extending one of the following types with your repository: org.springframework.data.keyvalue.repository.KeyValueRepository
2026-08-21 14:57:32 INFO  o.s.d.r.c.RepositoryConfigurationExtensionSupport - Spring Data Redis - Could not safely identify store assignment for repository candidate interface com.eclectics.collaboration.Tool.repository.CardAssigneeRepository; If you want this repository to be a Redis repository, consider annotating your entities with one of these annotations: org.springframework.data.redis.core.RedisHash (preferred), or consider extending one of the following types with your repository: org.springframework.data.keyvalue.repository.KeyValueRepository
2026-08-21 14:57:32 INFO  o.s.d.r.c.RepositoryConfigurationExtensionSupport - Spring Data Redis - Could not safely identify store assignment for repository candidate interface com.eclectics.collaboration.Tool.repository.CardLabelRepository; If you want this repository to be a Redis repository, consider annotating your entities with one of these annotations: org.springframework.data.redis.core.RedisHash (preferred), or consider extending one of the following types with your repository: org.springframework.data.keyvalue.repository.KeyValueRepository
2026-08-21 14:57:32 INFO  o.s.d.r.c.RepositoryConfigurationExtensionSupport - Spring Data Redis - Could not safely identify store assignment for repository candidate interface com.eclectics.collaboration.Tool.repository.CardRepository; If you want this repository to be a Redis repository, consider annotating your entities with one of these annotations: org.springframework.data.redis.core.RedisHash (preferred), or consider extending one of the following types with your repository: org.springframework.data.keyvalue.repository.KeyValueRepository
2026-08-21 14:57:32 INFO  o.s.d.r.c.RepositoryConfigurationExtensionSupport - Spring Data Redis - Could not safely identify store assignment for repository candidate interface com.eclectics.collaboration.Tool.repository.CommentMentionRepository; If you want this repository to be a Redis repository, consider annotating your entities with one of these annotations: org.springframework.data.redis.core.RedisHash (preferred), or consider extending one of the following types with your repository: org.springframework.data.keyvalue.repository.KeyValueRepository
2026-08-21 14:57:32 INFO  o.s.d.r.c.RepositoryConfigurationExtensionSupport - Spring Data Redis - Could not safely identify store assignment for repository candidate interface com.eclectics.collaboration.Tool.repository.CommentRepository; If you want this repository to be a Redis repository, consider annotating your entities with one of these annotations: org.springframework.data.redis.core.RedisHash (preferred), or consider extending one of the following types with your repository: org.springframework.data.keyvalue.repository.KeyValueRepository
2026-08-21 14:57:32 INFO  o.s.d.r.c.RepositoryConfigurationExtensionSupport - Spring Data Redis - Could not safely identify store assignment for repository candidate interface com.eclectics.collaboration.Tool.repository.DueDateReminderRepository; If you want this repository to be a Redis repository, consider annotating your entities with one of these annotations: org.springframework.data.redis.core.RedisHash (preferred), or consider extending one of the following types with your repository: org.springframework.data.keyvalue.repository.KeyValueRepository
2026-08-21 14:57:32 INFO  o.s.d.r.c.RepositoryConfigurationExtensionSupport - Spring Data Redis - Could not safely identify store assignment for repository candidate interface com.eclectics.collaboration.Tool.repository.FAQRepository; If you want this repository to be a Redis repository, consider annotating your entities with one of these annotations: org.springframework.data.redis.core.RedisHash (preferred), or consider extending one of the following types with your repository: org.springframework.data.keyvalue.repository.KeyValueRepository
2026-08-21 14:57:32 INFO  o.s.d.r.c.RepositoryConfigurationExtensionSupport - Spring Data Redis - Could not safely identify store assignment for repository candidate interface com.eclectics.collaboration.Tool.repository.InvitationRepository; If you want this repository to be a Redis repository, consider annotating your entities with one of these annotations: org.springframework.data.redis.core.RedisHash (preferred), or consider extending one of the following types with your repository: org.springframework.data.keyvalue.repository.KeyValueRepository
2026-08-21 14:57:32 INFO  o.s.d.r.c.RepositoryConfigurationExtensionSupport - Spring Data Redis - Could not safely identify store assignment for repository candidate interface com.eclectics.collaboration.Tool.repository.IssueRepository; If you want this repository to be a Redis repository, consider annotating your entities with one of these annotations: org.springframework.data.redis.core.RedisHash (preferred), or consider extending one of the following types with your repository: org.springframework.data.keyvalue.repository.KeyValueRepository
2026-08-21 14:57:32 INFO  o.s.d.r.c.RepositoryConfigurationExtensionSupport - Spring Data Redis - Could not safely identify store assignment for repository candidate interface com.eclectics.collaboration.Tool.repository.LabelRepository; If you want this repository to be a Redis repository, consider annotating your entities with one of these annotations: org.springframework.data.redis.core.RedisHash (preferred), or consider extending one of the following types with your repository: org.springframework.data.keyvalue.repository.KeyValueRepository
2026-08-21 14:57:32 INFO  o.s.d.r.c.RepositoryConfigurationExtensionSupport - Spring Data Redis - Could not safely identify store assignment for repository candidate interface com.eclectics.collaboration.Tool.repository.ListEntityRepository; If you want this repository to be a Redis repository, consider annotating your entities with one of these annotations: org.springframework.data.redis.core.RedisHash (preferred), or consider extending one of the following types with your repository: org.springframework.data.keyvalue.repository.KeyValueRepository
2026-08-21 14:57:32 INFO  o.s.d.r.c.RepositoryConfigurationExtensionSupport - Spring Data Redis - Could not safely identify store assignment for repository candidate interface com.eclectics.collaboration.Tool.repository.NotificationPreferenceRepository; If you want this repository to be a Redis repository, consider annotating your entities with one of these annotations: org.springframework.data.redis.core.RedisHash (preferred), or consider extending one of the following types with your repository: org.springframework.data.keyvalue.repository.KeyValueRepository
2026-08-21 14:57:32 INFO  o.s.d.r.c.RepositoryConfigurationExtensionSupport - Spring Data Redis - Could not safely identify store assignment for repository candidate interface com.eclectics.collaboration.Tool.repository.NotificationRepository; If you want this repository to be a Redis repository, consider annotating your entities with one of these annotations: org.springframework.data.redis.core.RedisHash (preferred), or consider extending one of the following types with your repository: org.springframework.data.keyvalue.repository.KeyValueRepository
2026-08-21 14:57:32 INFO  o.s.d.r.c.RepositoryConfigurationExtensionSupport - Spring Data Redis - Could not safely identify store assignment for repository candidate interface com.eclectics.collaboration.Tool.repository.RefreshTokenRepository; If you want this repository to be a Redis repository, consider annotating your entities with one of these annotations: org.springframework.data.redis.core.RedisHash (preferred), or consider extending one of the following types with your repository: org.springframework.data.keyvalue.repository.KeyValueRepository
2026-08-21 14:57:32 INFO  o.s.d.r.c.RepositoryConfigurationExtensionSupport - Spring Data Redis - Could not safely identify store assignment for repository candidate interface com.eclectics.collaboration.Tool.repository.StarredBoardRepository; If you want this repository to be a Redis repository, consider annotating your entities with one of these annotations: org.springframework.data.redis.core.RedisHash (preferred), or consider extending one of the following types with your repository: org.springframework.data.keyvalue.repository.KeyValueRepository
2026-08-21 14:57:32 INFO  o.s.d.r.c.RepositoryConfigurationExtensionSupport - Spring Data Redis - Could not safely identify store assignment for repository candidate interface com.eclectics.collaboration.Tool.repository.StarredWorkspaceRepository; If you want this repository to be a Redis repository, consider annotating your entities with one of these annotations: org.springframework.data.redis.core.RedisHash (preferred), or consider extending one of the following types with your repository: org.springframework.data.keyvalue.repository.KeyValueRepository
2026-08-21 14:57:32 INFO  o.s.d.r.c.RepositoryConfigurationExtensionSupport - Spring Data Redis - Could not safely identify store assignment for repository candidate interface com.eclectics.collaboration.Tool.repository.SystemConfigRepository; If you want this repository to be a Redis repository, consider annotating your entities with one of these annotations: org.springframework.data.redis.core.RedisHash (preferred), or consider extending one of the following types with your repository: org.springframework.data.keyvalue.repository.KeyValueRepository
2026-08-21 14:57:32 INFO  o.s.d.r.c.RepositoryConfigurationExtensionSupport - Spring Data Redis - Could not safely identify store assignment for repository candidate interface com.eclectics.collaboration.Tool.repository.TalkRepository; If you want this repository to be a Redis repository, consider annotating your entities with one of these annotations: org.springframework.data.redis.core.RedisHash (preferred), or consider extending one of the following types with your repository: org.springframework.data.keyvalue.repository.KeyValueRepository
2026-08-21 14:57:32 INFO  o.s.d.r.c.RepositoryConfigurationExtensionSupport - Spring Data Redis - Could not safely identify store assignment for repository candidate interface com.eclectics.collaboration.Tool.repository.UserRecentBoardRepository; If you want this repository to be a Redis repository, consider annotating your entities with one of these annotations: org.springframework.data.redis.core.RedisHash (preferred), or consider extending one of the following types with your repository: org.springframework.data.keyvalue.repository.KeyValueRepository
2026-08-21 14:57:32 INFO  o.s.d.r.c.RepositoryConfigurationExtensionSupport - Spring Data Redis - Could not safely identify store assignment for repository candidate interface com.eclectics.collaboration.Tool.repository.UserRespository; If you want this repository to be a Redis repository, consider annotating your entities with one of these annotations: org.springframework.data.redis.core.RedisHash (preferred), or consider extending one of the following types with your repository: org.springframework.data.keyvalue.repository.KeyValueRepository
2026-08-21 14:57:32 INFO  o.s.d.r.c.RepositoryConfigurationExtensionSupport - Spring Data Redis - Could not safely identify store assignment for repository candidate interface com.eclectics.collaboration.Tool.repository.WorkSpaceMemberRepository; If you want this repository to be a Redis repository, consider annotating your entities with one of these annotations: org.springframework.data.redis.core.RedisHash (preferred), or consider extending one of the following types with your repository: org.springframework.data.keyvalue.repository.KeyValueRepository
2026-08-21 14:57:32 INFO  o.s.d.r.c.RepositoryConfigurationExtensionSupport - Spring Data Redis - Could not safely identify store assignment for repository candidate interface com.eclectics.collaboration.Tool.repository.WorkSpaceReposiroty; If you want this repository to be a Redis repository, consider annotating your entities with one of these annotations: org.springframework.data.redis.core.RedisHash (preferred), or consider extending one of the following types with your repository: org.springframework.data.keyvalue.repository.KeyValueRepository
2026-08-21 14:57:32 INFO  o.s.d.r.c.RepositoryConfigurationDelegate - Finished Spring Data repository scanning in 114 ms. Found 0 Redis repository interfaces.
2026-08-21 14:57:35 INFO  o.s.boot.tomcat.TomcatWebServer - Tomcat initialized with port 8084 (http)
2026-08-21 14:57:35 INFO  o.a.coyote.http11.Http11NioProtocol - Initializing ProtocolHandler ["http-nio-0.0.0.0-8084"]
2026-08-21 14:57:35 INFO  o.a.catalina.core.StandardService - Starting service [Tomcat]
2026-08-21 14:57:35 INFO  o.a.catalina.core.StandardEngine - Starting Servlet engine: [Apache Tomcat/11.0.15]
2026-08-21 14:57:36 INFO  o.s.b.w.c.s.WebApplicationContextInitializer - Root WebApplicationContext: initialization completed in 10042 ms
2026-08-21 14:57:36 INFO  com.zaxxer.hikari.HikariDataSource - HikariPool-1 - Starting...
2026-08-21 14:57:37 INFO  com.zaxxer.hikari.pool.HikariPool - HikariPool-1 - Added connection org.postgresql.jdbc.PgConnection@3cb173db
2026-08-21 14:57:37 INFO  com.zaxxer.hikari.HikariDataSource - HikariPool-1 - Start completed.
2026-08-21 14:57:37 INFO  org.hibernate.orm.jpa - HHH008540: Processing PersistenceUnitInfo [name: default]
2026-08-21 14:57:38 INFO  org.hibernate.orm.core - HHH000001: Hibernate ORM core version 7.2.1.Final
2026-08-21 14:57:40 INFO  o.s.o.j.p.SpringPersistenceUnitInfo - No LoadTimeWeaver setup: ignoring JPA class transformer
2026-08-21 14:57:40 INFO  o.hibernate.orm.connections.pooling - HHH10001005: Database info:
	Database JDBC URL [jdbc:postgresql://localhost:5432/collaborationTool]
	Database driver: PostgreSQL JDBC Driver
	Database dialect: PostgreSQLDialect
	Database version: 17.6
	Default catalog/schema: collaborationTool/public
	Autocommit mode: undefined/unknown
	Isolation level: READ_COMMITTED [default READ_COMMITTED]
	JDBC fetch size: none
	Pool: DataSourceConnectionProvider
	Minimum pool size: undefined/unknown
	Maximum pool size: undefined/unknown
2026-08-21 14:57:44 INFO  org.hibernate.orm.core - HHH000489: No JTA platform available (set 'hibernate.transaction.jta.platform' to enable JTA platform integration)
2026-08-21 14:57:44 INFO  o.s.o.j.LocalContainerEntityManagerFactoryBean - Initialized JPA EntityManagerFactory for persistence unit 'default'
2026-08-21 14:57:44 INFO  o.s.d.j.r.q.QueryEnhancerFactories - Hibernate is in classpath; If applicable, HQL parser will be used.
2026-08-21 14:57:53 WARN  o.s.b.j.a.JpaBaseConfiguration$JpaWebConfiguration - spring.jpa.open-in-view is enabled by default. Therefore, database queries may be performed during view rendering. Explicitly configure spring.jpa.open-in-view to disable this warning
2026-08-21 14:57:54 INFO  o.s.v.b.OptionalValidatorFactoryBean - Failed to set up a Bean Validation provider: jakarta.validation.NoProviderFoundException: Unable to create a Configuration, because no Jakarta Validation provider could be found. Add a provider like Hibernate Validator (RI) to your classpath.
2026-08-21 14:57:58 INFO  o.s.m.s.b.SimpleBrokerMessageHandler - Starting...
2026-08-21 14:57:58 INFO  o.s.m.s.b.SimpleBrokerMessageHandler - BrokerAvailabilityEvent[available=true, SimpleBrokerMessageHandler [org.springframework.messaging.simp.broker.DefaultSubscriptionRegistry@6c396a5a]]
2026-08-21 14:57:58 INFO  o.s.m.s.b.SimpleBrokerMessageHandler - Started.
2026-08-21 14:57:58 INFO  o.a.coyote.http11.Http11NioProtocol - Starting ProtocolHandler ["http-nio-0.0.0.0-8084"]
2026-08-21 14:57:58 INFO  o.s.boot.tomcat.TomcatWebServer - Tomcat started on port 8084 (http) with context path '/'
2026-08-21 14:57:58 INFO  c.e.c.T.CollaborationToolApplication - Started CollaborationToolApplication in 35.414 seconds (process running for 39.855)
2026-08-21 14:57:58 INFO  c.e.c.Tool.configuration.AdminSeeder - >>> Admin already exists, skipping: nthengeabraham952@gmail.com
2026-08-21 14:57:58 INFO  c.e.c.Tool.configuration.AdminSeeder - >>> Admin already exists, skipping: chepkemoisheilah794@gmail.com
2026-08-21 14:58:00 INFO  o.a.c.c.C.[Tomcat].[localhost].[/] - Initializing Spring DispatcherServlet 'dispatcherServlet'
2026-08-21 14:58:00 INFO  o.s.web.servlet.DispatcherServlet - Initializing Servlet 'dispatcherServlet'
2026-08-21 14:58:00 INFO  o.s.web.servlet.DispatcherServlet - Completed initialization in 3 ms
2026-08-21 14:58:00 INFO  c.e.c.Tool.security.RateLimitFilter - Request from IP: 10.235.148.185 | URI: /workspace/my-invitations | Tokens remaining: 50
2026-08-21 14:58:00 INFO  c.e.c.Tool.security.RateLimitFilter - Request from IP: 10.235.148.185 | URI: /cards/assigned-to-me | Tokens remaining: 50
2026-08-21 14:58:05 INFO  c.e.c.Tool.security.RateLimitFilter - Request from IP: 10.235.148.185 | URI: /boards/workspace/2 | Tokens remaining: 50
2026-08-21 14:58:06 INFO  c.e.c.Tool.security.RateLimitFilter - Request from IP: 10.235.148.185 | URI: /cards/assigned-to-me | Tokens remaining: 49
2026-08-21 14:58:06 INFO  c.e.c.Tool.security.RateLimitFilter - Request from IP: 10.235.148.185 | URI: /boards/4/lists | Tokens remaining: 48
2026-08-21 14:58:06 INFO  c.e.c.Tool.security.RateLimitFilter - Request from IP: 10.235.148.185 | URI: /cards/assigned-to-me | Tokens remaining: 48
2026-08-21 14:58:24 INFO  c.e.c.Tool.security.RateLimitFilter - Request from IP: 10.235.148.185 | URI: /workspace/my-invitations | Tokens remaining: 50
2026-08-21 14:58:25 INFO  c.e.c.Tool.security.RateLimitFilter - Request from IP: 10.235.148.185 | URI: /workspace/reject-invite | Tokens remaining: 49
2026-08-21 14:58:25 INFO  c.e.c.T.s.Impl.EmailServiceImpl - Attempting to send email to: nthengeabraham952@gmail.com
2026-08-21 14:58:27 INFO  c.e.c.T.s.Impl.EmailServiceImpl - Email sent successfully to: nthengeabraham952@gmail.com
2026-08-21 14:58:58 INFO  o.s.w.s.c.WebSocketMessageBrokerStats - WebSocketSession[0 current WS(0)-HttpStream(0)-HttpPoll(0), 0 total, 0 closed abnormally (0 connect failure, 0 send limit, 0 transport error)], stompSubProtocol[processed CONNECT(0)-CONNECTED(0)-DISCONNECT(0)], stompBrokerRelay[null], inboundChannel[pool size = 0, active threads = 0, queued tasks = 0, completed tasks = 0], outboundChannel[pool size = 0, active threads = 0, queued tasks = 0, completed tasks = 0], sockJsScheduler[pool size = 4, active threads = 1, queued tasks = 3, completed tasks = 3]
2026-08-21 15:00:00 INFO  c.e.c.T.s.Impl.EmailServiceImpl - Attempting to send email to: garagejacn@gmail.com
2026-08-21 15:00:00 INFO  c.e.c.T.s.Impl.EmailServiceImpl - Email sent successfully to: garagejacn@gmail.com
2026-08-21 15:03:28 INFO  c.e.c.Tool.security.RateLimitFilter - Request from IP: 10.235.148.185 | URI: /workspace/2/invite | Tokens remaining: 50
2026-08-21 15:03:28 WARN  c.e.c.Tool.security.JwtFilter - JWT Expired: JWT expired at 2026-08-21T09:46:42Z. Current time: 2026-08-21T12:03:28Z, a difference of 8206573 milliseconds.  Allowed clock skew: 0 milliseconds.
2026-08-21 15:03:28 INFO  c.e.c.Tool.security.RateLimitFilter - Request from IP: 10.235.148.185 | URI: /user/refresh | Tokens remaining: 49
2026-08-21 15:03:28 INFO  c.e.c.Tool.security.RateLimitFilter - Request from IP: 10.235.148.185 | URI: /workspace/2/invite | Tokens remaining: 48
2026-08-21 15:03:29 INFO  c.e.c.T.s.Impl.EmailServiceImpl - Attempting to send email to: abrahamnetse@gmail.com
2026-08-21 15:03:29 INFO  c.e.c.T.s.Impl.EmailServiceImpl - Email sent successfully to: abrahamnetse@gmail.com
2026-08-21 15:04:25 INFO  c.e.c.Tool.security.RateLimitFilter - Request from IP: 10.235.148.185 | URI: /workspace/2/invite | Tokens remaining: 50
2026-08-21 15:28:58 INFO  o.s.w.s.c.WebSocketMessageBrokerStats - WebSocketSession[0 current WS(0)-HttpStream(0)-HttpPoll(0), 0 total, 0 closed abnormally (0 connect failure, 0 send limit, 0 transport error)], stompSubProtocol[processed CONNECT(0)-CONNECTED(0)-DISCONNECT(0)], stompBrokerRelay[null], inboundChannel[pool size = 0, active threads = 0, queued tasks = 0, completed tasks = 0], outboundChannel[pool size = 0, active threads = 0, queued tasks = 0, completed tasks = 0], sockJsScheduler[pool size = 4, active threads = 1, queued tasks = 3, completed tasks = 65]
2026-08-21 15:38:01 INFO  c.e.c.Tool.security.RateLimitFilter - Request from IP: 10.235.148.185 | URI: /boards/workspace/3 | Tokens remaining: 50
2026-08-21 15:38:01 WARN  c.e.c.Tool.security.JwtFilter - JWT Expired: JWT expired at 2026-08-21T12:06:52Z. Current time: 2026-08-21T12:38:01Z, a difference of 1869776 milliseconds.  Allowed clock skew: 0 milliseconds.
2026-08-21 15:38:01 INFO  c.e.c.Tool.security.RateLimitFilter - Request from IP: 10.235.148.185 | URI: /user/refresh | Tokens remaining: 49
2026-08-21 15:38:02 INFO  c.e.c.Tool.security.RateLimitFilter - Request from IP: 10.235.148.185 | URI: /boards/workspace/3 | Tokens remaining: 48
2026-08-21 15:38:03 INFO  c.e.c.Tool.security.RateLimitFilter - Request from IP: 10.235.148.185 | URI: /boards/9/lists | Tokens remaining: 48
2026-08-21 15:38:17 INFO  c.e.c.Tool.security.RateLimitFilter - Request from IP: 10.235.148.185 | URI: /boards/workspace/3 | Tokens remaining: 50
2026-08-21 15:38:17 INFO  c.e.c.Tool.security.RateLimitFilter - Request from IP: 10.235.148.185 | URI: /workspace/3 | Tokens remaining: 49
2026-08-21 15:38:17 INFO  c.e.c.Tool.security.RateLimitFilter - Request from IP: 10.235.148.185 | URI: /boards/9/lists | Tokens remaining: 48
2026-08-21 15:38:17 INFO  c.e.c.Tool.security.RateLimitFilter - Request from IP: 10.235.148.185 | URI: /board/10/members | Tokens remaining: 47
2026-08-21 15:38:17 INFO  c.e.c.Tool.security.RateLimitFilter - Request from IP: 10.235.148.185 | URI: /board/9/members | Tokens remaining: 46
2026-08-21 15:38:18 INFO  c.e.c.Tool.security.RateLimitFilter - Request from IP: 10.235.148.185 | URI: /board/9/members | Tokens remaining: 46
2026-08-21 15:38:24 INFO  c.e.c.Tool.security.RateLimitFilter - Request from IP: 10.235.148.185 | URI: /workspace/my-workspaces | Tokens remaining: 50
2026-08-21 15:38:24 INFO  c.e.c.Tool.security.RateLimitFilter - Request from IP: 10.235.148.185 | URI: /user/notifications/unread-count | Tokens remaining: 49
2026-08-21 15:38:24 INFO  c.e.c.Tool.security.RateLimitFilter - Request from IP: 10.235.148.185 | URI: /user/recent-boards | Tokens remaining: 48
2026-08-21 15:38:24 INFO  c.e.c.Tool.security.RateLimitFilter - Request from IP: 10.235.148.185 | URI: /user/scratchpad | Tokens remaining: 47
2026-08-21 15:38:24 INFO  c.e.c.Tool.security.RateLimitFilter - Request from IP: 10.235.148.185 | URI: /boards/starred | Tokens remaining: 46
2026-08-21 15:38:25 INFO  c.e.c.Tool.security.RateLimitFilter - Request from IP: 10.235.148.185 | URI: /workspace/starred | Tokens remaining: 45
2026-08-21 15:38:27 INFO  c.e.c.Tool.security.RateLimitFilter - Request from IP: 10.235.148.185 | URI: /boards/workspace/2 | Tokens remaining: 46
2026-08-21 15:38:27 INFO  c.e.c.Tool.security.RateLimitFilter - Request from IP: 10.235.148.185 | URI: /boards/6/lists | Tokens remaining: 45
2026-08-21 15:38:39 INFO  c.e.c.Tool.security.RateLimitFilter - Request from IP: 10.235.148.185 | URI: /boards/workspace/3 | Tokens remaining: 50
2026-08-21 15:38:39 INFO  c.e.c.Tool.security.RateLimitFilter - Request from IP: 10.235.148.185 | URI: /boards/9/lists | Tokens remaining: 49
2026-08-21 15:38:40 INFO  c.e.c.Tool.security.RateLimitFilter - Request from IP: 10.235.148.185 | URI: /boards/workspace/2 | Tokens remaining: 48
2026-08-21 15:38:41 INFO  c.e.c.Tool.security.RateLimitFilter - Request from IP: 10.235.148.185 | URI: /boards/6/lists | Tokens remaining: 48
2026-08-21 15:38:41 INFO  c.e.c.Tool.security.RateLimitFilter - Request from IP: 10.235.148.185 | URI: /boards/workspace/3 | Tokens remaining: 47
2026-08-21 15:38:41 INFO  c.e.c.Tool.security.RateLimitFilter - Request from IP: 10.235.148.185 | URI: /boards/9/lists | Tokens remaining: 46
2026-08-21 15:38:41 INFO  c.e.c.Tool.security.RateLimitFilter - Request from IP: 10.235.148.185 | URI: /boards/workspace/2 | Tokens remaining: 46
2026-08-21 15:38:42 INFO  c.e.c.Tool.security.RateLimitFilter - Request from IP: 10.235.148.185 | URI: /boards/6/lists | Tokens remaining: 45
2026-08-21 15:38:42 INFO  c.e.c.Tool.security.RateLimitFilter - Request from IP: 10.235.148.185 | URI: /boards/workspace/3 | Tokens remaining: 44
2026-08-21 15:38:43 INFO  c.e.c.Tool.security.RateLimitFilter - Request from IP: 10.235.148.185 | URI: /boards/9/lists | Tokens remaining: 43
2026-08-21 15:38:43 INFO  c.e.c.Tool.security.RateLimitFilter - Request from IP: 10.235.148.185 | URI: /boards/workspace/2 | Tokens remaining: 43
2026-08-21 15:38:43 INFO  c.e.c.Tool.security.RateLimitFilter - Request from IP: 10.235.148.185 | URI: /boards/6/lists | Tokens remaining: 42
2026-08-21 15:38:43 INFO  c.e.c.Tool.security.RateLimitFilter - Request from IP: 10.235.148.185 | URI: /boards/workspace/3 | Tokens remaining: 41
2026-08-21 15:38:44 INFO  c.e.c.Tool.security.RateLimitFilter - Request from IP: 10.235.148.185 | URI: /boards/9/lists | Tokens remaining: 40
2026-08-21 15:38:44 INFO  c.e.c.Tool.security.RateLimitFilter - Request from IP: 10.235.148.185 | URI: /boards/workspace/2 | Tokens remaining: 40
2026-08-21 15:38:44 INFO  c.e.c.Tool.security.RateLimitFilter - Request from IP: 10.235.148.185 | URI: /boards/6/lists | Tokens remaining: 39
2026-08-21 15:47:01 INFO  c.e.c.Tool.security.RateLimitFilter - Request from IP: 10.235.148.185 | URI: /boards/workspace/2 | Tokens remaining: 50
2026-08-21 15:47:01 INFO  c.e.c.Tool.security.RateLimitFilter - Request from IP: 10.235.148.185 | URI: /workspace/2 | Tokens remaining: 50
2026-08-21 15:47:01 WARN  c.e.c.Tool.security.JwtFilter - JWT Expired: JWT expired at 2026-08-21T12:18:28Z. Current time: 2026-08-21T12:47:01Z, a difference of 1713951 milliseconds.  Allowed clock skew: 0 milliseconds.
2026-08-21 15:47:01 WARN  c.e.c.Tool.security.JwtFilter - JWT Expired: JWT expired at 2026-08-21T12:18:28Z. Current time: 2026-08-21T12:47:01Z, a difference of 1713961 milliseconds.  Allowed clock skew: 0 milliseconds.
2026-08-21 15:47:02 INFO  c.e.c.Tool.security.RateLimitFilter - Request from IP: 10.235.148.185 | URI: /user/refresh | Tokens remaining: 48
2026-08-21 15:47:03 INFO  c.e.c.Tool.security.RateLimitFilter - Request from IP: 10.235.148.185 | URI: /workspace/2 | Tokens remaining: 48
2026-08-21 15:47:03 INFO  c.e.c.Tool.security.RateLimitFilter - Request from IP: 10.235.148.185 | URI: /boards/workspace/2 | Tokens remaining: 47
2026-08-21 15:47:05 INFO  c.e.c.Tool.security.RateLimitFilter - Request from IP: 10.235.148.185 | URI: /board/6/members | Tokens remaining: 47
2026-08-21 15:47:05 INFO  c.e.c.Tool.security.RateLimitFilter - Request from IP: 10.235.148.185 | URI: /board/8/members | Tokens remaining: 46
2026-08-21 15:47:05 INFO  c.e.c.Tool.security.RateLimitFilter - Request from IP: 10.235.148.185 | URI: /board/11/members | Tokens remaining: 45
2026-08-21 15:47:05 INFO  c.e.c.Tool.security.RateLimitFilter - Request from IP: 10.235.148.185 | URI: /board/4/members | Tokens remaining: 44
2026-08-21 15:47:05 INFO  c.e.c.Tool.security.RateLimitFilter - Request from IP: 10.235.148.185 | URI: /board/5/members | Tokens remaining: 43
2026-08-21 15:47:05 INFO  c.e.c.Tool.security.RateLimitFilter - Request from IP: 10.235.148.185 | URI: /boards/6/lists | Tokens remaining: 42
2026-08-21 15:47:05 INFO  c.e.c.Tool.security.RateLimitFilter - Request from IP: 10.235.148.185 | URI: /board/6/members | Tokens remaining: 42
2026-08-21 15:47:15 INFO  c.e.c.Tool.security.RateLimitFilter - Request from IP: 10.235.148.185 | URI: /boards/workspace/2 | Tokens remaining: 49
2026-08-21 15:47:15 INFO  c.e.c.Tool.security.RateLimitFilter - Request from IP: 10.235.148.185 | URI: /workspace/2 | Tokens remaining: 48
2026-08-21 15:47:17 INFO  c.e.c.Tool.security.RateLimitFilter - Request from IP: 10.235.148.185 | URI: /board/6/members | Tokens remaining: 49
2026-08-21 15:47:17 INFO  c.e.c.Tool.security.RateLimitFilter - Request from IP: 10.235.148.185 | URI: /board/8/members | Tokens remaining: 48
2026-08-21 15:47:17 INFO  c.e.c.Tool.security.RateLimitFilter - Request from IP: 10.235.148.185 | URI: /board/11/members | Tokens remaining: 47
2026-08-21 15:47:17 INFO  c.e.c.Tool.security.RateLimitFilter - Request from IP: 10.235.148.185 | URI: /board/4/members | Tokens remaining: 46
2026-08-21 15:47:17 INFO  c.e.c.Tool.security.RateLimitFilter - Request from IP: 10.235.148.185 | URI: /board/5/members | Tokens remaining: 45
2026-08-21 15:47:17 INFO  c.e.c.Tool.security.RateLimitFilter - Request from IP: 10.235.148.185 | URI: /boards/6/lists | Tokens remaining: 44
2026-08-21 15:47:17 INFO  c.e.c.Tool.security.RateLimitFilter - Request from IP: 10.235.148.185 | URI: /board/6/members | Tokens remaining: 43
2026-08-21 15:47:45 INFO  c.e.c.Tool.security.RateLimitFilter - Request from IP: 10.235.148.185 | URI: /boards/workspace/2 | Tokens remaining: 50
2026-08-21 15:47:45 INFO  c.e.c.Tool.security.RateLimitFilter - Request from IP: 10.235.148.185 | URI: /workspace/2 | Tokens remaining: 49
2026-08-21 15:47:46 INFO  c.e.c.Tool.security.RateLimitFilter - Request from IP: 10.235.148.185 | URI: /board/6/members | Tokens remaining: 48
2026-08-21 15:47:46 INFO  c.e.c.Tool.security.RateLimitFilter - Request from IP: 10.235.148.185 | URI: /board/8/members | Tokens remaining: 47
2026-08-21 15:47:46 INFO  c.e.c.Tool.security.RateLimitFilter - Request from IP: 10.235.148.185 | URI: /board/11/members | Tokens remaining: 46
2026-08-21 15:47:46 INFO  c.e.c.Tool.security.RateLimitFilter - Request from IP: 10.235.148.185 | URI: /board/4/members | Tokens remaining: 45
2026-08-21 15:47:46 INFO  c.e.c.Tool.security.RateLimitFilter - Request from IP: 10.235.148.185 | URI: /board/5/members | Tokens remaining: 44
2026-08-21 15:47:46 INFO  c.e.c.Tool.security.RateLimitFilter - Request from IP: 10.235.148.185 | URI: /boards/6/lists | Tokens remaining: 43
2026-08-21 15:47:46 INFO  c.e.c.Tool.security.RateLimitFilter - Request from IP: 10.235.148.185 | URI: /board/6/members | Tokens remaining: 43
2026-08-21 15:49:44 INFO  c.e.c.Tool.security.RateLimitFilter - Request from IP: 10.235.148.185 | URI: /boards/workspace/2 | Tokens remaining: 50
2026-08-21 15:49:44 INFO  c.e.c.Tool.security.RateLimitFilter - Request from IP: 10.235.148.185 | URI: /workspace/2 | Tokens remaining: 50
2026-08-21 15:49:46 INFO  c.e.c.Tool.security.RateLimitFilter - Request from IP: 10.235.148.185 | URI: /board/6/members | Tokens remaining: 49
2026-08-21 15:49:46 INFO  c.e.c.Tool.security.RateLimitFilter - Request from IP: 10.235.148.185 | URI: /board/8/members | Tokens remaining: 48
2026-08-21 15:49:46 INFO  c.e.c.Tool.security.RateLimitFilter - Request from IP: 10.235.148.185 | URI: /board/11/members | Tokens remaining: 47
2026-08-21 15:49:46 INFO  c.e.c.Tool.security.RateLimitFilter - Request from IP: 10.235.148.185 | URI: /board/4/members | Tokens remaining: 46
2026-08-21 15:49:46 INFO  c.e.c.Tool.security.RateLimitFilter - Request from IP: 10.235.148.185 | URI: /board/5/members | Tokens remaining: 45
2026-08-21 15:49:46 INFO  c.e.c.Tool.security.RateLimitFilter - Request from IP: 10.235.148.185 | URI: /boards/6/lists | Tokens remaining: 44
2026-08-21 15:49:46 INFO  c.e.c.Tool.security.RateLimitFilter - Request from IP: 10.235.148.185 | URI: /board/6/members | Tokens remaining: 44
2026-08-21 15:50:10 INFO  c.e.c.Tool.security.RateLimitFilter - Request from IP: 10.235.148.185 | URI: /workspace/2 | Tokens remaining: 50
2026-08-21 15:50:10 INFO  c.e.c.Tool.security.RateLimitFilter - Request from IP: 10.235.148.185 | URI: /boards/workspace/2 | Tokens remaining: 50
2026-08-21 15:50:15 INFO  c.e.c.Tool.security.RateLimitFilter - Request from IP: 10.235.148.185 | URI: /boards/6/lists | Tokens remaining: 50
2026-08-21 15:50:15 INFO  c.e.c.Tool.security.RateLimitFilter - Request from IP: 10.235.148.185 | URI: /board/11/members | Tokens remaining: 49
2026-08-21 15:50:15 INFO  c.e.c.Tool.security.RateLimitFilter - Request from IP: 10.235.148.185 | URI: /board/6/members | Tokens remaining: 48
2026-08-21 15:50:15 INFO  c.e.c.Tool.security.RateLimitFilter - Request from IP: 10.235.148.185 | URI: /board/4/members | Tokens remaining: 47
2026-08-21 15:50:15 INFO  c.e.c.Tool.security.RateLimitFilter - Request from IP: 10.235.148.185 | URI: /board/8/members | Tokens remaining: 46
2026-08-21 15:50:15 INFO  c.e.c.Tool.security.RateLimitFilter - Request from IP: 10.235.148.185 | URI: /board/5/members | Tokens remaining: 45
2026-08-21 15:50:16 INFO  c.e.c.Tool.security.RateLimitFilter - Request from IP: 10.235.148.185 | URI: /board/6/members | Tokens remaining: 45
2026-08-21 15:50:44 INFO  c.e.c.Tool.security.RateLimitFilter - Request from IP: 10.235.148.185 | URI: /user/recent-boards | Tokens remaining: 50
2026-08-21 15:50:44 INFO  c.e.c.Tool.security.RateLimitFilter - Request from IP: 10.235.148.185 | URI: /workspace/starred | Tokens remaining: 49
2026-08-21 15:50:44 INFO  c.e.c.Tool.security.RateLimitFilter - Request from IP: 10.235.148.185 | URI: /user/scratchpad | Tokens remaining: 48
2026-08-21 15:50:44 INFO  c.e.c.Tool.security.RateLimitFilter - Request from IP: 10.235.148.185 | URI: /workspace/my-workspaces | Tokens remaining: 47
2026-08-21 15:50:44 INFO  c.e.c.Tool.security.RateLimitFilter - Request from IP: 10.235.148.185 | URI: /boards/starred | Tokens remaining: 48
2026-08-21 15:50:45 INFO  c.e.c.Tool.security.RateLimitFilter - Request from IP: 10.235.148.185 | URI: /user/notifications/unread-count | Tokens remaining: 45
2026-08-21 15:50:47 INFO  c.e.c.Tool.security.RateLimitFilter - Request from IP: 10.235.148.185 | URI: /boards/workspace/2 | Tokens remaining: 46
2026-08-21 15:50:47 INFO  c.e.c.Tool.security.RateLimitFilter - Request from IP: 10.235.148.185 | URI: /boards/6/lists | Tokens remaining: 45
2026-08-21 15:50:51 INFO  c.e.c.Tool.security.RateLimitFilter - Request from IP: 10.235.148.185 | URI: /user/logout | Tokens remaining: 48
2026-08-21 15:50:52 INFO  c.e.c.Tool.security.RateLimitFilter - Request from IP: 10.235.148.185 | URI: /issues/active | Tokens remaining: 47
2026-08-21 15:53:43 INFO  c.e.c.Tool.security.RateLimitFilter - Request from IP: 10.235.148.185 | URI: /issues/active | Tokens remaining: 50
2026-08-21 15:56:30 INFO  c.e.c.Tool.security.RateLimitFilter - Request from IP: 10.235.148.185 | URI: /issues/active | Tokens remaining: 50
2026-08-21 15:58:58 INFO  o.s.w.s.c.WebSocketMessageBrokerStats - WebSocketSession[0 current WS(0)-HttpStream(0)-HttpPoll(0), 0 total, 0 closed abnormally (0 connect failure, 0 send limit, 0 transport error)], stompSubProtocol[processed CONNECT(0)-CONNECTED(0)-DISCONNECT(0)], stompBrokerRelay[null], inboundChannel[pool size = 0, active threads = 0, queued tasks = 0, completed tasks = 0], outboundChannel[pool size = 0, active threads = 0, queued tasks = 0, completed tasks = 0], sockJsScheduler[pool size = 4, active threads = 1, queued tasks = 3, completed tasks = 128]
2026-08-21 16:02:01 INFO  c.e.c.Tool.security.RateLimitFilter - Request from IP: 10.235.148.185 | URI: /user/recent-boards | Tokens remaining: 50
2026-08-21 16:02:01 INFO  c.e.c.Tool.security.RateLimitFilter - Request from IP: 10.235.148.185 | URI: /boards/starred | Tokens remaining: 49
2026-08-21 16:02:01 INFO  c.e.c.Tool.security.RateLimitFilter - Request from IP: 10.235.148.185 | URI: /user/scratchpad | Tokens remaining: 49
2026-08-21 16:02:01 INFO  c.e.c.Tool.security.RateLimitFilter - Request from IP: 10.235.148.185 | URI: /user/notifications/unread-count | Tokens remaining: 47
2026-08-21 16:02:01 INFO  c.e.c.Tool.security.RateLimitFilter - Request from IP: 10.235.148.185 | URI: /workspace/starred | Tokens remaining: 46
2026-08-21 16:02:01 INFO  c.e.c.Tool.security.RateLimitFilter - Request from IP: 10.235.148.185 | URI: /workspace/my-workspaces | Tokens remaining: 45
2026-08-21 16:02:01 WARN  c.e.c.Tool.security.JwtFilter - JWT Expired: JWT expired at 2026-08-21T12:53:02Z. Current time: 2026-08-21T13:02:01Z, a difference of 539424 milliseconds.  Allowed clock skew: 0 milliseconds.
2026-08-21 16:02:01 WARN  c.e.c.Tool.security.JwtFilter - JWT Expired: JWT expired at 2026-08-21T12:53:02Z. Current time: 2026-08-21T13:02:01Z, a difference of 539424 milliseconds.  Allowed clock skew: 0 milliseconds.
2026-08-21 16:02:01 WARN  c.e.c.Tool.security.JwtFilter - JWT Expired: JWT expired at 2026-08-21T12:53:02Z. Current time: 2026-08-21T13:02:01Z, a difference of 539424 milliseconds.  Allowed clock skew: 0 milliseconds.
2026-08-21 16:02:01 WARN  c.e.c.Tool.security.JwtFilter - JWT Expired: JWT expired at 2026-08-21T12:53:02Z. Current time: 2026-08-21T13:02:01Z, a difference of 539424 milliseconds.  Allowed clock skew: 0 milliseconds.
2026-08-21 16:02:01 WARN  c.e.c.Tool.security.JwtFilter - JWT Expired: JWT expired at 2026-08-21T12:53:02Z. Current time: 2026-08-21T13:02:01Z, a difference of 539424 milliseconds.  Allowed clock skew: 0 milliseconds.
2026-08-21 16:02:01 WARN  c.e.c.Tool.security.JwtFilter - JWT Expired: JWT expired at 2026-08-21T12:53:02Z. Current time: 2026-08-21T13:02:01Z, a difference of 539424 milliseconds.  Allowed clock skew: 0 milliseconds.
2026-08-21 16:02:01 INFO  c.e.c.Tool.security.RateLimitFilter - Request from IP: 10.235.148.185 | URI: /user/refresh | Tokens remaining: 44
2026-08-21 16:02:01 INFO  c.e.c.Tool.security.RateLimitFilter - Request from IP: 10.235.148.185 | URI: /workspace/my-workspaces | Tokens remaining: 43
2026-08-21 16:02:01 INFO  c.e.c.Tool.security.RateLimitFilter - Request from IP: 10.235.148.185 | URI: /user/recent-boards | Tokens remaining: 42
2026-08-21 16:02:01 INFO  c.e.c.Tool.security.RateLimitFilter - Request from IP: 10.235.148.185 | URI: /boards/starred | Tokens remaining: 43
2026-08-21 16:02:01 INFO  c.e.c.Tool.security.RateLimitFilter - Request from IP: 10.235.148.185 | URI: /user/notifications/unread-count | Tokens remaining: 40
2026-08-21 16:02:01 INFO  c.e.c.Tool.security.RateLimitFilter - Request from IP: 10.235.148.185 | URI: /user/scratchpad | Tokens remaining: 39
2026-08-21 16:02:01 INFO  c.e.c.Tool.security.RateLimitFilter - Request from IP: 10.235.148.185 | URI: /workspace/starred | Tokens remaining: 43
2026-08-21 16:02:02 INFO  c.e.c.Tool.security.RateLimitFilter - Request from IP: 10.235.148.185 | URI: /boards/workspace/2 | Tokens remaining: 38
2026-08-21 16:02:03 INFO  c.e.c.Tool.security.RateLimitFilter - Request from IP: 10.235.148.185 | URI: /boards/6/lists | Tokens remaining: 37
2026-08-21 16:02:07 INFO  c.e.c.Tool.security.RateLimitFilter - Request from IP: 10.235.148.185 | URI: /user/logout | Tokens remaining: 40
2026-08-21 16:02:07 INFO  c.e.c.Tool.security.RateLimitFilter - Request from IP: 10.235.148.185 | URI: /issues/active | Tokens remaining: 39
2026-08-21 16:07:39 INFO  c.e.c.Tool.security.RateLimitFilter - Request from IP: 10.235.148.185 | URI: /user/login | Tokens remaining: 50
2026-08-21 16:07:41 INFO  c.e.c.Tool.security.RateLimitFilter - Request from IP: 10.235.148.185 | URI: /user/recent-boards | Tokens remaining: 50
2026-08-21 16:07:41 INFO  c.e.c.Tool.security.RateLimitFilter - Request from IP: 10.235.148.185 | URI: /workspace/my-workspaces | Tokens remaining: 50
2026-08-21 16:07:41 INFO  c.e.c.Tool.security.RateLimitFilter - Request from IP: 10.235.148.185 | URI: /user/scratchpad | Tokens remaining: 48
2026-08-21 16:07:41 INFO  c.e.c.Tool.security.RateLimitFilter - Request from IP: 10.235.148.185 | URI: /boards/starred | Tokens remaining: 47
2026-08-21 16:07:41 INFO  c.e.c.Tool.security.RateLimitFilter - Request from IP: 10.235.148.185 | URI: /workspace/starred | Tokens remaining: 46
2026-08-21 16:07:41 INFO  c.e.c.Tool.security.RateLimitFilter - Request from IP: 10.235.148.185 | URI: /user/notifications/unread-count | Tokens remaining: 45
2026-08-21 16:07:42 INFO  c.e.c.Tool.security.RateLimitFilter - Request from IP: 10.235.148.185 | URI: /boards/workspace/2 | Tokens remaining: 44
2026-08-21 16:07:43 INFO  c.e.c.Tool.security.RateLimitFilter - Request from IP: 10.235.148.185 | URI: /boards/6/lists | Tokens remaining: 44
2026-08-21 16:07:47 INFO  c.e.c.Tool.security.RateLimitFilter - Request from IP: 10.235.148.185 | URI: /boards/workspace/3 | Tokens remaining: 46
2026-08-21 16:07:47 INFO  c.e.c.Tool.security.RateLimitFilter - Request from IP: 10.235.148.185 | URI: /boards/9/lists | Tokens remaining: 45
2026-08-21 16:07:49 INFO  c.e.c.Tool.security.RateLimitFilter - Request from IP: 10.235.148.185 | URI: /boards/workspace/2 | Tokens remaining: 46
2026-08-21 16:07:50 INFO  c.e.c.Tool.security.RateLimitFilter - Request from IP: 10.235.148.185 | URI: /boards/6/lists | Tokens remaining: 46
2026-08-21 16:07:50 INFO  c.e.c.Tool.security.RateLimitFilter - Request from IP: 10.235.148.185 | URI: /boards/workspace/3 | Tokens remaining: 45
2026-08-21 16:07:51 INFO  c.e.c.Tool.security.RateLimitFilter - Request from IP: 10.235.148.185 | URI: /boards/9/lists | Tokens remaining: 44
2026-08-21 16:07:51 INFO  c.e.c.Tool.security.RateLimitFilter - Request from IP: 10.235.148.185 | URI: /boards/workspace/2 | Tokens remaining: 43
2026-08-21 16:07:51 INFO  c.e.c.Tool.security.RateLimitFilter - Request from IP: 10.235.148.185 | URI: /boards/workspace/3 | Tokens remaining: 43
2026-08-21 16:07:51 INFO  c.e.c.Tool.security.RateLimitFilter - Request from IP: 10.235.148.185 | URI: /boards/6/lists | Tokens remaining: 42
2026-08-21 16:07:51 INFO  c.e.c.Tool.security.RateLimitFilter - Request from IP: 10.235.148.185 | URI: /boards/workspace/2 | Tokens remaining: 41
2026-08-21 16:07:52 INFO  c.e.c.Tool.security.RateLimitFilter - Request from IP: 10.235.148.185 | URI: /boards/workspace/3 | Tokens remaining: 40
2026-08-21 16:07:52 INFO  c.e.c.Tool.security.RateLimitFilter - Request from IP: 10.235.148.185 | URI: /boards/9/lists | Tokens remaining: 39
2026-08-21 16:07:52 INFO  c.e.c.Tool.security.RateLimitFilter - Request from IP: 10.235.148.185 | URI: /boards/6/lists | Tokens remaining: 38
2026-08-21 16:07:52 INFO  c.e.c.Tool.security.RateLimitFilter - Request from IP: 10.235.148.185 | URI: /boards/workspace/2 | Tokens remaining: 37
2026-08-21 16:07:52 INFO  c.e.c.Tool.security.RateLimitFilter - Request from IP: 10.235.148.185 | URI: /boards/9/lists | Tokens remaining: 36
2026-08-21 16:07:52 INFO  c.e.c.Tool.security.RateLimitFilter - Request from IP: 10.235.148.185 | URI: /boards/6/lists | Tokens remaining: 36
2026-08-21 16:07:54 INFO  c.e.c.Tool.security.RateLimitFilter - Request from IP: 10.235.148.185 | URI: /boards/workspace/3 | Tokens remaining: 36
2026-08-21 16:07:54 INFO  c.e.c.Tool.security.RateLimitFilter - Request from IP: 10.235.148.185 | URI: /boards/9/lists | Tokens remaining: 35
2026-08-21 16:07:55 INFO  c.e.c.Tool.security.RateLimitFilter - Request from IP: 10.235.148.185 | URI: /boards/workspace/3 | Tokens remaining: 35
2026-08-21 16:07:56 INFO  c.e.c.Tool.security.RateLimitFilter - Request from IP: 10.235.148.185 | URI: /boards/9/lists | Tokens remaining: 34
2026-08-21 16:08:01 INFO  c.e.c.Tool.security.RateLimitFilter - Request from IP: 10.235.148.185 | URI: /boards/workspace/2 | Tokens remaining: 38
2026-08-21 16:08:02 INFO  c.e.c.Tool.security.RateLimitFilter - Request from IP: 10.235.148.185 | URI: /boards/6/lists | Tokens remaining: 37
2026-08-21 16:08:11 INFO  c.e.c.Tool.security.RateLimitFilter - Request from IP: 10.235.148.185 | URI: /workspace/my-workspaces | Tokens remaining: 44
2026-08-21 16:08:11 INFO  c.e.c.Tool.security.RateLimitFilter - Request from IP: 10.235.148.185 | URI: /user/scratchpad | Tokens remaining: 43
2026-08-21 16:08:11 INFO  c.e.c.Tool.security.RateLimitFilter - Request from IP: 10.235.148.185 | URI: /user/recent-boards | Tokens remaining: 42
2026-08-21 16:08:11 INFO  c.e.c.Tool.security.RateLimitFilter - Request from IP: 10.235.148.185 | URI: /workspace/starred | Tokens remaining: 41
2026-08-21 16:08:11 INFO  c.e.c.Tool.security.RateLimitFilter - Request from IP: 10.235.148.185 | URI: /boards/starred | Tokens remaining: 42
2026-08-21 16:08:11 INFO  c.e.c.Tool.security.RateLimitFilter - Request from IP: 10.235.148.185 | URI: /user/notifications/unread-count | Tokens remaining: 39
2026-08-21 16:08:12 INFO  c.e.c.Tool.security.RateLimitFilter - Request from IP: 10.235.148.185 | URI: /boards/workspace/2 | Tokens remaining: 39
2026-08-21 16:08:13 INFO  c.e.c.Tool.security.RateLimitFilter - Request from IP: 10.235.148.185 | URI: /boards/6/lists | Tokens remaining: 39
2026-08-21 16:08:15 INFO  c.e.c.Tool.security.RateLimitFilter - Request from IP: 10.235.148.185 | URI: /boards/workspace/3 | Tokens remaining: 40
2026-08-21 16:08:16 INFO  c.e.c.Tool.security.RateLimitFilter - Request from IP: 10.235.148.185 | URI: /boards/9/lists | Tokens remaining: 39
2026-08-21 19:10:45 WARN  com.zaxxer.hikari.pool.HikariPool - HikariPool-1 - Thread starvation or clock leap detected (housekeeper delta=3h4s142ms891µs300ns).
2026-08-21 19:11:03 INFO  o.s.w.s.c.WebSocketMessageBrokerStats - WebSocketSession[0 current WS(0)-HttpStream(0)-HttpPoll(0), 0 total, 0 closed abnormally (0 connect failure, 0 send limit, 0 transport error)], stompSubProtocol[processed CONNECT(0)-CONNECTED(0)-DISCONNECT(0)], stompBrokerRelay[null], inboundChannel[pool size = 0, active threads = 0, queued tasks = 0, completed tasks = 0], outboundChannel[pool size = 0, active threads = 0, queued tasks = 0, completed tasks = 0], sockJsScheduler[pool size = 4, active threads = 3, queued tasks = 1, completed tasks = 155]
2026-08-21 19:11:04 INFO  i.l.core.protocol.CommandHandler - null Unexpected exception during request: java.net.SocketException: Connection reset
java.net.SocketException: Connection reset
	at java.base/sun.nio.ch.SocketChannelImpl.throwConnectionReset(SocketChannelImpl.java:401)
	at java.base/sun.nio.ch.SocketChannelImpl.read(SocketChannelImpl.java:434)
	at io.netty.buffer.AdaptivePoolingAllocator$AdaptiveByteBuf.setBytes(AdaptivePoolingAllocator.java:1750)
	at io.netty.buffer.AbstractByteBuf.writeBytes(AbstractByteBuf.java:1139)
	at io.netty.channel.socket.nio.NioSocketChannel.doReadBytes(NioSocketChannel.java:350)
	at io.netty.channel.nio.AbstractNioByteChannel$NioByteUnsafe.read(AbstractNioByteChannel.java:157)
	at io.netty.channel.nio.AbstractNioChannel$AbstractNioUnsafe.handle(AbstractNioChannel.java:445)
	at io.netty.channel.nio.NioIoHandler$DefaultNioRegistration.handle(NioIoHandler.java:388)
	at io.netty.channel.nio.NioIoHandler.processSelectedKey(NioIoHandler.java:596)
	at io.netty.channel.nio.NioIoHandler.processSelectedKeysOptimized(NioIoHandler.java:571)
	at io.netty.channel.nio.NioIoHandler.processSelectedKeys(NioIoHandler.java:512)
	at io.netty.channel.nio.NioIoHandler.run(NioIoHandler.java:484)
	at io.netty.channel.SingleThreadIoEventLoop.runIo(SingleThreadIoEventLoop.java:225)
	at io.netty.channel.SingleThreadIoEventLoop.run(SingleThreadIoEventLoop.java:196)
	at io.netty.util.concurrent.SingleThreadEventExecutor$5.run(SingleThreadEventExecutor.java:1195)
	at io.netty.util.internal.ThreadExecutorMap$2.run(ThreadExecutorMap.java:74)
	at io.netty.util.concurrent.FastThreadLocalRunnable.run(FastThreadLocalRunnable.java:30)
	at java.base/java.lang.Thread.run(Thread.java:1583)
2026-08-21 19:11:04 INFO  i.l.core.protocol.CommandHandler - null Unexpected exception during request: java.net.SocketException: Connection reset
java.net.SocketException: Connection reset
	at java.base/sun.nio.ch.SocketChannelImpl.throwConnectionReset(SocketChannelImpl.java:401)
	at java.base/sun.nio.ch.SocketChannelImpl.read(SocketChannelImpl.java:434)
	at io.netty.buffer.AdaptivePoolingAllocator$AdaptiveByteBuf.setBytes(AdaptivePoolingAllocator.java:1750)
	at io.netty.buffer.AbstractByteBuf.writeBytes(AbstractByteBuf.java:1139)
	at io.netty.channel.socket.nio.NioSocketChannel.doReadBytes(NioSocketChannel.java:350)
	at io.netty.channel.nio.AbstractNioByteChannel$NioByteUnsafe.read(AbstractNioByteChannel.java:157)
	at io.netty.channel.nio.AbstractNioChannel$AbstractNioUnsafe.handle(AbstractNioChannel.java:445)
	at io.netty.channel.nio.NioIoHandler$DefaultNioRegistration.handle(NioIoHandler.java:388)
	at io.netty.channel.nio.NioIoHandler.processSelectedKey(NioIoHandler.java:596)
	at io.netty.channel.nio.NioIoHandler.processSelectedKeysOptimized(NioIoHandler.java:571)
	at io.netty.channel.nio.NioIoHandler.processSelectedKeys(NioIoHandler.java:512)
	at io.netty.channel.nio.NioIoHandler.run(NioIoHandler.java:484)
	at io.netty.channel.SingleThreadIoEventLoop.runIo(SingleThreadIoEventLoop.java:225)
	at io.netty.channel.SingleThreadIoEventLoop.run(SingleThreadIoEventLoop.java:196)
	at io.netty.util.concurrent.SingleThreadEventExecutor$5.run(SingleThreadEventExecutor.java:1195)
	at io.netty.util.internal.ThreadExecutorMap$2.run(ThreadExecutorMap.java:74)
	at io.netty.util.concurrent.FastThreadLocalRunnable.run(FastThreadLocalRunnable.java:30)
	at java.base/java.lang.Thread.run(Thread.java:1583)
2026-08-21 19:11:08 INFO  i.l.core.protocol.ConnectionWatchdog - Reconnecting, last destination was measured-cowbird-128774.upstash.io/15.240.143.75:6379
2026-08-21 19:11:08 INFO  i.l.core.protocol.ConnectionWatchdog - Reconnecting, last destination was measured-cowbird-128774.upstash.io/15.240.98.184:6379
