2026-08-12 09:33:52 WARN  i.l.core.protocol.ConnectionWatchdog - Cannot reconnect to [measured-cowbird-128774.upstash.io/<unresolved>:6379]: Failed to resolve 'measured-cowbird-128774.upstash.io' [A(1)] after 2 queries 
java.net.UnknownHostException: Failed to resolve 'measured-cowbird-128774.upstash.io' [A(1)] after 2 queries 
	at io.netty.resolver.dns.DnsResolveContext.finishResolve(DnsResolveContext.java:1137)
	at io.netty.resolver.dns.DnsResolveContext.tryToFinishResolve(DnsResolveContext.java:1084)
	at io.netty.resolver.dns.DnsResolveContext.query(DnsResolveContext.java:443)
	at io.netty.resolver.dns.DnsResolveContext.access$700(DnsResolveContext.java:69)
	at io.netty.resolver.dns.DnsResolveContext$2.operationComplete(DnsResolveContext.java:512)
	at io.netty.util.concurrent.DefaultPromise.notifyListener0(DefaultPromise.java:604)
	at io.netty.util.concurrent.DefaultPromise.notifyListeners0(DefaultPromise.java:597)
	at io.netty.util.concurrent.DefaultPromise.notifyListenersNow(DefaultPromise.java:573)
	at io.netty.util.concurrent.DefaultPromise.notifyListeners(DefaultPromise.java:506)
	at io.netty.util.concurrent.DefaultPromise.setValue0(DefaultPromise.java:650)
	at io.netty.util.concurrent.DefaultPromise.setFailure0(DefaultPromise.java:643)
	at io.netty.util.concurrent.DefaultPromise.tryFailure(DefaultPromise.java:132)
	at io.netty.resolver.dns.DnsQueryContext.finishFailure(DnsQueryContext.java:346)
	at io.netty.resolver.dns.DnsQueryContext$4.run(DnsQueryContext.java:281)
	at io.netty.util.concurrent.PromiseTask.runTask(PromiseTask.java:98)
	at io.netty.util.concurrent.ScheduledFutureTask.run(ScheduledFutureTask.java:160)
	at io.netty.util.concurrent.AbstractEventExecutor.runTask(AbstractEventExecutor.java:148)
	at io.netty.util.concurrent.AbstractEventExecutor.safeExecute$$$capture(AbstractEventExecutor.java:141)
	at io.netty.util.concurrent.AbstractEventExecutor.safeExecute(AbstractEventExecutor.java)
	at io.netty.util.concurrent.SingleThreadEventExecutor.runAllTasks(SingleThreadEventExecutor.java:535)
	at io.netty.channel.SingleThreadIoEventLoop.run(SingleThreadIoEventLoop.java:201)
	at io.netty.util.concurrent.SingleThreadEventExecutor$5.run(SingleThreadEventExecutor.java:1195)
	at io.netty.util.internal.ThreadExecutorMap$2.run(ThreadExecutorMap.java:74)
	at io.netty.util.concurrent.FastThreadLocalRunnable.run(FastThreadLocalRunnable.java:30)
	at java.base/java.lang.Thread.run(Thread.java:1583)
Caused by: io.netty.resolver.dns.DnsNameResolverTimeoutException: [14855: /10.235.142.178:53] DefaultDnsQuestion(measured-cowbird-128774.upstash.io. IN A) query '14855' via UDP timed out after 5000 milliseconds (no stack trace available)
2026-08-12 09:33:55 INFO  i.l.core.protocol.ConnectionWatchdog - Reconnecting, last destination was measured-cowbird-128774.upstash.io/<unresolved>:6379
2026-08-12 09:33:59 INFO  o.s.w.s.c.WebSocketMessageBrokerStats - WebSocketSession[0 current WS(0)-HttpStream(0)-HttpPoll(0), 0 total, 0 closed abnormally (0 connect failure, 0 send limit, 0 transport error)], stompSubProtocol[processed CONNECT(0)-CONNECTED(0)-DISCONNECT(0)], stompBrokerRelay[null], inboundChannel[pool size = 0, active threads = 0, queued tasks = 0, completed tasks = 0], outboundChannel[pool size = 0, active threads = 0, queued tasks = 0, completed tasks = 0], sockJsScheduler[pool size = 4, active threads = 2, queued tasks = 0, completed tasks = 555]
2026-08-12 09:34:13 WARN  com.zaxxer.hikari.pool.HikariPool - HikariPool-1 - Thread starvation or clock leap detected (housekeeper delta=16h25m54s108ms42µs500ns).
2026-08-12 09:34:13 WARN  i.l.core.protocol.ConnectionWatchdog - Cannot reconnect to [measured-cowbird-128774.upstash.io/<unresolved>:6379]: Failed to resolve 'measured-cowbird-128774.upstash.io' [A(1)] after 2 queries 
java.net.UnknownHostException: Failed to resolve 'measured-cowbird-128774.upstash.io' [A(1)] after 2 queries 
	at io.netty.resolver.dns.DnsResolveContext.finishResolve(DnsResolveContext.java:1137)
	at io.netty.resolver.dns.DnsResolveContext.tryToFinishResolve(DnsResolveContext.java:1084)
	at io.netty.resolver.dns.DnsResolveContext.query(DnsResolveContext.java:443)
	at io.netty.resolver.dns.DnsResolveContext.access$700(DnsResolveContext.java:69)
	at io.netty.resolver.dns.DnsResolveContext$2.operationComplete(DnsResolveContext.java:512)
	at io.netty.util.concurrent.DefaultPromise.notifyListener0(DefaultPromise.java:604)
	at io.netty.util.concurrent.DefaultPromise.notifyListeners0(DefaultPromise.java:597)
	at io.netty.util.concurrent.DefaultPromise.notifyListenersNow(DefaultPromise.java:573)
	at io.netty.util.concurrent.DefaultPromise.notifyListeners(DefaultPromise.java:506)
	at io.netty.util.concurrent.DefaultPromise.setValue0(DefaultPromise.java:650)
	at io.netty.util.concurrent.DefaultPromise.setFailure0(DefaultPromise.java:643)
	at io.netty.util.concurrent.DefaultPromise.tryFailure(DefaultPromise.java:132)
	at io.netty.resolver.dns.DnsQueryContext.finishFailure(DnsQueryContext.java:346)
	at io.netty.resolver.dns.DnsQueryContext$4.run(DnsQueryContext.java:281)
	at io.netty.util.concurrent.PromiseTask.runTask(PromiseTask.java:98)
	at io.netty.util.concurrent.ScheduledFutureTask.run(ScheduledFutureTask.java:160)
	at io.netty.util.concurrent.AbstractEventExecutor.runTask(AbstractEventExecutor.java:148)
	at io.netty.util.concurrent.AbstractEventExecutor.safeExecute$$$capture(AbstractEventExecutor.java:141)
	at io.netty.util.concurrent.AbstractEventExecutor.safeExecute(AbstractEventExecutor.java)
	at io.netty.util.concurrent.SingleThreadEventExecutor.runAllTasks(SingleThreadEventExecutor.java:535)
	at io.netty.channel.SingleThreadIoEventLoop.run(SingleThreadIoEventLoop.java:201)
	at io.netty.util.concurrent.SingleThreadEventExecutor$5.run(SingleThreadEventExecutor.java:1195)
	at io.netty.util.internal.ThreadExecutorMap$2.run(ThreadExecutorMap.java:74)
	at io.netty.util.concurrent.FastThreadLocalRunnable.run(FastThreadLocalRunnable.java:30)
	at java.base/java.lang.Thread.run(Thread.java:1583)
Caused by: io.netty.resolver.dns.DnsNameResolverTimeoutException: [11385: /10.235.142.178:53] DefaultDnsQuestion(measured-cowbird-128774.upstash.io. IN A) query '11385' via UDP timed out after 5000 milliseconds (no stack trace available)
2026-08-12 09:34:13 INFO  i.l.core.protocol.ConnectionWatchdog - Reconnecting, last destination was measured-cowbird-128774.upstash.io/<unresolved>:6379
2026-08-12 09:34:46 INFO  i.l.c.protocol.ReconnectionHandler - Reconnected to measured-cowbird-128774.upstash.io/<unresolved>:6379
2026-08-12 09:40:34 INFO  o.s.boot.tomcat.GracefulShutdown - Commencing graceful shutdown. Waiting for active requests to complete
2026-08-12 09:40:34 INFO  o.s.boot.tomcat.GracefulShutdown - Graceful shutdown complete
2026-08-12 09:40:34 INFO  o.s.m.s.b.SimpleBrokerMessageHandler - Stopping...
2026-08-12 09:40:34 INFO  o.s.m.s.b.SimpleBrokerMessageHandler - BrokerAvailabilityEvent[available=false, SimpleBrokerMessageHandler [org.springframework.messaging.simp.broker.DefaultSubscriptionRegistry@74e37ad3]]
2026-08-12 09:40:34 INFO  o.s.m.s.b.SimpleBrokerMessageHandler - Stopped.
2026-08-12 09:40:36 INFO  o.s.o.j.LocalContainerEntityManagerFactoryBean - Closing JPA EntityManagerFactory for persistence unit 'default'
2026-08-12 09:40:36 INFO  com.zaxxer.hikari.HikariDataSource - HikariPool-1 - Shutdown initiated...
2026-08-12 09:40:36 INFO  com.zaxxer.hikari.HikariDataSource - HikariPool-1 - Shutdown completed.
2026-08-12 09:41:02 INFO  c.e.c.T.CollaborationToolApplication - Starting CollaborationToolApplication using Java 21.0.8 with PID 15748 (C:\Abraham\Code\Eclectics\Collaboration-Tool\target\classes started by pc in C:\Abraham\Code\Eclectics\Collaboration-Tool)
2026-08-12 09:41:02 INFO  c.e.c.T.CollaborationToolApplication - The following 1 profile is active: "prod"
2026-08-12 09:41:12 INFO  o.s.d.r.c.RepositoryConfigurationDelegate - Multiple Spring Data modules found, entering strict repository configuration mode
2026-08-12 09:41:12 INFO  o.s.d.r.c.RepositoryConfigurationDelegate - Bootstrapping Spring Data JPA repositories in DEFAULT mode.
2026-08-12 09:41:15 INFO  o.s.d.r.c.RepositoryConfigurationDelegate - Finished Spring Data repository scanning in 3172 ms. Found 19 JPA repository interfaces.
2026-08-12 09:41:15 INFO  o.s.d.r.c.RepositoryConfigurationDelegate - Multiple Spring Data modules found, entering strict repository configuration mode
2026-08-12 09:41:15 INFO  o.s.d.r.c.RepositoryConfigurationDelegate - Bootstrapping Spring Data Redis repositories in DEFAULT mode.
2026-08-12 09:41:15 INFO  o.s.d.r.c.RepositoryConfigurationExtensionSupport - Spring Data Redis - Could not safely identify store assignment for repository candidate interface com.eclectics.collaboration.Tool.repository.ActivityLogRepository; If you want this repository to be a Redis repository, consider annotating your entities with one of these annotations: org.springframework.data.redis.core.RedisHash (preferred), or consider extending one of the following types with your repository: org.springframework.data.keyvalue.repository.KeyValueRepository
2026-08-12 09:41:15 INFO  o.s.d.r.c.RepositoryConfigurationExtensionSupport - Spring Data Redis - Could not safely identify store assignment for repository candidate interface com.eclectics.collaboration.Tool.repository.BoardMemberRepository; If you want this repository to be a Redis repository, consider annotating your entities with one of these annotations: org.springframework.data.redis.core.RedisHash (preferred), or consider extending one of the following types with your repository: org.springframework.data.keyvalue.repository.KeyValueRepository
2026-08-12 09:41:15 INFO  o.s.d.r.c.RepositoryConfigurationExtensionSupport - Spring Data Redis - Could not safely identify store assignment for repository candidate interface com.eclectics.collaboration.Tool.repository.BoardsRepository; If you want this repository to be a Redis repository, consider annotating your entities with one of these annotations: org.springframework.data.redis.core.RedisHash (preferred), or consider extending one of the following types with your repository: org.springframework.data.keyvalue.repository.KeyValueRepository
2026-08-12 09:41:15 INFO  o.s.d.r.c.RepositoryConfigurationExtensionSupport - Spring Data Redis - Could not safely identify store assignment for repository candidate interface com.eclectics.collaboration.Tool.repository.CardAssigneeRepository; If you want this repository to be a Redis repository, consider annotating your entities with one of these annotations: org.springframework.data.redis.core.RedisHash (preferred), or consider extending one of the following types with your repository: org.springframework.data.keyvalue.repository.KeyValueRepository
2026-08-12 09:41:15 INFO  o.s.d.r.c.RepositoryConfigurationExtensionSupport - Spring Data Redis - Could not safely identify store assignment for repository candidate interface com.eclectics.collaboration.Tool.repository.CardLabelRepository; If you want this repository to be a Redis repository, consider annotating your entities with one of these annotations: org.springframework.data.redis.core.RedisHash (preferred), or consider extending one of the following types with your repository: org.springframework.data.keyvalue.repository.KeyValueRepository
2026-08-12 09:41:15 INFO  o.s.d.r.c.RepositoryConfigurationExtensionSupport - Spring Data Redis - Could not safely identify store assignment for repository candidate interface com.eclectics.collaboration.Tool.repository.CardRepository; If you want this repository to be a Redis repository, consider annotating your entities with one of these annotations: org.springframework.data.redis.core.RedisHash (preferred), or consider extending one of the following types with your repository: org.springframework.data.keyvalue.repository.KeyValueRepository
2026-08-12 09:41:15 INFO  o.s.d.r.c.RepositoryConfigurationExtensionSupport - Spring Data Redis - Could not safely identify store assignment for repository candidate interface com.eclectics.collaboration.Tool.repository.CommentRepository; If you want this repository to be a Redis repository, consider annotating your entities with one of these annotations: org.springframework.data.redis.core.RedisHash (preferred), or consider extending one of the following types with your repository: org.springframework.data.keyvalue.repository.KeyValueRepository
2026-08-12 09:41:15 INFO  o.s.d.r.c.RepositoryConfigurationExtensionSupport - Spring Data Redis - Could not safely identify store assignment for repository candidate interface com.eclectics.collaboration.Tool.repository.FAQRepository; If you want this repository to be a Redis repository, consider annotating your entities with one of these annotations: org.springframework.data.redis.core.RedisHash (preferred), or consider extending one of the following types with your repository: org.springframework.data.keyvalue.repository.KeyValueRepository
2026-08-12 09:41:15 INFO  o.s.d.r.c.RepositoryConfigurationExtensionSupport - Spring Data Redis - Could not safely identify store assignment for repository candidate interface com.eclectics.collaboration.Tool.repository.InvitationRepository; If you want this repository to be a Redis repository, consider annotating your entities with one of these annotations: org.springframework.data.redis.core.RedisHash (preferred), or consider extending one of the following types with your repository: org.springframework.data.keyvalue.repository.KeyValueRepository
2026-08-12 09:41:15 INFO  o.s.d.r.c.RepositoryConfigurationExtensionSupport - Spring Data Redis - Could not safely identify store assignment for repository candidate interface com.eclectics.collaboration.Tool.repository.IssueRepository; If you want this repository to be a Redis repository, consider annotating your entities with one of these annotations: org.springframework.data.redis.core.RedisHash (preferred), or consider extending one of the following types with your repository: org.springframework.data.keyvalue.repository.KeyValueRepository
2026-08-12 09:41:15 INFO  o.s.d.r.c.RepositoryConfigurationExtensionSupport - Spring Data Redis - Could not safely identify store assignment for repository candidate interface com.eclectics.collaboration.Tool.repository.LabelRepository; If you want this repository to be a Redis repository, consider annotating your entities with one of these annotations: org.springframework.data.redis.core.RedisHash (preferred), or consider extending one of the following types with your repository: org.springframework.data.keyvalue.repository.KeyValueRepository
2026-08-12 09:41:15 INFO  o.s.d.r.c.RepositoryConfigurationExtensionSupport - Spring Data Redis - Could not safely identify store assignment for repository candidate interface com.eclectics.collaboration.Tool.repository.ListEntityRepository; If you want this repository to be a Redis repository, consider annotating your entities with one of these annotations: org.springframework.data.redis.core.RedisHash (preferred), or consider extending one of the following types with your repository: org.springframework.data.keyvalue.repository.KeyValueRepository
2026-08-12 09:41:15 INFO  o.s.d.r.c.RepositoryConfigurationExtensionSupport - Spring Data Redis - Could not safely identify store assignment for repository candidate interface com.eclectics.collaboration.Tool.repository.NotificationRepository; If you want this repository to be a Redis repository, consider annotating your entities with one of these annotations: org.springframework.data.redis.core.RedisHash (preferred), or consider extending one of the following types with your repository: org.springframework.data.keyvalue.repository.KeyValueRepository
2026-08-12 09:41:15 INFO  o.s.d.r.c.RepositoryConfigurationExtensionSupport - Spring Data Redis - Could not safely identify store assignment for repository candidate interface com.eclectics.collaboration.Tool.repository.RefreshTokenRepository; If you want this repository to be a Redis repository, consider annotating your entities with one of these annotations: org.springframework.data.redis.core.RedisHash (preferred), or consider extending one of the following types with your repository: org.springframework.data.keyvalue.repository.KeyValueRepository
2026-08-12 09:41:15 INFO  o.s.d.r.c.RepositoryConfigurationExtensionSupport - Spring Data Redis - Could not safely identify store assignment for repository candidate interface com.eclectics.collaboration.Tool.repository.SystemConfigRepository; If you want this repository to be a Redis repository, consider annotating your entities with one of these annotations: org.springframework.data.redis.core.RedisHash (preferred), or consider extending one of the following types with your repository: org.springframework.data.keyvalue.repository.KeyValueRepository
2026-08-12 09:41:15 INFO  o.s.d.r.c.RepositoryConfigurationExtensionSupport - Spring Data Redis - Could not safely identify store assignment for repository candidate interface com.eclectics.collaboration.Tool.repository.TalkRepository; If you want this repository to be a Redis repository, consider annotating your entities with one of these annotations: org.springframework.data.redis.core.RedisHash (preferred), or consider extending one of the following types with your repository: org.springframework.data.keyvalue.repository.KeyValueRepository
2026-08-12 09:41:15 INFO  o.s.d.r.c.RepositoryConfigurationExtensionSupport - Spring Data Redis - Could not safely identify store assignment for repository candidate interface com.eclectics.collaboration.Tool.repository.UserRecentBoardRepository; If you want this repository to be a Redis repository, consider annotating your entities with one of these annotations: org.springframework.data.redis.core.RedisHash (preferred), or consider extending one of the following types with your repository: org.springframework.data.keyvalue.repository.KeyValueRepository
2026-08-12 09:41:15 INFO  o.s.d.r.c.RepositoryConfigurationExtensionSupport - Spring Data Redis - Could not safely identify store assignment for repository candidate interface com.eclectics.collaboration.Tool.repository.UserRespository; If you want this repository to be a Redis repository, consider annotating your entities with one of these annotations: org.springframework.data.redis.core.RedisHash (preferred), or consider extending one of the following types with your repository: org.springframework.data.keyvalue.repository.KeyValueRepository
2026-08-12 09:41:15 INFO  o.s.d.r.c.RepositoryConfigurationExtensionSupport - Spring Data Redis - Could not safely identify store assignment for repository candidate interface com.eclectics.collaboration.Tool.repository.WorkSpaceReposiroty; If you want this repository to be a Redis repository, consider annotating your entities with one of these annotations: org.springframework.data.redis.core.RedisHash (preferred), or consider extending one of the following types with your repository: org.springframework.data.keyvalue.repository.KeyValueRepository
2026-08-12 09:41:15 INFO  o.s.d.r.c.RepositoryConfigurationDelegate - Finished Spring Data repository scanning in 104 ms. Found 0 Redis repository interfaces.
2026-08-12 09:41:19 INFO  o.s.boot.tomcat.TomcatWebServer - Tomcat initialized with port 8084 (http)
2026-08-12 09:41:19 INFO  o.a.coyote.http11.Http11NioProtocol - Initializing ProtocolHandler ["http-nio-0.0.0.0-8084"]
2026-08-12 09:41:19 INFO  o.a.catalina.core.StandardService - Starting service [Tomcat]
2026-08-12 09:41:19 INFO  o.a.catalina.core.StandardEngine - Starting Servlet engine: [Apache Tomcat/11.0.15]
2026-08-12 09:41:20 INFO  o.s.b.w.c.s.WebApplicationContextInitializer - Root WebApplicationContext: initialization completed in 16740 ms
2026-08-12 09:41:20 INFO  com.zaxxer.hikari.HikariDataSource - HikariPool-1 - Starting...
2026-08-12 09:41:21 INFO  com.zaxxer.hikari.pool.HikariPool - HikariPool-1 - Added connection org.postgresql.jdbc.PgConnection@410f53b2
2026-08-12 09:41:21 INFO  com.zaxxer.hikari.HikariDataSource - HikariPool-1 - Start completed.
2026-08-12 09:41:22 INFO  org.hibernate.orm.jpa - HHH008540: Processing PersistenceUnitInfo [name: default]
2026-08-12 09:41:22 INFO  org.hibernate.orm.core - HHH000001: Hibernate ORM core version 7.2.1.Final
2026-08-12 09:41:25 INFO  o.s.o.j.p.SpringPersistenceUnitInfo - No LoadTimeWeaver setup: ignoring JPA class transformer
2026-08-12 09:41:25 INFO  o.hibernate.orm.connections.pooling - HHH10001005: Database info:
	Database JDBC URL [jdbc:postgresql://localhost:5432/collaborationTool]
	Database driver: PostgreSQL JDBC Driver
	Database dialect: PostgreSQLDialect
	Database version: 17.6
	Default catalog/schema: collaborationTool/public
	Autocommit mode: undefined/unknown
	Isolation level: READ_COMMITTED [default READ_COMMITTED]
	JDBC fetch size: none
	Pool: DataSourceConnectionProvider
	Minimum pool size: undefined/unknown
	Maximum pool size: undefined/unknown
2026-08-12 09:41:31 INFO  org.hibernate.orm.core - HHH000489: No JTA platform available (set 'hibernate.transaction.jta.platform' to enable JTA platform integration)
2026-08-12 09:41:31 INFO  o.s.o.j.LocalContainerEntityManagerFactoryBean - Initialized JPA EntityManagerFactory for persistence unit 'default'
2026-08-12 09:41:32 INFO  o.s.d.j.r.q.QueryEnhancerFactories - Hibernate is in classpath; If applicable, HQL parser will be used.
2026-08-12 09:41:40 WARN  o.s.b.j.a.JpaBaseConfiguration$JpaWebConfiguration - spring.jpa.open-in-view is enabled by default. Therefore, database queries may be performed during view rendering. Explicitly configure spring.jpa.open-in-view to disable this warning
2026-08-12 09:41:41 INFO  o.s.v.b.OptionalValidatorFactoryBean - Failed to set up a Bean Validation provider: jakarta.validation.NoProviderFoundException: Unable to create a Configuration, because no Jakarta Validation provider could be found. Add a provider like Hibernate Validator (RI) to your classpath.
2026-08-12 09:41:44 INFO  o.s.m.s.b.SimpleBrokerMessageHandler - Starting...
2026-08-12 09:41:44 INFO  o.s.m.s.b.SimpleBrokerMessageHandler - BrokerAvailabilityEvent[available=true, SimpleBrokerMessageHandler [org.springframework.messaging.simp.broker.DefaultSubscriptionRegistry@589c341d]]
2026-08-12 09:41:44 INFO  o.s.m.s.b.SimpleBrokerMessageHandler - Started.
2026-08-12 09:41:44 INFO  o.a.coyote.http11.Http11NioProtocol - Starting ProtocolHandler ["http-nio-0.0.0.0-8084"]
2026-08-12 09:41:44 INFO  o.s.boot.tomcat.TomcatWebServer - Tomcat started on port 8084 (http) with context path '/'
2026-08-12 09:41:44 INFO  c.e.c.T.CollaborationToolApplication - Started CollaborationToolApplication in 46.49 seconds (process running for 53.437)
2026-08-12 09:41:44 INFO  c.e.c.Tool.configuration.AdminSeeder - >>> Admin already exists, skipping: nthengeabraham952@gmail.com
2026-08-12 09:41:44 INFO  c.e.c.Tool.configuration.AdminSeeder - >>> Admin already exists, skipping: chepkemoisheilah794@gmail.com
2026-08-12 09:42:44 INFO  o.s.w.s.c.WebSocketMessageBrokerStats - WebSocketSession[0 current WS(0)-HttpStream(0)-HttpPoll(0), 0 total, 0 closed abnormally (0 connect failure, 0 send limit, 0 transport error)], stompSubProtocol[processed CONNECT(0)-CONNECTED(0)-DISCONNECT(0)], stompBrokerRelay[null], inboundChannel[pool size = 0, active threads = 0, queued tasks = 0, completed tasks = 0], outboundChannel[pool size = 0, active threads = 0, queued tasks = 0, completed tasks = 0], sockJsScheduler[pool size = 4, active threads = 1, queued tasks = 1, completed tasks = 2]
2026-08-12 09:45:31 INFO  o.s.boot.tomcat.GracefulShutdown - Commencing graceful shutdown. Waiting for active requests to complete
2026-08-12 09:45:31 INFO  o.s.boot.tomcat.GracefulShutdown - Graceful shutdown complete
2026-08-12 09:45:31 INFO  o.s.m.s.b.SimpleBrokerMessageHandler - Stopping...
2026-08-12 09:45:31 INFO  o.s.m.s.b.SimpleBrokerMessageHandler - BrokerAvailabilityEvent[available=false, SimpleBrokerMessageHandler [org.springframework.messaging.simp.broker.DefaultSubscriptionRegistry@589c341d]]
2026-08-12 09:45:31 INFO  o.s.m.s.b.SimpleBrokerMessageHandler - Stopped.
2026-08-12 09:45:31 INFO  o.s.o.j.LocalContainerEntityManagerFactoryBean - Closing JPA EntityManagerFactory for persistence unit 'default'
2026-08-12 09:45:31 INFO  com.zaxxer.hikari.HikariDataSource - HikariPool-1 - Shutdown initiated...
2026-08-12 09:45:31 INFO  com.zaxxer.hikari.HikariDataSource - HikariPool-1 - Shutdown completed.
2026-08-12 09:46:09 INFO  c.e.c.T.CollaborationToolApplication - Starting CollaborationToolApplication using Java 21.0.8 with PID 25544 (C:\Abraham\Code\Eclectics\Collaboration-Tool\target\classes started by pc in C:\Abraham\Code\Eclectics\Collaboration-Tool)
2026-08-12 09:46:09 INFO  c.e.c.T.CollaborationToolApplication - The following 1 profile is active: "prod"
2026-08-12 09:46:20 INFO  o.s.d.r.c.RepositoryConfigurationDelegate - Multiple Spring Data modules found, entering strict repository configuration mode
2026-08-12 09:46:20 INFO  o.s.d.r.c.RepositoryConfigurationDelegate - Bootstrapping Spring Data JPA repositories in DEFAULT mode.
2026-08-12 09:46:22 INFO  o.s.d.r.c.RepositoryConfigurationDelegate - Finished Spring Data repository scanning in 1563 ms. Found 19 JPA repository interfaces.
2026-08-12 09:46:22 INFO  o.s.d.r.c.RepositoryConfigurationDelegate - Multiple Spring Data modules found, entering strict repository configuration mode
2026-08-12 09:46:22 INFO  o.s.d.r.c.RepositoryConfigurationDelegate - Bootstrapping Spring Data Redis repositories in DEFAULT mode.
2026-08-12 09:46:22 INFO  o.s.d.r.c.RepositoryConfigurationExtensionSupport - Spring Data Redis - Could not safely identify store assignment for repository candidate interface com.eclectics.collaboration.Tool.repository.ActivityLogRepository; If you want this repository to be a Redis repository, consider annotating your entities with one of these annotations: org.springframework.data.redis.core.RedisHash (preferred), or consider extending one of the following types with your repository: org.springframework.data.keyvalue.repository.KeyValueRepository
2026-08-12 09:46:22 INFO  o.s.d.r.c.RepositoryConfigurationExtensionSupport - Spring Data Redis - Could not safely identify store assignment for repository candidate interface com.eclectics.collaboration.Tool.repository.BoardMemberRepository; If you want this repository to be a Redis repository, consider annotating your entities with one of these annotations: org.springframework.data.redis.core.RedisHash (preferred), or consider extending one of the following types with your repository: org.springframework.data.keyvalue.repository.KeyValueRepository
2026-08-12 09:46:22 INFO  o.s.d.r.c.RepositoryConfigurationExtensionSupport - Spring Data Redis - Could not safely identify store assignment for repository candidate interface com.eclectics.collaboration.Tool.repository.BoardsRepository; If you want this repository to be a Redis repository, consider annotating your entities with one of these annotations: org.springframework.data.redis.core.RedisHash (preferred), or consider extending one of the following types with your repository: org.springframework.data.keyvalue.repository.KeyValueRepository
2026-08-12 09:46:22 INFO  o.s.d.r.c.RepositoryConfigurationExtensionSupport - Spring Data Redis - Could not safely identify store assignment for repository candidate interface com.eclectics.collaboration.Tool.repository.CardAssigneeRepository; If you want this repository to be a Redis repository, consider annotating your entities with one of these annotations: org.springframework.data.redis.core.RedisHash (preferred), or consider extending one of the following types with your repository: org.springframework.data.keyvalue.repository.KeyValueRepository
2026-08-12 09:46:22 INFO  o.s.d.r.c.RepositoryConfigurationExtensionSupport - Spring Data Redis - Could not safely identify store assignment for repository candidate interface com.eclectics.collaboration.Tool.repository.CardLabelRepository; If you want this repository to be a Redis repository, consider annotating your entities with one of these annotations: org.springframework.data.redis.core.RedisHash (preferred), or consider extending one of the following types with your repository: org.springframework.data.keyvalue.repository.KeyValueRepository
2026-08-12 09:46:22 INFO  o.s.d.r.c.RepositoryConfigurationExtensionSupport - Spring Data Redis - Could not safely identify store assignment for repository candidate interface com.eclectics.collaboration.Tool.repository.CardRepository; If you want this repository to be a Redis repository, consider annotating your entities with one of these annotations: org.springframework.data.redis.core.RedisHash (preferred), or consider extending one of the following types with your repository: org.springframework.data.keyvalue.repository.KeyValueRepository
2026-08-12 09:46:22 INFO  o.s.d.r.c.RepositoryConfigurationExtensionSupport - Spring Data Redis - Could not safely identify store assignment for repository candidate interface com.eclectics.collaboration.Tool.repository.CommentRepository; If you want this repository to be a Redis repository, consider annotating your entities with one of these annotations: org.springframework.data.redis.core.RedisHash (preferred), or consider extending one of the following types with your repository: org.springframework.data.keyvalue.repository.KeyValueRepository
2026-08-12 09:46:22 INFO  o.s.d.r.c.RepositoryConfigurationExtensionSupport - Spring Data Redis - Could not safely identify store assignment for repository candidate interface com.eclectics.collaboration.Tool.repository.FAQRepository; If you want this repository to be a Redis repository, consider annotating your entities with one of these annotations: org.springframework.data.redis.core.RedisHash (preferred), or consider extending one of the following types with your repository: org.springframework.data.keyvalue.repository.KeyValueRepository
2026-08-12 09:46:22 INFO  o.s.d.r.c.RepositoryConfigurationExtensionSupport - Spring Data Redis - Could not safely identify store assignment for repository candidate interface com.eclectics.collaboration.Tool.repository.InvitationRepository; If you want this repository to be a Redis repository, consider annotating your entities with one of these annotations: org.springframework.data.redis.core.RedisHash (preferred), or consider extending one of the following types with your repository: org.springframework.data.keyvalue.repository.KeyValueRepository
2026-08-12 09:46:22 INFO  o.s.d.r.c.RepositoryConfigurationExtensionSupport - Spring Data Redis - Could not safely identify store assignment for repository candidate interface com.eclectics.collaboration.Tool.repository.IssueRepository; If you want this repository to be a Redis repository, consider annotating your entities with one of these annotations: org.springframework.data.redis.core.RedisHash (preferred), or consider extending one of the following types with your repository: org.springframework.data.keyvalue.repository.KeyValueRepository
2026-08-12 09:46:22 INFO  o.s.d.r.c.RepositoryConfigurationExtensionSupport - Spring Data Redis - Could not safely identify store assignment for repository candidate interface com.eclectics.collaboration.Tool.repository.LabelRepository; If you want this repository to be a Redis repository, consider annotating your entities with one of these annotations: org.springframework.data.redis.core.RedisHash (preferred), or consider extending one of the following types with your repository: org.springframework.data.keyvalue.repository.KeyValueRepository
2026-08-12 09:46:22 INFO  o.s.d.r.c.RepositoryConfigurationExtensionSupport - Spring Data Redis - Could not safely identify store assignment for repository candidate interface com.eclectics.collaboration.Tool.repository.ListEntityRepository; If you want this repository to be a Redis repository, consider annotating your entities with one of these annotations: org.springframework.data.redis.core.RedisHash (preferred), or consider extending one of the following types with your repository: org.springframework.data.keyvalue.repository.KeyValueRepository
2026-08-12 09:46:22 INFO  o.s.d.r.c.RepositoryConfigurationExtensionSupport - Spring Data Redis - Could not safely identify store assignment for repository candidate interface com.eclectics.collaboration.Tool.repository.NotificationRepository; If you want this repository to be a Redis repository, consider annotating your entities with one of these annotations: org.springframework.data.redis.core.RedisHash (preferred), or consider extending one of the following types with your repository: org.springframework.data.keyvalue.repository.KeyValueRepository
2026-08-12 09:46:22 INFO  o.s.d.r.c.RepositoryConfigurationExtensionSupport - Spring Data Redis - Could not safely identify store assignment for repository candidate interface com.eclectics.collaboration.Tool.repository.RefreshTokenRepository; If you want this repository to be a Redis repository, consider annotating your entities with one of these annotations: org.springframework.data.redis.core.RedisHash (preferred), or consider extending one of the following types with your repository: org.springframework.data.keyvalue.repository.KeyValueRepository
2026-08-12 09:46:22 INFO  o.s.d.r.c.RepositoryConfigurationExtensionSupport - Spring Data Redis - Could not safely identify store assignment for repository candidate interface com.eclectics.collaboration.Tool.repository.SystemConfigRepository; If you want this repository to be a Redis repository, consider annotating your entities with one of these annotations: org.springframework.data.redis.core.RedisHash (preferred), or consider extending one of the following types with your repository: org.springframework.data.keyvalue.repository.KeyValueRepository
2026-08-12 09:46:22 INFO  o.s.d.r.c.RepositoryConfigurationExtensionSupport - Spring Data Redis - Could not safely identify store assignment for repository candidate interface com.eclectics.collaboration.Tool.repository.TalkRepository; If you want this repository to be a Redis repository, consider annotating your entities with one of these annotations: org.springframework.data.redis.core.RedisHash (preferred), or consider extending one of the following types with your repository: org.springframework.data.keyvalue.repository.KeyValueRepository
2026-08-12 09:46:22 INFO  o.s.d.r.c.RepositoryConfigurationExtensionSupport - Spring Data Redis - Could not safely identify store assignment for repository candidate interface com.eclectics.collaboration.Tool.repository.UserRecentBoardRepository; If you want this repository to be a Redis repository, consider annotating your entities with one of these annotations: org.springframework.data.redis.core.RedisHash (preferred), or consider extending one of the following types with your repository: org.springframework.data.keyvalue.repository.KeyValueRepository
2026-08-12 09:46:22 INFO  o.s.d.r.c.RepositoryConfigurationExtensionSupport - Spring Data Redis - Could not safely identify store assignment for repository candidate interface com.eclectics.collaboration.Tool.repository.UserRespository; If you want this repository to be a Redis repository, consider annotating your entities with one of these annotations: org.springframework.data.redis.core.RedisHash (preferred), or consider extending one of the following types with your repository: org.springframework.data.keyvalue.repository.KeyValueRepository
2026-08-12 09:46:22 INFO  o.s.d.r.c.RepositoryConfigurationExtensionSupport - Spring Data Redis - Could not safely identify store assignment for repository candidate interface com.eclectics.collaboration.Tool.repository.WorkSpaceReposiroty; If you want this repository to be a Redis repository, consider annotating your entities with one of these annotations: org.springframework.data.redis.core.RedisHash (preferred), or consider extending one of the following types with your repository: org.springframework.data.keyvalue.repository.KeyValueRepository
2026-08-12 09:46:22 INFO  o.s.d.r.c.RepositoryConfigurationDelegate - Finished Spring Data repository scanning in 107 ms. Found 0 Redis repository interfaces.
2026-08-12 09:46:27 INFO  o.s.boot.tomcat.TomcatWebServer - Tomcat initialized with port 8084 (http)
2026-08-12 09:46:27 INFO  o.a.coyote.http11.Http11NioProtocol - Initializing ProtocolHandler ["http-nio-0.0.0.0-8084"]
2026-08-12 09:46:27 INFO  o.a.catalina.core.StandardService - Starting service [Tomcat]
2026-08-12 09:46:27 INFO  o.a.catalina.core.StandardEngine - Starting Servlet engine: [Apache Tomcat/11.0.15]
2026-08-12 09:46:28 INFO  o.s.b.w.c.s.WebApplicationContextInitializer - Root WebApplicationContext: initialization completed in 18062 ms
2026-08-12 09:46:28 INFO  com.zaxxer.hikari.HikariDataSource - HikariPool-1 - Starting...
2026-08-12 09:46:30 INFO  com.zaxxer.hikari.pool.HikariPool - HikariPool-1 - Added connection org.postgresql.jdbc.PgConnection@4c8abec7
2026-08-12 09:46:30 INFO  com.zaxxer.hikari.HikariDataSource - HikariPool-1 - Start completed.
2026-08-12 09:46:31 INFO  org.hibernate.orm.jpa - HHH008540: Processing PersistenceUnitInfo [name: default]
2026-08-12 09:46:31 INFO  org.hibernate.orm.core - HHH000001: Hibernate ORM core version 7.2.1.Final
2026-08-12 09:46:34 INFO  o.s.o.j.p.SpringPersistenceUnitInfo - No LoadTimeWeaver setup: ignoring JPA class transformer
2026-08-12 09:46:34 INFO  o.hibernate.orm.connections.pooling - HHH10001005: Database info:
	Database JDBC URL [jdbc:postgresql://localhost:5432/collaborationTool]
	Database driver: PostgreSQL JDBC Driver
	Database dialect: PostgreSQLDialect
	Database version: 17.6
	Default catalog/schema: collaborationTool/public
	Autocommit mode: undefined/unknown
	Isolation level: READ_COMMITTED [default READ_COMMITTED]
	JDBC fetch size: none
	Pool: DataSourceConnectionProvider
	Minimum pool size: undefined/unknown
	Maximum pool size: undefined/unknown
2026-08-12 09:46:40 INFO  org.hibernate.orm.core - HHH000489: No JTA platform available (set 'hibernate.transaction.jta.platform' to enable JTA platform integration)
2026-08-12 09:46:41 INFO  o.s.o.j.LocalContainerEntityManagerFactoryBean - Initialized JPA EntityManagerFactory for persistence unit 'default'
2026-08-12 09:46:42 INFO  o.s.d.j.r.q.QueryEnhancerFactories - Hibernate is in classpath; If applicable, HQL parser will be used.
2026-08-12 09:47:08 WARN  o.s.b.j.a.JpaBaseConfiguration$JpaWebConfiguration - spring.jpa.open-in-view is enabled by default. Therefore, database queries may be performed during view rendering. Explicitly configure spring.jpa.open-in-view to disable this warning
2026-08-12 09:47:11 INFO  o.s.v.b.OptionalValidatorFactoryBean - Failed to set up a Bean Validation provider: jakarta.validation.NoProviderFoundException: Unable to create a Configuration, because no Jakarta Validation provider could be found. Add a provider like Hibernate Validator (RI) to your classpath.
2026-08-12 09:47:14 INFO  o.s.m.s.b.SimpleBrokerMessageHandler - Starting...
2026-08-12 09:47:14 INFO  o.s.m.s.b.SimpleBrokerMessageHandler - BrokerAvailabilityEvent[available=true, SimpleBrokerMessageHandler [org.springframework.messaging.simp.broker.DefaultSubscriptionRegistry@1ef2b7ef]]
2026-08-12 09:47:14 INFO  o.s.m.s.b.SimpleBrokerMessageHandler - Started.
2026-08-12 09:47:14 INFO  o.a.coyote.http11.Http11NioProtocol - Starting ProtocolHandler ["http-nio-0.0.0.0-8084"]
2026-08-12 09:47:14 INFO  o.s.boot.tomcat.TomcatWebServer - Tomcat started on port 8084 (http) with context path '/'
2026-08-12 09:47:14 INFO  c.e.c.T.CollaborationToolApplication - Started CollaborationToolApplication in 69.752 seconds (process running for 75.709)
2026-08-12 09:47:15 INFO  c.e.c.Tool.configuration.AdminSeeder - >>> Admin already exists, skipping: nthengeabraham952@gmail.com
2026-08-12 09:47:15 INFO  c.e.c.Tool.configuration.AdminSeeder - >>> Admin already exists, skipping: chepkemoisheilah794@gmail.com
2026-08-12 09:48:14 INFO  o.s.w.s.c.WebSocketMessageBrokerStats - WebSocketSession[0 current WS(0)-HttpStream(0)-HttpPoll(0), 0 total, 0 closed abnormally (0 connect failure, 0 send limit, 0 transport error)], stompSubProtocol[processed CONNECT(0)-CONNECTED(0)-DISCONNECT(0)], stompBrokerRelay[null], inboundChannel[pool size = 0, active threads = 0, queued tasks = 0, completed tasks = 0], outboundChannel[pool size = 0, active threads = 0, queued tasks = 0, completed tasks = 0], sockJsScheduler[pool size = 4, active threads = 1, queued tasks = 1, completed tasks = 2]
2026-08-12 09:58:47 INFO  o.a.c.c.C.[Tomcat].[localhost].[/] - Initializing Spring DispatcherServlet 'dispatcherServlet'
2026-08-12 09:58:47 INFO  o.s.web.servlet.DispatcherServlet - Initializing Servlet 'dispatcherServlet'
2026-08-12 09:58:47 INFO  o.s.web.servlet.DispatcherServlet - Completed initialization in 164 ms
2026-08-12 09:58:48 INFO  c.e.c.Tool.security.RateLimitFilter - Request from IP: 10.235.148.185 | URI: /issues/active | Tokens remaining: 50
2026-08-12 10:18:14 INFO  o.s.w.s.c.WebSocketMessageBrokerStats - WebSocketSession[0 current WS(0)-HttpStream(0)-HttpPoll(0), 0 total, 0 closed abnormally (0 connect failure, 0 send limit, 0 transport error)], stompSubProtocol[processed CONNECT(0)-CONNECTED(0)-DISCONNECT(0)], stompBrokerRelay[null], inboundChannel[pool size = 0, active threads = 0, queued tasks = 0, completed tasks = 0], outboundChannel[pool size = 0, active threads = 0, queued tasks = 0, completed tasks = 0], sockJsScheduler[pool size = 4, active threads = 1, queued tasks = 1, completed tasks = 63]
2026-08-12 10:21:58 INFO  c.e.c.Tool.security.RateLimitFilter - Request from IP: 10.235.148.185 | URI: /user/login | Tokens remaining: 50
2026-08-12 10:22:04 WARN  c.e.c.T.e.CollaborationExceptionHandler - Bad request: Invalid email or password
2026-08-12 10:22:21 INFO  c.e.c.Tool.security.RateLimitFilter - Request from IP: 10.235.148.185 | URI: /user/login | Tokens remaining: 50
2026-08-12 10:22:25 INFO  c.e.c.Tool.security.RateLimitFilter - Request from IP: 10.235.148.185 | URI: /user/scratchpad | Tokens remaining: 50
2026-08-12 10:22:25 INFO  c.e.c.Tool.security.RateLimitFilter - Request from IP: 10.235.148.185 | URI: /workspace/my-workspaces | Tokens remaining: 49
2026-08-12 10:22:25 INFO  c.e.c.Tool.security.RateLimitFilter - Request from IP: 10.235.148.185 | URI: /user/recent-boards | Tokens remaining: 48
2026-08-12 10:22:40 INFO  c.e.c.Tool.security.RateLimitFilter - Request from IP: 10.235.148.185 | URI: /workspace/my-invitations | Tokens remaining: 50
2026-08-12 10:22:58 INFO  c.e.c.Tool.security.RateLimitFilter - Request from IP: 10.235.148.185 | URI: /user/scratchpad | Tokens remaining: 50
2026-08-12 10:23:51 INFO  c.e.c.Tool.security.RateLimitFilter - Request from IP: 10.235.148.185 | URI: /user/scratchpad | Tokens remaining: 50
2026-08-12 10:23:51 WARN  c.e.c.Tool.security.JwtFilter - JWT Expired: JWT expired at 2026-08-12T07:23:22Z. Current time: 2026-08-12T07:23:51Z, a difference of 29442 milliseconds.  Allowed clock skew: 0 milliseconds.
2026-08-12 10:23:51 INFO  c.e.c.Tool.security.RateLimitFilter - Request from IP: 10.235.148.185 | URI: /user/refresh | Tokens remaining: 49
2026-08-12 10:23:51 INFO  c.e.c.Tool.security.RateLimitFilter - Request from IP: 10.235.148.185 | URI: /user/scratchpad | Tokens remaining: 48
2026-08-12 10:48:14 INFO  o.s.w.s.c.WebSocketMessageBrokerStats - WebSocketSession[0 current WS(0)-HttpStream(0)-HttpPoll(0), 0 total, 0 closed abnormally (0 connect failure, 0 send limit, 0 transport error)], stompSubProtocol[processed CONNECT(0)-CONNECTED(0)-DISCONNECT(0)], stompBrokerRelay[null], inboundChannel[pool size = 0, active threads = 0, queued tasks = 0, completed tasks = 0], outboundChannel[pool size = 0, active threads = 0, queued tasks = 0, completed tasks = 0], sockJsScheduler[pool size = 4, active threads = 1, queued tasks = 1, completed tasks = 125]
2026-08-12 11:06:00 INFO  c.e.c.Tool.security.RateLimitFilter - Request from IP: 10.235.148.185 | URI: /issues/active | Tokens remaining: 50
2026-08-12 11:06:20 INFO  c.e.c.Tool.security.RateLimitFilter - Request from IP: 10.235.148.185 | URI: /user/login | Tokens remaining: 50
2026-08-12 11:06:22 INFO  c.e.c.Tool.security.RateLimitFilter - Request from IP: 10.235.148.185 | URI: /workspace/my-workspaces | Tokens remaining: 50
2026-08-12 11:06:22 INFO  c.e.c.Tool.security.RateLimitFilter - Request from IP: 10.235.148.185 | URI: /user/scratchpad | Tokens remaining: 49
2026-08-12 11:06:22 INFO  c.e.c.Tool.security.RateLimitFilter - Request from IP: 10.235.148.185 | URI: /user/recent-boards | Tokens remaining: 48
2026-08-12 11:06:24 INFO  c.e.c.Tool.security.RateLimitFilter - Request from IP: 10.235.148.185 | URI: /boards/workspace/4 | Tokens remaining: 48
2026-08-12 11:06:25 INFO  c.e.c.Tool.security.RateLimitFilter - Request from IP: 10.235.148.185 | URI: /boards/1/lists | Tokens remaining: 48
2026-08-12 11:06:25 INFO  c.e.c.Tool.security.RateLimitFilter - Request from IP: 10.235.148.185 | URI: /cards/lists/1/cards | Tokens remaining: 47
2026-08-12 11:06:25 INFO  c.e.c.Tool.security.RateLimitFilter - Request from IP: 10.235.148.185 | URI: /cards/lists/2/cards | Tokens remaining: 46
2026-08-12 11:06:25 INFO  c.e.c.Tool.security.RateLimitFilter - Request from IP: 10.235.148.185 | URI: /cards/lists/3/cards | Tokens remaining: 45
2026-08-12 11:06:26 INFO  c.e.c.Tool.security.RateLimitFilter - Request from IP: 10.235.148.185 | URI: /cards/lists/9/cards | Tokens remaining: 44
2026-08-12 11:07:12 INFO  c.e.c.Tool.security.RateLimitFilter - Request from IP: 10.235.148.185 | URI: /boards/workspace/4 | Tokens remaining: 50
2026-08-12 11:07:13 INFO  c.e.c.Tool.security.RateLimitFilter - Request from IP: 10.235.148.185 | URI: /boards/1/lists | Tokens remaining: 49
2026-08-12 11:07:13 INFO  c.e.c.Tool.security.RateLimitFilter - Request from IP: 10.235.148.185 | URI: /board/1/members | Tokens remaining: 48
2026-08-12 11:07:13 INFO  c.e.c.Tool.security.RateLimitFilter - Request from IP: 10.235.148.185 | URI: /cards/lists/1/cards | Tokens remaining: 47
2026-08-12 11:07:13 INFO  c.e.c.Tool.security.RateLimitFilter - Request from IP: 10.235.148.185 | URI: /cards/lists/9/cards | Tokens remaining: 46
2026-08-12 11:07:13 INFO  c.e.c.Tool.security.RateLimitFilter - Request from IP: 10.235.148.185 | URI: /cards/lists/2/cards | Tokens remaining: 45
2026-08-12 11:07:13 INFO  c.e.c.Tool.security.RateLimitFilter - Request from IP: 10.235.148.185 | URI: /cards/lists/3/cards | Tokens remaining: 44
2026-08-12 11:07:21 INFO  c.e.c.Tool.security.RateLimitFilter - Request from IP: 10.235.148.185 | URI: /cards/6/move | Tokens remaining: 50
2026-08-12 11:07:21 WARN  c.e.c.Tool.security.JwtFilter - JWT Expired: JWT expired at 2026-08-12T08:07:21Z. Current time: 2026-08-12T08:07:21Z, a difference of 487 milliseconds.  Allowed clock skew: 0 milliseconds.
2026-08-12 11:07:21 INFO  c.e.c.Tool.security.RateLimitFilter - Request from IP: 10.235.148.185 | URI: /user/refresh | Tokens remaining: 49
2026-08-12 11:07:21 INFO  c.e.c.Tool.security.RateLimitFilter - Request from IP: 10.235.148.185 | URI: /cards/6/move | Tokens remaining: 48
2026-08-12 11:07:23 INFO  c.e.c.Tool.security.RateLimitFilter - Request from IP: 10.235.148.185 | URI: /cards/6/move | Tokens remaining: 48
2026-08-12 11:07:24 INFO  c.e.c.Tool.security.RateLimitFilter - Request from IP: 10.235.148.185 | URI: /boards/1/labels | Tokens remaining: 48
2026-08-12 11:07:24 INFO  c.e.c.Tool.security.RateLimitFilter - Request from IP: 10.235.148.185 | URI: /board/1/members | Tokens remaining: 47
2026-08-12 11:07:35 INFO  c.e.c.Tool.security.RateLimitFilter - Request from IP: 10.235.148.185 | URI: /cards/1/assignee | Tokens remaining: 50
2026-08-12 11:07:45 INFO  c.e.c.Tool.security.RateLimitFilter - Request from IP: 10.235.148.185 | URI: /cards/1 | Tokens remaining: 50
2026-08-12 11:08:29 INFO  c.e.c.Tool.security.RateLimitFilter - Request from IP: 10.235.148.185 | URI: /workspace/my-workspaces | Tokens remaining: 50
2026-08-12 11:08:29 INFO  c.e.c.Tool.security.RateLimitFilter - Request from IP: 10.235.148.185 | URI: /user/recent-boards | Tokens remaining: 49
2026-08-12 11:08:29 WARN  c.e.c.Tool.security.JwtFilter - JWT Expired: JWT expired at 2026-08-12T08:08:21Z. Current time: 2026-08-12T08:08:29Z, a difference of 8233 milliseconds.  Allowed clock skew: 0 milliseconds.
2026-08-12 11:08:29 WARN  c.e.c.Tool.security.JwtFilter - JWT Expired: JWT expired at 2026-08-12T08:08:21Z. Current time: 2026-08-12T08:08:29Z, a difference of 8233 milliseconds.  Allowed clock skew: 0 milliseconds.
2026-08-12 11:08:29 INFO  c.e.c.Tool.security.RateLimitFilter - Request from IP: 10.235.148.185 | URI: /user/refresh | Tokens remaining: 48
2026-08-12 11:08:29 INFO  c.e.c.Tool.security.RateLimitFilter - Request from IP: 10.235.148.185 | URI: /user/scratchpad | Tokens remaining: 47
2026-08-12 11:08:29 INFO  c.e.c.Tool.security.RateLimitFilter - Request from IP: 10.235.148.185 | URI: /user/recent-boards | Tokens remaining: 46
2026-08-12 11:08:29 WARN  c.e.c.Tool.security.JwtFilter - JWT Expired: JWT expired at 2026-08-12T08:08:21Z. Current time: 2026-08-12T08:08:29Z, a difference of 8296 milliseconds.  Allowed clock skew: 0 milliseconds.
2026-08-12 11:08:29 INFO  c.e.c.Tool.security.RateLimitFilter - Request from IP: 10.235.148.185 | URI: /workspace/my-workspaces | Tokens remaining: 45
2026-08-12 11:08:29 INFO  c.e.c.Tool.security.RateLimitFilter - Request from IP: 10.235.148.185 | URI: /user/refresh | Tokens remaining: 44
2026-08-12 11:08:29 INFO  c.e.c.Tool.security.RateLimitFilter - Request from IP: 10.235.148.185 | URI: /user/scratchpad | Tokens remaining: 43
2026-08-12 11:08:29 INFO  c.e.c.Tool.security.RateLimitFilter - Request from IP: 10.235.148.185 | URI: /boards/workspace/4 | Tokens remaining: 42
2026-08-12 11:08:30 INFO  c.e.c.Tool.security.RateLimitFilter - Request from IP: 10.235.148.185 | URI: /boards/1/lists | Tokens remaining: 41
2026-08-12 11:08:30 INFO  c.e.c.Tool.security.RateLimitFilter - Request from IP: 10.235.148.185 | URI: /cards/lists/1/cards | Tokens remaining: 41
2026-08-12 11:08:30 INFO  c.e.c.Tool.security.RateLimitFilter - Request from IP: 10.235.148.185 | URI: /cards/lists/2/cards | Tokens remaining: 40
2026-08-12 11:08:31 INFO  c.e.c.Tool.security.RateLimitFilter - Request from IP: 10.235.148.185 | URI: /cards/lists/3/cards | Tokens remaining: 39
2026-08-12 11:08:31 INFO  c.e.c.Tool.security.RateLimitFilter - Request from IP: 10.235.148.185 | URI: /cards/lists/9/cards | Tokens remaining: 38
2026-08-12 11:14:16 INFO  c.e.c.Tool.security.RateLimitFilter - Request from IP: 10.235.148.185 | URI: /workspace/my-workspaces | Tokens remaining: 50
2026-08-12 11:14:16 INFO  c.e.c.Tool.security.RateLimitFilter - Request from IP: 10.235.148.185 | URI: /user/recent-boards | Tokens remaining: 50
2026-08-12 11:14:16 INFO  c.e.c.Tool.security.RateLimitFilter - Request from IP: 10.235.148.185 | URI: /user/scratchpad | Tokens remaining: 48
2026-08-12 11:14:16 WARN  c.e.c.Tool.security.JwtFilter - JWT Expired: JWT expired at 2026-08-12T08:09:29Z. Current time: 2026-08-12T08:14:16Z, a difference of 287967 milliseconds.  Allowed clock skew: 0 milliseconds.
2026-08-12 11:14:16 WARN  c.e.c.Tool.security.JwtFilter - JWT Expired: JWT expired at 2026-08-12T08:09:29Z. Current time: 2026-08-12T08:14:16Z, a difference of 287967 milliseconds.  Allowed clock skew: 0 milliseconds.
2026-08-12 11:14:16 WARN  c.e.c.Tool.security.JwtFilter - JWT Expired: JWT expired at 2026-08-12T08:09:29Z. Current time: 2026-08-12T08:14:16Z, a difference of 287967 milliseconds.  Allowed clock skew: 0 milliseconds.
2026-08-12 11:14:17 INFO  c.e.c.Tool.security.RateLimitFilter - Request from IP: 10.235.148.185 | URI: /user/refresh | Tokens remaining: 47
2026-08-12 11:14:17 INFO  c.e.c.Tool.security.RateLimitFilter - Request from IP: 10.235.148.185 | URI: /user/scratchpad | Tokens remaining: 46
2026-08-12 11:14:17 INFO  c.e.c.Tool.security.RateLimitFilter - Request from IP: 10.235.148.185 | URI: /user/recent-boards | Tokens remaining: 45
2026-08-12 11:14:17 INFO  c.e.c.Tool.security.RateLimitFilter - Request from IP: 10.235.148.185 | URI: /workspace/my-workspaces | Tokens remaining: 44
2026-08-12 11:14:18 INFO  c.e.c.Tool.security.RateLimitFilter - Request from IP: 10.235.148.185 | URI: /boards/workspace/4 | Tokens remaining: 44
2026-08-12 11:14:19 INFO  c.e.c.Tool.security.RateLimitFilter - Request from IP: 10.235.148.185 | URI: /boards/1/lists | Tokens remaining: 44
2026-08-12 11:14:20 INFO  c.e.c.Tool.security.RateLimitFilter - Request from IP: 10.235.148.185 | URI: /cards/lists/1/cards | Tokens remaining: 43
2026-08-12 11:14:20 INFO  c.e.c.Tool.security.RateLimitFilter - Request from IP: 10.235.148.185 | URI: /cards/lists/2/cards | Tokens remaining: 42
2026-08-12 11:14:20 INFO  c.e.c.Tool.security.RateLimitFilter - Request from IP: 10.235.148.185 | URI: /cards/lists/3/cards | Tokens remaining: 41
2026-08-12 11:14:20 INFO  c.e.c.Tool.security.RateLimitFilter - Request from IP: 10.235.148.185 | URI: /cards/lists/9/cards | Tokens remaining: 40
2026-08-12 11:14:52 INFO  c.e.c.Tool.security.RateLimitFilter - Request from IP: 10.235.148.185 | URI: /user/recent-boards | Tokens remaining: 50
2026-08-12 11:14:52 INFO  c.e.c.Tool.security.RateLimitFilter - Request from IP: 10.235.148.185 | URI: /workspace/my-workspaces | Tokens remaining: 50
2026-08-12 11:14:52 INFO  c.e.c.Tool.security.RateLimitFilter - Request from IP: 10.235.148.185 | URI: /user/scratchpad | Tokens remaining: 48
2026-08-12 11:14:54 INFO  c.e.c.Tool.security.RateLimitFilter - Request from IP: 10.235.148.185 | URI: /boards/workspace/4 | Tokens remaining: 48
2026-08-12 11:14:55 INFO  c.e.c.Tool.security.RateLimitFilter - Request from IP: 10.235.148.185 | URI: /boards/1/lists | Tokens remaining: 48
2026-08-12 11:14:56 INFO  c.e.c.Tool.security.RateLimitFilter - Request from IP: 10.235.148.185 | URI: /cards/lists/1/cards | Tokens remaining: 47
2026-08-12 11:14:56 INFO  c.e.c.Tool.security.RateLimitFilter - Request from IP: 10.235.148.185 | URI: /cards/lists/2/cards | Tokens remaining: 46
2026-08-12 11:14:56 INFO  c.e.c.Tool.security.RateLimitFilter - Request from IP: 10.235.148.185 | URI: /cards/lists/9/cards | Tokens remaining: 45
2026-08-12 11:14:56 INFO  c.e.c.Tool.security.RateLimitFilter - Request from IP: 10.235.148.185 | URI: /cards/lists/3/cards | Tokens remaining: 44
2026-08-12 11:16:07 INFO  c.e.c.Tool.security.RateLimitFilter - Request from IP: 10.235.148.185 | URI: /workspace/my-workspaces | Tokens remaining: 50
2026-08-12 11:16:07 INFO  c.e.c.Tool.security.RateLimitFilter - Request from IP: 10.235.148.185 | URI: /user/scratchpad | Tokens remaining: 49
2026-08-12 11:16:07 INFO  c.e.c.Tool.security.RateLimitFilter - Request from IP: 10.235.148.185 | URI: /user/recent-boards | Tokens remaining: 48
2026-08-12 11:16:07 WARN  c.e.c.Tool.security.JwtFilter - JWT Expired: JWT expired at 2026-08-12T08:15:17Z. Current time: 2026-08-12T08:16:07Z, a difference of 50661 milliseconds.  Allowed clock skew: 0 milliseconds.
2026-08-12 11:16:07 WARN  c.e.c.Tool.security.JwtFilter - JWT Expired: JWT expired at 2026-08-12T08:15:17Z. Current time: 2026-08-12T08:16:07Z, a difference of 50665 milliseconds.  Allowed clock skew: 0 milliseconds.
2026-08-12 11:16:07 WARN  c.e.c.Tool.security.JwtFilter - JWT Expired: JWT expired at 2026-08-12T08:15:17Z. Current time: 2026-08-12T08:16:07Z, a difference of 50672 milliseconds.  Allowed clock skew: 0 milliseconds.
2026-08-12 11:16:07 INFO  c.e.c.Tool.security.RateLimitFilter - Request from IP: 10.235.148.185 | URI: /user/refresh | Tokens remaining: 47
2026-08-12 11:16:07 INFO  c.e.c.Tool.security.RateLimitFilter - Request from IP: 10.235.148.185 | URI: /workspace/my-workspaces | Tokens remaining: 46
2026-08-12 11:16:07 INFO  c.e.c.Tool.security.RateLimitFilter - Request from IP: 10.235.148.185 | URI: /user/recent-boards | Tokens remaining: 45
2026-08-12 11:16:07 INFO  c.e.c.Tool.security.RateLimitFilter - Request from IP: 10.235.148.185 | URI: /user/scratchpad | Tokens remaining: 44
2026-08-12 11:16:08 INFO  c.e.c.Tool.security.RateLimitFilter - Request from IP: 10.235.148.185 | URI: /boards/workspace/4 | Tokens remaining: 43
2026-08-12 11:16:08 INFO  c.e.c.Tool.security.RateLimitFilter - Request from IP: 10.235.148.185 | URI: /boards/1/lists | Tokens remaining: 43
2026-08-12 11:16:09 INFO  c.e.c.Tool.security.RateLimitFilter - Request from IP: 10.235.148.185 | URI: /cards/lists/1/cards | Tokens remaining: 42
2026-08-12 11:16:09 INFO  c.e.c.Tool.security.RateLimitFilter - Request from IP: 10.235.148.185 | URI: /cards/lists/9/cards | Tokens remaining: 41
2026-08-12 11:16:09 INFO  c.e.c.Tool.security.RateLimitFilter - Request from IP: 10.235.148.185 | URI: /cards/lists/3/cards | Tokens remaining: 41
2026-08-12 11:16:09 INFO  c.e.c.Tool.security.RateLimitFilter - Request from IP: 10.235.148.185 | URI: /cards/lists/2/cards | Tokens remaining: 39
2026-08-12 11:17:06 INFO  c.e.c.Tool.security.RateLimitFilter - Request from IP: 10.235.148.185 | URI: /user/scratchpad | Tokens remaining: 50
2026-08-12 11:17:06 INFO  c.e.c.Tool.security.RateLimitFilter - Request from IP: 10.235.148.185 | URI: /user/recent-boards | Tokens remaining: 49
2026-08-12 11:17:06 INFO  c.e.c.Tool.security.RateLimitFilter - Request from IP: 10.235.148.185 | URI: /workspace/my-workspaces | Tokens remaining: 50
2026-08-12 11:17:07 INFO  c.e.c.Tool.security.RateLimitFilter - Request from IP: 10.235.148.185 | URI: /boards/workspace/4 | Tokens remaining: 47
2026-08-12 11:17:07 WARN  c.e.c.Tool.security.JwtFilter - JWT Expired: JWT expired at 2026-08-12T08:17:07Z. Current time: 2026-08-12T08:17:07Z, a difference of 96 milliseconds.  Allowed clock skew: 0 milliseconds.
2026-08-12 11:17:07 INFO  c.e.c.Tool.security.RateLimitFilter - Request from IP: 10.235.148.185 | URI: /user/refresh | Tokens remaining: 46
2026-08-12 11:17:07 INFO  c.e.c.Tool.security.RateLimitFilter - Request from IP: 10.235.148.185 | URI: /boards/workspace/4 | Tokens remaining: 45
2026-08-12 11:17:08 INFO  c.e.c.Tool.security.RateLimitFilter - Request from IP: 10.235.148.185 | URI: /boards/1/lists | Tokens remaining: 45
2026-08-12 11:17:09 INFO  c.e.c.Tool.security.RateLimitFilter - Request from IP: 10.235.148.185 | URI: /cards/lists/1/cards | Tokens remaining: 45
2026-08-12 11:17:09 INFO  c.e.c.Tool.security.RateLimitFilter - Request from IP: 10.235.148.185 | URI: /cards/lists/9/cards | Tokens remaining: 44
2026-08-12 11:17:09 INFO  c.e.c.Tool.security.RateLimitFilter - Request from IP: 10.235.148.185 | URI: /cards/lists/3/cards | Tokens remaining: 43
2026-08-12 11:17:09 INFO  c.e.c.Tool.security.RateLimitFilter - Request from IP: 10.235.148.185 | URI: /cards/lists/2/cards | Tokens remaining: 42
2026-08-12 11:18:14 INFO  o.s.w.s.c.WebSocketMessageBrokerStats - WebSocketSession[0 current WS(0)-HttpStream(0)-HttpPoll(0), 0 total, 0 closed abnormally (0 connect failure, 0 send limit, 0 transport error)], stompSubProtocol[processed CONNECT(0)-CONNECTED(0)-DISCONNECT(0)], stompBrokerRelay[null], inboundChannel[pool size = 0, active threads = 0, queued tasks = 0, completed tasks = 0], outboundChannel[pool size = 0, active threads = 0, queued tasks = 0, completed tasks = 0], sockJsScheduler[pool size = 4, active threads = 1, queued tasks = 1, completed tasks = 186]
2026-08-12 11:19:19 INFO  c.e.c.Tool.security.RateLimitFilter - Request from IP: 10.235.148.185 | URI: /workspace/my-workspaces | Tokens remaining: 50
2026-08-12 11:19:19 INFO  c.e.c.Tool.security.RateLimitFilter - Request from IP: 10.235.148.185 | URI: /user/scratchpad | Tokens remaining: 49
2026-08-12 11:19:19 WARN  c.e.c.Tool.security.JwtFilter - JWT Expired: JWT expired at 2026-08-12T08:18:07Z. Current time: 2026-08-12T08:19:19Z, a difference of 72253 milliseconds.  Allowed clock skew: 0 milliseconds.
2026-08-12 11:19:19 WARN  c.e.c.Tool.security.JwtFilter - JWT Expired: JWT expired at 2026-08-12T08:18:07Z. Current time: 2026-08-12T08:19:19Z, a difference of 72253 milliseconds.  Allowed clock skew: 0 milliseconds.
2026-08-12 11:19:19 INFO  c.e.c.Tool.security.RateLimitFilter - Request from IP: 10.235.148.185 | URI: /user/refresh | Tokens remaining: 48
2026-08-12 11:19:19 INFO  c.e.c.Tool.security.RateLimitFilter - Request from IP: 10.235.148.185 | URI: /user/recent-boards | Tokens remaining: 47
2026-08-12 11:19:19 WARN  c.e.c.Tool.security.JwtFilter - JWT Expired: JWT expired at 2026-08-12T08:18:07Z. Current time: 2026-08-12T08:19:19Z, a difference of 72314 milliseconds.  Allowed clock skew: 0 milliseconds.
2026-08-12 11:19:19 INFO  c.e.c.Tool.security.RateLimitFilter - Request from IP: 10.235.148.185 | URI: /user/scratchpad | Tokens remaining: 46
2026-08-12 11:19:19 INFO  c.e.c.Tool.security.RateLimitFilter - Request from IP: 10.235.148.185 | URI: /user/refresh | Tokens remaining: 45
2026-08-12 11:19:19 INFO  c.e.c.Tool.security.RateLimitFilter - Request from IP: 10.235.148.185 | URI: /workspace/my-workspaces | Tokens remaining: 44
2026-08-12 11:19:19 INFO  c.e.c.Tool.security.RateLimitFilter - Request from IP: 10.235.148.185 | URI: /user/recent-boards | Tokens remaining: 43
2026-08-12 11:19:19 INFO  c.e.c.Tool.security.RateLimitFilter - Request from IP: 10.235.148.185 | URI: /boards/workspace/4 | Tokens remaining: 42
2026-08-12 11:19:20 INFO  c.e.c.Tool.security.RateLimitFilter - Request from IP: 10.235.148.185 | URI: /boards/1/lists | Tokens remaining: 42
2026-08-12 11:19:20 INFO  c.e.c.Tool.security.RateLimitFilter - Request from IP: 10.235.148.185 | URI: /cards/lists/1/cards | Tokens remaining: 41
2026-08-12 11:19:20 INFO  c.e.c.Tool.security.RateLimitFilter - Request from IP: 10.235.148.185 | URI: /cards/lists/2/cards | Tokens remaining: 40
2026-08-12 11:19:20 INFO  c.e.c.Tool.security.RateLimitFilter - Request from IP: 10.235.148.185 | URI: /cards/lists/3/cards | Tokens remaining: 39
2026-08-12 11:19:20 INFO  c.e.c.Tool.security.RateLimitFilter - Request from IP: 10.235.148.185 | URI: /cards/lists/9/cards | Tokens remaining: 38
2026-08-12 11:19:34 INFO  c.e.c.Tool.security.RateLimitFilter - Request from IP: 10.235.148.185 | URI: /boards/workspace/4 | Tokens remaining: 48
2026-08-12 11:19:34 INFO  c.e.c.Tool.security.RateLimitFilter - Request from IP: 10.235.148.185 | URI: /boards/1/lists | Tokens remaining: 47
2026-08-12 11:19:34 INFO  c.e.c.Tool.security.RateLimitFilter - Request from IP: 10.235.148.185 | URI: /board/1/members | Tokens remaining: 46
2026-08-12 11:19:35 INFO  c.e.c.Tool.security.RateLimitFilter - Request from IP: 10.235.148.185 | URI: /cards/lists/2/cards | Tokens remaining: 46
2026-08-12 11:19:35 INFO  c.e.c.Tool.security.RateLimitFilter - Request from IP: 10.235.148.185 | URI: /cards/lists/3/cards | Tokens remaining: 46
2026-08-12 11:19:35 INFO  c.e.c.Tool.security.RateLimitFilter - Request from IP: 10.235.148.185 | URI: /cards/lists/1/cards | Tokens remaining: 44
2026-08-12 11:19:35 INFO  c.e.c.Tool.security.RateLimitFilter - Request from IP: 10.235.148.185 | URI: /cards/lists/9/cards | Tokens remaining: 43
2026-08-12 11:19:38 INFO  c.e.c.Tool.security.RateLimitFilter - Request from IP: 10.235.148.185 | URI: /cards/1/move | Tokens remaining: 44
2026-08-12 11:19:39 INFO  c.e.c.Tool.security.RateLimitFilter - Request from IP: 10.235.148.185 | URI: /cards/7/move | Tokens remaining: 45
2026-08-12 11:19:41 INFO  c.e.c.Tool.security.RateLimitFilter - Request from IP: 10.235.148.185 | URI: /cards/4/move | Tokens remaining: 45
2026-08-12 11:19:43 INFO  c.e.c.Tool.security.RateLimitFilter - Request from IP: 10.235.148.185 | URI: /cards/8/move | Tokens remaining: 45
2026-08-12 11:19:48 INFO  c.e.c.Tool.security.RateLimitFilter - Request from IP: 10.235.148.185 | URI: /workspace/my-workspaces | Tokens remaining: 49
2026-08-12 11:19:48 INFO  c.e.c.Tool.security.RateLimitFilter - Request from IP: 10.235.148.185 | URI: /user/scratchpad | Tokens remaining: 48
2026-08-12 11:19:48 INFO  c.e.c.Tool.security.RateLimitFilter - Request from IP: 10.235.148.185 | URI: /user/recent-boards | Tokens remaining: 47
2026-08-12 11:19:49 INFO  c.e.c.Tool.security.RateLimitFilter - Request from IP: 10.235.148.185 | URI: /boards/workspace/4 | Tokens remaining: 47
2026-08-12 11:19:50 INFO  c.e.c.Tool.security.RateLimitFilter - Request from IP: 10.235.148.185 | URI: /boards/1/lists | Tokens remaining: 46
2026-08-12 11:19:50 INFO  c.e.c.Tool.security.RateLimitFilter - Request from IP: 10.235.148.185 | URI: /cards/lists/2/cards | Tokens remaining: 46
2026-08-12 11:19:50 INFO  c.e.c.Tool.security.RateLimitFilter - Request from IP: 10.235.148.185 | URI: /cards/lists/9/cards | Tokens remaining: 46
2026-08-12 11:19:50 INFO  c.e.c.Tool.security.RateLimitFilter - Request from IP: 10.235.148.185 | URI: /cards/lists/1/cards | Tokens remaining: 44
2026-08-12 11:19:50 INFO  c.e.c.Tool.security.RateLimitFilter - Request from IP: 10.235.148.185 | URI: /cards/lists/3/cards | Tokens remaining: 43
2026-08-12 11:20:09 INFO  c.e.c.Tool.security.RateLimitFilter - Request from IP: 10.235.148.185 | URI: /workspace/my-invitations | Tokens remaining: 50
2026-08-12 11:20:12 INFO  c.e.c.Tool.security.RateLimitFilter - Request from IP: 10.235.148.185 | URI: /workspace/my-invitations | Tokens remaining: 50
2026-08-12 11:20:15 INFO  c.e.c.Tool.security.RateLimitFilter - Request from IP: 10.235.148.185 | URI: /workspace/my-invitations | Tokens remaining: 50
2026-08-12 11:21:12 INFO  c.e.c.Tool.security.RateLimitFilter - Request from IP: 10.235.148.185 | URI: /boards/workspace/5 | Tokens remaining: 50
2026-08-12 11:21:12 WARN  c.e.c.Tool.security.JwtFilter - JWT Expired: JWT expired at 2026-08-12T08:20:19Z. Current time: 2026-08-12T08:21:12Z, a difference of 53591 milliseconds.  Allowed clock skew: 0 milliseconds.
2026-08-12 11:21:12 INFO  c.e.c.Tool.security.RateLimitFilter - Request from IP: 10.235.148.185 | URI: /user/refresh | Tokens remaining: 49
2026-08-12 11:21:12 INFO  c.e.c.Tool.security.RateLimitFilter - Request from IP: 10.235.148.185 | URI: /boards/workspace/5 | Tokens remaining: 48
2026-08-12 11:21:13 INFO  c.e.c.Tool.security.RateLimitFilter - Request from IP: 10.235.148.185 | URI: /boards/4/lists | Tokens remaining: 47
2026-08-12 11:21:14 INFO  c.e.c.Tool.security.RateLimitFilter - Request from IP: 10.235.148.185 | URI: /boards/workspace/5 | Tokens remaining: 47
2026-08-12 11:21:15 INFO  c.e.c.Tool.security.RateLimitFilter - Request from IP: 10.235.148.185 | URI: /boards/4/lists | Tokens remaining: 47
2026-08-12 11:21:40 INFO  c.e.c.Tool.security.RateLimitFilter - Request from IP: 10.235.148.185 | URI: /boards/workspace/8 | Tokens remaining: 50
2026-08-12 11:21:40 INFO  c.e.c.Tool.security.RateLimitFilter - Request from IP: 10.235.148.185 | URI: /boards/3/lists | Tokens remaining: 49
2026-08-12 11:21:48 INFO  c.e.c.Tool.security.RateLimitFilter - Request from IP: 10.235.148.185 | URI: /boards/workspace/11 | Tokens remaining: 50
2026-08-12 11:21:55 INFO  c.e.c.Tool.security.RateLimitFilter - Request from IP: 10.235.148.185 | URI: /boards/workspace/8 | Tokens remaining: 50
2026-08-12 11:21:55 INFO  c.e.c.Tool.security.RateLimitFilter - Request from IP: 10.235.148.185 | URI: /boards/3/lists | Tokens remaining: 49
2026-08-12 11:22:01 INFO  c.e.c.Tool.security.RateLimitFilter - Request from IP: 10.235.148.185 | URI: /boards/workspace/4 | Tokens remaining: 50
2026-08-12 11:22:01 INFO  c.e.c.Tool.security.RateLimitFilter - Request from IP: 10.235.148.185 | URI: /boards/1/lists | Tokens remaining: 49
2026-08-12 11:22:02 INFO  c.e.c.Tool.security.RateLimitFilter - Request from IP: 10.235.148.185 | URI: /cards/lists/1/cards | Tokens remaining: 48
2026-08-12 11:22:02 INFO  c.e.c.Tool.security.RateLimitFilter - Request from IP: 10.235.148.185 | URI: /cards/lists/2/cards | Tokens remaining: 47
2026-08-12 11:22:02 INFO  c.e.c.Tool.security.RateLimitFilter - Request from IP: 10.235.148.185 | URI: /cards/lists/9/cards | Tokens remaining: 46
2026-08-12 11:22:02 INFO  c.e.c.Tool.security.RateLimitFilter - Request from IP: 10.235.148.185 | URI: /cards/lists/3/cards | Tokens remaining: 45
2026-08-12 11:29:30 INFO  c.e.c.Tool.security.RateLimitFilter - Request from IP: 10.235.148.185 | URI: /workspace/my-workspaces | Tokens remaining: 50
2026-08-12 11:29:30 WARN  c.e.c.Tool.security.JwtFilter - JWT Expired: JWT expired at 2026-08-12T08:22:12Z. Current time: 2026-08-12T08:29:30Z, a difference of 438372 milliseconds.  Allowed clock skew: 0 milliseconds.
2026-08-12 11:29:30 INFO  c.e.c.Tool.security.RateLimitFilter - Request from IP: 10.235.148.185 | URI: /user/scratchpad | Tokens remaining: 49
2026-08-12 11:29:30 INFO  c.e.c.Tool.security.RateLimitFilter - Request from IP: 10.235.148.185 | URI: /user/recent-boards | Tokens remaining: 48
2026-08-12 11:29:31 WARN  c.e.c.Tool.security.JwtFilter - JWT Expired: JWT expired at 2026-08-12T08:22:12Z. Current time: 2026-08-12T08:29:31Z, a difference of 439062 milliseconds.  Allowed clock skew: 0 milliseconds.
2026-08-12 11:29:31 WARN  c.e.c.Tool.security.JwtFilter - JWT Expired: JWT expired at 2026-08-12T08:22:12Z. Current time: 2026-08-12T08:29:31Z, a difference of 439128 milliseconds.  Allowed clock skew: 0 milliseconds.
2026-08-12 11:29:32 INFO  c.e.c.Tool.security.RateLimitFilter - Request from IP: 10.235.148.185 | URI: /user/refresh | Tokens remaining: 48
2026-08-12 11:29:32 INFO  c.e.c.Tool.security.RateLimitFilter - Request from IP: 10.235.148.185 | URI: /user/scratchpad | Tokens remaining: 48
2026-08-12 11:29:32 INFO  c.e.c.Tool.security.RateLimitFilter - Request from IP: 10.235.148.185 | URI: /user/recent-boards | Tokens remaining: 47
2026-08-12 11:29:32 INFO  c.e.c.Tool.security.RateLimitFilter - Request from IP: 10.235.148.185 | URI: /workspace/my-workspaces | Tokens remaining: 46
2026-08-12 11:29:33 INFO  c.e.c.Tool.security.RateLimitFilter - Request from IP: 10.235.148.185 | URI: /boards/workspace/4 | Tokens remaining: 45
2026-08-12 11:29:33 INFO  c.e.c.Tool.security.RateLimitFilter - Request from IP: 10.235.148.185 | URI: /boards/1/lists | Tokens remaining: 44
2026-08-12 11:29:34 INFO  c.e.c.Tool.security.RateLimitFilter - Request from IP: 10.235.148.185 | URI: /cards/lists/1/cards | Tokens remaining: 44
2026-08-12 11:29:34 INFO  c.e.c.Tool.security.RateLimitFilter - Request from IP: 10.235.148.185 | URI: /cards/lists/2/cards | Tokens remaining: 43
2026-08-12 11:29:34 INFO  c.e.c.Tool.security.RateLimitFilter - Request from IP: 10.235.148.185 | URI: /cards/lists/3/cards | Tokens remaining: 42
2026-08-12 11:29:34 INFO  c.e.c.Tool.security.RateLimitFilter - Request from IP: 10.235.148.185 | URI: /cards/lists/9/cards | Tokens remaining: 41
2026-08-12 11:35:32 INFO  c.e.c.Tool.security.RateLimitFilter - Request from IP: 10.235.148.185 | URI: /workspace/my-workspaces | Tokens remaining: 50
2026-08-12 11:35:32 INFO  c.e.c.Tool.security.RateLimitFilter - Request from IP: 10.235.148.185 | URI: /user/scratchpad | Tokens remaining: 49
2026-08-12 11:35:32 WARN  c.e.c.Tool.security.JwtFilter - JWT Expired: JWT expired at 2026-08-12T08:30:32Z. Current time: 2026-08-12T08:35:32Z, a difference of 300358 milliseconds.  Allowed clock skew: 0 milliseconds.
2026-08-12 11:35:33 WARN  c.e.c.Tool.security.JwtFilter - JWT Expired: JWT expired at 2026-08-12T08:30:32Z. Current time: 2026-08-12T08:35:33Z, a difference of 301294 milliseconds.  Allowed clock skew: 0 milliseconds.
2026-08-12 11:35:33 INFO  c.e.c.Tool.security.RateLimitFilter - Request from IP: 10.235.148.185 | URI: /user/recent-boards | Tokens remaining: 48
2026-08-12 11:35:33 WARN  c.e.c.Tool.security.JwtFilter - JWT Expired: JWT expired at 2026-08-12T08:30:32Z. Current time: 2026-08-12T08:35:33Z, a difference of 301456 milliseconds.  Allowed clock skew: 0 milliseconds.
2026-08-12 11:35:40 INFO  c.e.c.Tool.security.RateLimitFilter - Request from IP: 10.235.148.185 | URI: /user/refresh | Tokens remaining: 50
2026-08-12 11:35:40 INFO  c.e.c.Tool.security.RateLimitFilter - Request from IP: 10.235.148.185 | URI: /workspace/my-workspaces | Tokens remaining: 49
2026-08-12 11:35:40 INFO  c.e.c.Tool.security.RateLimitFilter - Request from IP: 10.235.148.185 | URI: /user/recent-boards | Tokens remaining: 48
2026-08-12 11:35:40 INFO  c.e.c.Tool.security.RateLimitFilter - Request from IP: 10.235.148.185 | URI: /user/scratchpad | Tokens remaining: 47
2026-08-12 11:35:41 INFO  c.e.c.Tool.security.RateLimitFilter - Request from IP: 10.235.148.185 | URI: /boards/workspace/4 | Tokens remaining: 46
2026-08-12 11:35:41 INFO  c.e.c.Tool.security.RateLimitFilter - Request from IP: 10.235.148.185 | URI: /boards/1/lists | Tokens remaining: 46
2026-08-12 11:35:42 INFO  c.e.c.Tool.security.RateLimitFilter - Request from IP: 10.235.148.185 | URI: /cards/lists/1/cards | Tokens remaining: 45
2026-08-12 11:35:42 INFO  c.e.c.Tool.security.RateLimitFilter - Request from IP: 10.235.148.185 | URI: /cards/lists/2/cards | Tokens remaining: 44
2026-08-12 11:35:42 INFO  c.e.c.Tool.security.RateLimitFilter - Request from IP: 10.235.148.185 | URI: /cards/lists/9/cards | Tokens remaining: 43
2026-08-12 11:35:42 INFO  c.e.c.Tool.security.RateLimitFilter - Request from IP: 10.235.148.185 | URI: /cards/lists/3/cards | Tokens remaining: 43
2026-08-12 11:48:14 INFO  o.s.w.s.c.WebSocketMessageBrokerStats - WebSocketSession[0 current WS(0)-HttpStream(0)-HttpPoll(0), 0 total, 0 closed abnormally (0 connect failure, 0 send limit, 0 transport error)], stompSubProtocol[processed CONNECT(0)-CONNECTED(0)-DISCONNECT(0)], stompBrokerRelay[null], inboundChannel[pool size = 0, active threads = 0, queued tasks = 0, completed tasks = 0], outboundChannel[pool size = 0, active threads = 0, queued tasks = 0, completed tasks = 0], sockJsScheduler[pool size = 4, active threads = 1, queued tasks = 1, completed tasks = 247]
2026-08-12 11:57:44 INFO  c.e.c.Tool.security.RateLimitFilter - Request from IP: 10.235.148.185 | URI: /workspace/my-workspaces | Tokens remaining: 50
2026-08-12 11:57:45 INFO  c.e.c.Tool.security.RateLimitFilter - Request from IP: 10.235.148.185 | URI: /user/scratchpad | Tokens remaining: 49
2026-08-12 11:57:45 INFO  c.e.c.Tool.security.RateLimitFilter - Request from IP: 10.235.148.185 | URI: /user/recent-boards | Tokens remaining: 48
2026-08-12 11:57:45 WARN  c.e.c.Tool.security.JwtFilter - JWT Expired: JWT expired at 2026-08-12T08:36:40Z. Current time: 2026-08-12T08:57:45Z, a difference of 1265050 milliseconds.  Allowed clock skew: 0 milliseconds.
2026-08-12 11:57:45 WARN  c.e.c.Tool.security.JwtFilter - JWT Expired: JWT expired at 2026-08-12T08:36:40Z. Current time: 2026-08-12T08:57:45Z, a difference of 1265065 milliseconds.  Allowed clock skew: 0 milliseconds.
2026-08-12 11:57:45 WARN  c.e.c.Tool.security.JwtFilter - JWT Expired: JWT expired at 2026-08-12T08:36:40Z. Current time: 2026-08-12T08:57:45Z, a difference of 1265071 milliseconds.  Allowed clock skew: 0 milliseconds.
2026-08-12 11:57:46 INFO  c.e.c.Tool.security.RateLimitFilter - Request from IP: 10.235.148.185 | URI: /user/refresh | Tokens remaining: 48
2026-08-12 11:57:47 INFO  c.e.c.Tool.security.RateLimitFilter - Request from IP: 10.235.148.185 | URI: /user/scratchpad | Tokens remaining: 47
2026-08-12 11:57:47 INFO  c.e.c.Tool.security.RateLimitFilter - Request from IP: 10.235.148.185 | URI: /user/recent-boards | Tokens remaining: 46
2026-08-12 11:57:47 INFO  c.e.c.Tool.security.RateLimitFilter - Request from IP: 10.235.148.185 | URI: /workspace/my-workspaces | Tokens remaining: 46
2026-08-12 11:57:49 INFO  c.e.c.Tool.security.RateLimitFilter - Request from IP: 10.235.148.185 | URI: /boards/workspace/4 | Tokens remaining: 46
2026-08-12 11:57:50 INFO  c.e.c.Tool.security.RateLimitFilter - Request from IP: 10.235.148.185 | URI: /boards/1/lists | Tokens remaining: 46
2026-08-12 11:57:50 INFO  c.e.c.Tool.security.RateLimitFilter - Request from IP: 10.235.148.185 | URI: /cards/lists/1/cards | Tokens remaining: 45
2026-08-12 11:57:50 INFO  c.e.c.Tool.security.RateLimitFilter - Request from IP: 10.235.148.185 | URI: /cards/lists/2/cards | Tokens remaining: 44
2026-08-12 11:57:50 INFO  c.e.c.Tool.security.RateLimitFilter - Request from IP: 10.235.148.185 | URI: /cards/lists/3/cards | Tokens remaining: 43
2026-08-12 11:57:50 INFO  c.e.c.Tool.security.RateLimitFilter - Request from IP: 10.235.148.185 | URI: /cards/lists/9/cards | Tokens remaining: 42
2026-08-12 11:57:58 INFO  c.e.c.Tool.security.RateLimitFilter - Request from IP: 10.235.148.185 | URI: /user/recent-boards | Tokens remaining: 48
2026-08-12 11:57:58 INFO  c.e.c.Tool.security.RateLimitFilter - Request from IP: 10.235.148.185 | URI: /user/scratchpad | Tokens remaining: 47
2026-08-12 11:57:58 INFO  c.e.c.Tool.security.RateLimitFilter - Request from IP: 10.235.148.185 | URI: /workspace/my-workspaces | Tokens remaining: 46
2026-08-12 11:57:59 INFO  c.e.c.Tool.security.RateLimitFilter - Request from IP: 10.235.148.185 | URI: /boards/workspace/4 | Tokens remaining: 45
2026-08-12 11:57:59 INFO  c.e.c.Tool.security.RateLimitFilter - Request from IP: 10.235.148.185 | URI: /boards/1/lists | Tokens remaining: 45
2026-08-12 11:58:00 INFO  c.e.c.Tool.security.RateLimitFilter - Request from IP: 10.235.148.185 | URI: /cards/lists/3/cards | Tokens remaining: 44
2026-08-12 11:58:00 INFO  c.e.c.Tool.security.RateLimitFilter - Request from IP: 10.235.148.185 | URI: /cards/lists/9/cards | Tokens remaining: 43
2026-08-12 11:58:00 INFO  c.e.c.Tool.security.RateLimitFilter - Request from IP: 10.235.148.185 | URI: /cards/lists/1/cards | Tokens remaining: 42
2026-08-12 11:58:00 INFO  c.e.c.Tool.security.RateLimitFilter - Request from IP: 10.235.148.185 | URI: /cards/lists/2/cards | Tokens remaining: 41
2026-08-12 12:01:00 INFO  c.e.c.Tool.security.RateLimitFilter - Request from IP: 10.235.148.185 | URI: /workspace/my-workspaces | Tokens remaining: 50
2026-08-12 12:01:00 INFO  c.e.c.Tool.security.RateLimitFilter - Request from IP: 10.235.148.185 | URI: /user/scratchpad | Tokens remaining: 49
2026-08-12 12:01:00 WARN  c.e.c.Tool.security.JwtFilter - JWT Expired: JWT expired at 2026-08-12T08:58:46Z. Current time: 2026-08-12T09:01:00Z, a difference of 134628 milliseconds.  Allowed clock skew: 0 milliseconds.
2026-08-12 12:01:00 WARN  c.e.c.Tool.security.JwtFilter - JWT Expired: JWT expired at 2026-08-12T08:58:46Z. Current time: 2026-08-12T09:01:00Z, a difference of 134629 milliseconds.  Allowed clock skew: 0 milliseconds.
2026-08-12 12:01:00 INFO  c.e.c.Tool.security.RateLimitFilter - Request from IP: 10.235.148.185 | URI: /user/recent-boards | Tokens remaining: 48
2026-08-12 12:01:00 WARN  c.e.c.Tool.security.JwtFilter - JWT Expired: JWT expired at 2026-08-12T08:58:46Z. Current time: 2026-08-12T09:01:00Z, a difference of 134662 milliseconds.  Allowed clock skew: 0 milliseconds.
2026-08-12 12:01:02 INFO  c.e.c.Tool.security.RateLimitFilter - Request from IP: 10.235.148.185 | URI: /user/refresh | Tokens remaining: 48
2026-08-12 12:01:02 INFO  c.e.c.Tool.security.RateLimitFilter - Request from IP: 10.235.148.185 | URI: /user/scratchpad | Tokens remaining: 47
2026-08-12 12:01:02 INFO  c.e.c.Tool.security.RateLimitFilter - Request from IP: 10.235.148.185 | URI: /user/recent-boards | Tokens remaining: 46
2026-08-12 12:01:02 INFO  c.e.c.Tool.security.RateLimitFilter - Request from IP: 10.235.148.185 | URI: /workspace/my-workspaces | Tokens remaining: 45
2026-08-12 12:01:03 INFO  c.e.c.Tool.security.RateLimitFilter - Request from IP: 10.235.148.185 | URI: /boards/workspace/4 | Tokens remaining: 45
2026-08-12 12:01:03 INFO  c.e.c.Tool.security.RateLimitFilter - Request from IP: 10.235.148.185 | URI: /boards/1/lists | Tokens remaining: 44
2026-08-12 12:01:04 INFO  c.e.c.Tool.security.RateLimitFilter - Request from IP: 10.235.148.185 | URI: /cards/lists/1/cards | Tokens remaining: 44
2026-08-12 12:01:04 INFO  c.e.c.Tool.security.RateLimitFilter - Request from IP: 10.235.148.185 | URI: /cards/lists/2/cards | Tokens remaining: 43
2026-08-12 12:01:04 INFO  c.e.c.Tool.security.RateLimitFilter - Request from IP: 10.235.148.185 | URI: /cards/lists/3/cards | Tokens remaining: 42
2026-08-12 12:01:04 INFO  c.e.c.Tool.security.RateLimitFilter - Request from IP: 10.235.148.185 | URI: /cards/lists/9/cards | Tokens remaining: 41
2026-08-12 12:01:52 INFO  c.e.c.Tool.security.RateLimitFilter - Request from IP: 10.235.148.185 | URI: /workspace/my-workspaces | Tokens remaining: 50
2026-08-12 12:01:52 INFO  c.e.c.Tool.security.RateLimitFilter - Request from IP: 10.235.148.185 | URI: /user/scratchpad | Tokens remaining: 49
2026-08-12 12:01:52 INFO  c.e.c.Tool.security.RateLimitFilter - Request from IP: 10.235.148.185 | URI: /user/recent-boards | Tokens remaining: 48
2026-08-12 12:01:53 INFO  c.e.c.Tool.security.RateLimitFilter - Request from IP: 10.235.148.185 | URI: /boards/workspace/4 | Tokens remaining: 47
2026-08-12 12:01:53 INFO  c.e.c.Tool.security.RateLimitFilter - Request from IP: 10.235.148.185 | URI: /boards/1/lists | Tokens remaining: 47
2026-08-12 12:01:53 INFO  c.e.c.Tool.security.RateLimitFilter - Request from IP: 10.235.148.185 | URI: /cards/lists/1/cards | Tokens remaining: 46
2026-08-12 12:01:53 INFO  c.e.c.Tool.security.RateLimitFilter - Request from IP: 10.235.148.185 | URI: /cards/lists/2/cards | Tokens remaining: 45
2026-08-12 12:01:53 INFO  c.e.c.Tool.security.RateLimitFilter - Request from IP: 10.235.148.185 | URI: /cards/lists/3/cards | Tokens remaining: 44
2026-08-12 12:01:53 INFO  c.e.c.Tool.security.RateLimitFilter - Request from IP: 10.235.148.185 | URI: /cards/lists/9/cards | Tokens remaining: 43
2026-08-12 12:02:26 INFO  c.e.c.Tool.security.RateLimitFilter - Request from IP: 10.235.148.185 | URI: /workspace/my-workspaces | Tokens remaining: 50
2026-08-12 12:02:26 INFO  c.e.c.Tool.security.RateLimitFilter - Request from IP: 10.235.148.185 | URI: /user/scratchpad | Tokens remaining: 49
2026-08-12 12:02:26 WARN  c.e.c.Tool.security.JwtFilter - JWT Expired: JWT expired at 2026-08-12T09:02:02Z. Current time: 2026-08-12T09:02:26Z, a difference of 24831 milliseconds.  Allowed clock skew: 0 milliseconds.
2026-08-12 12:02:26 INFO  c.e.c.Tool.security.RateLimitFilter - Request from IP: 10.235.148.185 | URI: /user/recent-boards | Tokens remaining: 48
2026-08-12 12:02:26 WARN  c.e.c.Tool.security.JwtFilter - JWT Expired: JWT expired at 2026-08-12T09:02:02Z. Current time: 2026-08-12T09:02:26Z, a difference of 24838 milliseconds.  Allowed clock skew: 0 milliseconds.
2026-08-12 12:02:26 WARN  c.e.c.Tool.security.JwtFilter - JWT Expired: JWT expired at 2026-08-12T09:02:02Z. Current time: 2026-08-12T09:02:26Z, a difference of 24839 milliseconds.  Allowed clock skew: 0 milliseconds.
2026-08-12 12:02:29 INFO  c.e.c.Tool.security.RateLimitFilter - Request from IP: 10.235.148.185 | URI: /user/refresh | Tokens remaining: 49
2026-08-12 12:02:29 INFO  c.e.c.Tool.security.RateLimitFilter - Request from IP: 10.235.148.185 | URI: /user/scratchpad | Tokens remaining: 48
2026-08-12 12:02:29 INFO  c.e.c.Tool.security.RateLimitFilter - Request from IP: 10.235.148.185 | URI: /workspace/my-workspaces | Tokens remaining: 47
2026-08-12 12:02:29 INFO  c.e.c.Tool.security.RateLimitFilter - Request from IP: 10.235.148.185 | URI: /user/recent-boards | Tokens remaining: 46
2026-08-12 12:02:32 INFO  c.e.c.Tool.security.RateLimitFilter - Request from IP: 10.235.148.185 | URI: /boards/workspace/4 | Tokens remaining: 47
2026-08-12 12:02:32 INFO  c.e.c.Tool.security.RateLimitFilter - Request from IP: 10.235.148.185 | URI: /boards/1/lists | Tokens remaining: 47
2026-08-12 12:02:33 INFO  c.e.c.Tool.security.RateLimitFilter - Request from IP: 10.235.148.185 | URI: /cards/lists/1/cards | Tokens remaining: 46
2026-08-12 12:02:33 INFO  c.e.c.Tool.security.RateLimitFilter - Request from IP: 10.235.148.185 | URI: /cards/lists/2/cards | Tokens remaining: 45
2026-08-12 12:02:33 INFO  c.e.c.Tool.security.RateLimitFilter - Request from IP: 10.235.148.185 | URI: /cards/lists/3/cards | Tokens remaining: 44
2026-08-12 12:02:33 INFO  c.e.c.Tool.security.RateLimitFilter - Request from IP: 10.235.148.185 | URI: /cards/lists/9/cards | Tokens remaining: 43
2026-08-12 12:03:00 INFO  c.e.c.Tool.security.RateLimitFilter - Request from IP: 10.235.148.185 | URI: /user/recent-boards | Tokens remaining: 50
2026-08-12 12:03:00 INFO  c.e.c.Tool.security.RateLimitFilter - Request from IP: 10.235.148.185 | URI: /user/scratchpad | Tokens remaining: 49
2026-08-12 12:03:00 INFO  c.e.c.Tool.security.RateLimitFilter - Request from IP: 10.235.148.185 | URI: /workspace/my-workspaces | Tokens remaining: 48
2026-08-12 12:03:01 INFO  c.e.c.Tool.security.RateLimitFilter - Request from IP: 10.235.148.185 | URI: /boards/workspace/4 | Tokens remaining: 47
2026-08-12 12:03:02 INFO  c.e.c.Tool.security.RateLimitFilter - Request from IP: 10.235.148.185 | URI: /boards/1/lists | Tokens remaining: 47
2026-08-12 12:03:02 INFO  c.e.c.Tool.security.RateLimitFilter - Request from IP: 10.235.148.185 | URI: /cards/lists/1/cards | Tokens remaining: 46
2026-08-12 12:03:02 INFO  c.e.c.Tool.security.RateLimitFilter - Request from IP: 10.235.148.185 | URI: /cards/lists/2/cards | Tokens remaining: 46
2026-08-12 12:03:02 INFO  c.e.c.Tool.security.RateLimitFilter - Request from IP: 10.235.148.185 | URI: /cards/lists/3/cards | Tokens remaining: 45
2026-08-12 12:03:02 INFO  c.e.c.Tool.security.RateLimitFilter - Request from IP: 10.235.148.185 | URI: /cards/lists/9/cards | Tokens remaining: 43
2026-08-12 12:03:12 INFO  o.s.boot.tomcat.GracefulShutdown - Commencing graceful shutdown. Waiting for active requests to complete
2026-08-12 12:03:12 INFO  o.s.boot.tomcat.GracefulShutdown - Graceful shutdown complete
2026-08-12 12:03:12 INFO  o.s.m.s.b.SimpleBrokerMessageHandler - Stopping...
2026-08-12 12:03:12 INFO  o.s.m.s.b.SimpleBrokerMessageHandler - BrokerAvailabilityEvent[available=false, SimpleBrokerMessageHandler [org.springframework.messaging.simp.broker.DefaultSubscriptionRegistry@1ef2b7ef]]
2026-08-12 12:03:12 INFO  o.s.m.s.b.SimpleBrokerMessageHandler - Stopped.
2026-08-12 12:03:13 INFO  o.s.o.j.LocalContainerEntityManagerFactoryBean - Closing JPA EntityManagerFactory for persistence unit 'default'
2026-08-12 12:03:13 INFO  com.zaxxer.hikari.HikariDataSource - HikariPool-1 - Shutdown initiated...
2026-08-12 12:03:13 INFO  com.zaxxer.hikari.HikariDataSource - HikariPool-1 - Shutdown completed.
2026-08-12 12:04:07 INFO  c.e.c.T.CollaborationToolApplication - Starting CollaborationToolApplication using Java 21.0.8 with PID 11776 (C:\Abraham\Code\Eclectics\Collaboration-Tool\target\classes started by pc in C:\Abraham\Code\Eclectics\Collaboration-Tool)
2026-08-12 12:04:07 INFO  c.e.c.T.CollaborationToolApplication - The following 1 profile is active: "prod"
2026-08-12 12:04:16 INFO  o.s.d.r.c.RepositoryConfigurationDelegate - Multiple Spring Data modules found, entering strict repository configuration mode
2026-08-12 12:04:16 INFO  o.s.d.r.c.RepositoryConfigurationDelegate - Bootstrapping Spring Data JPA repositories in DEFAULT mode.
2026-08-12 12:04:17 INFO  o.s.d.r.c.RepositoryConfigurationDelegate - Finished Spring Data repository scanning in 851 ms. Found 19 JPA repository interfaces.
2026-08-12 12:04:17 INFO  o.s.d.r.c.RepositoryConfigurationDelegate - Multiple Spring Data modules found, entering strict repository configuration mode
2026-08-12 12:04:17 INFO  o.s.d.r.c.RepositoryConfigurationDelegate - Bootstrapping Spring Data Redis repositories in DEFAULT mode.
2026-08-12 12:04:18 INFO  o.s.d.r.c.RepositoryConfigurationExtensionSupport - Spring Data Redis - Could not safely identify store assignment for repository candidate interface com.eclectics.collaboration.Tool.repository.ActivityLogRepository; If you want this repository to be a Redis repository, consider annotating your entities with one of these annotations: org.springframework.data.redis.core.RedisHash (preferred), or consider extending one of the following types with your repository: org.springframework.data.keyvalue.repository.KeyValueRepository
2026-08-12 12:04:18 INFO  o.s.d.r.c.RepositoryConfigurationExtensionSupport - Spring Data Redis - Could not safely identify store assignment for repository candidate interface com.eclectics.collaboration.Tool.repository.BoardMemberRepository; If you want this repository to be a Redis repository, consider annotating your entities with one of these annotations: org.springframework.data.redis.core.RedisHash (preferred), or consider extending one of the following types with your repository: org.springframework.data.keyvalue.repository.KeyValueRepository
2026-08-12 12:04:18 INFO  o.s.d.r.c.RepositoryConfigurationExtensionSupport - Spring Data Redis - Could not safely identify store assignment for repository candidate interface com.eclectics.collaboration.Tool.repository.BoardsRepository; If you want this repository to be a Redis repository, consider annotating your entities with one of these annotations: org.springframework.data.redis.core.RedisHash (preferred), or consider extending one of the following types with your repository: org.springframework.data.keyvalue.repository.KeyValueRepository
2026-08-12 12:04:18 INFO  o.s.d.r.c.RepositoryConfigurationExtensionSupport - Spring Data Redis - Could not safely identify store assignment for repository candidate interface com.eclectics.collaboration.Tool.repository.CardAssigneeRepository; If you want this repository to be a Redis repository, consider annotating your entities with one of these annotations: org.springframework.data.redis.core.RedisHash (preferred), or consider extending one of the following types with your repository: org.springframework.data.keyvalue.repository.KeyValueRepository
2026-08-12 12:04:18 INFO  o.s.d.r.c.RepositoryConfigurationExtensionSupport - Spring Data Redis - Could not safely identify store assignment for repository candidate interface com.eclectics.collaboration.Tool.repository.CardLabelRepository; If you want this repository to be a Redis repository, consider annotating your entities with one of these annotations: org.springframework.data.redis.core.RedisHash (preferred), or consider extending one of the following types with your repository: org.springframework.data.keyvalue.repository.KeyValueRepository
2026-08-12 12:04:18 INFO  o.s.d.r.c.RepositoryConfigurationExtensionSupport - Spring Data Redis - Could not safely identify store assignment for repository candidate interface com.eclectics.collaboration.Tool.repository.CardRepository; If you want this repository to be a Redis repository, consider annotating your entities with one of these annotations: org.springframework.data.redis.core.RedisHash (preferred), or consider extending one of the following types with your repository: org.springframework.data.keyvalue.repository.KeyValueRepository
2026-08-12 12:04:18 INFO  o.s.d.r.c.RepositoryConfigurationExtensionSupport - Spring Data Redis - Could not safely identify store assignment for repository candidate interface com.eclectics.collaboration.Tool.repository.CommentRepository; If you want this repository to be a Redis repository, consider annotating your entities with one of these annotations: org.springframework.data.redis.core.RedisHash (preferred), or consider extending one of the following types with your repository: org.springframework.data.keyvalue.repository.KeyValueRepository
2026-08-12 12:04:18 INFO  o.s.d.r.c.RepositoryConfigurationExtensionSupport - Spring Data Redis - Could not safely identify store assignment for repository candidate interface com.eclectics.collaboration.Tool.repository.FAQRepository; If you want this repository to be a Redis repository, consider annotating your entities with one of these annotations: org.springframework.data.redis.core.RedisHash (preferred), or consider extending one of the following types with your repository: org.springframework.data.keyvalue.repository.KeyValueRepository
2026-08-12 12:04:18 INFO  o.s.d.r.c.RepositoryConfigurationExtensionSupport - Spring Data Redis - Could not safely identify store assignment for repository candidate interface com.eclectics.collaboration.Tool.repository.InvitationRepository; If you want this repository to be a Redis repository, consider annotating your entities with one of these annotations: org.springframework.data.redis.core.RedisHash (preferred), or consider extending one of the following types with your repository: org.springframework.data.keyvalue.repository.KeyValueRepository
2026-08-12 12:04:18 INFO  o.s.d.r.c.RepositoryConfigurationExtensionSupport - Spring Data Redis - Could not safely identify store assignment for repository candidate interface com.eclectics.collaboration.Tool.repository.IssueRepository; If you want this repository to be a Redis repository, consider annotating your entities with one of these annotations: org.springframework.data.redis.core.RedisHash (preferred), or consider extending one of the following types with your repository: org.springframework.data.keyvalue.repository.KeyValueRepository
2026-08-12 12:04:18 INFO  o.s.d.r.c.RepositoryConfigurationExtensionSupport - Spring Data Redis - Could not safely identify store assignment for repository candidate interface com.eclectics.collaboration.Tool.repository.LabelRepository; If you want this repository to be a Redis repository, consider annotating your entities with one of these annotations: org.springframework.data.redis.core.RedisHash (preferred), or consider extending one of the following types with your repository: org.springframework.data.keyvalue.repository.KeyValueRepository
2026-08-12 12:04:18 INFO  o.s.d.r.c.RepositoryConfigurationExtensionSupport - Spring Data Redis - Could not safely identify store assignment for repository candidate interface com.eclectics.collaboration.Tool.repository.ListEntityRepository; If you want this repository to be a Redis repository, consider annotating your entities with one of these annotations: org.springframework.data.redis.core.RedisHash (preferred), or consider extending one of the following types with your repository: org.springframework.data.keyvalue.repository.KeyValueRepository
2026-08-12 12:04:18 INFO  o.s.d.r.c.RepositoryConfigurationExtensionSupport - Spring Data Redis - Could not safely identify store assignment for repository candidate interface com.eclectics.collaboration.Tool.repository.NotificationRepository; If you want this repository to be a Redis repository, consider annotating your entities with one of these annotations: org.springframework.data.redis.core.RedisHash (preferred), or consider extending one of the following types with your repository: org.springframework.data.keyvalue.repository.KeyValueRepository
2026-08-12 12:04:18 INFO  o.s.d.r.c.RepositoryConfigurationExtensionSupport - Spring Data Redis - Could not safely identify store assignment for repository candidate interface com.eclectics.collaboration.Tool.repository.RefreshTokenRepository; If you want this repository to be a Redis repository, consider annotating your entities with one of these annotations: org.springframework.data.redis.core.RedisHash (preferred), or consider extending one of the following types with your repository: org.springframework.data.keyvalue.repository.KeyValueRepository
2026-08-12 12:04:18 INFO  o.s.d.r.c.RepositoryConfigurationExtensionSupport - Spring Data Redis - Could not safely identify store assignment for repository candidate interface com.eclectics.collaboration.Tool.repository.SystemConfigRepository; If you want this repository to be a Redis repository, consider annotating your entities with one of these annotations: org.springframework.data.redis.core.RedisHash (preferred), or consider extending one of the following types with your repository: org.springframework.data.keyvalue.repository.KeyValueRepository
2026-08-12 12:04:18 INFO  o.s.d.r.c.RepositoryConfigurationExtensionSupport - Spring Data Redis - Could not safely identify store assignment for repository candidate interface com.eclectics.collaboration.Tool.repository.TalkRepository; If you want this repository to be a Redis repository, consider annotating your entities with one of these annotations: org.springframework.data.redis.core.RedisHash (preferred), or consider extending one of the following types with your repository: org.springframework.data.keyvalue.repository.KeyValueRepository
2026-08-12 12:04:18 INFO  o.s.d.r.c.RepositoryConfigurationExtensionSupport - Spring Data Redis - Could not safely identify store assignment for repository candidate interface com.eclectics.collaboration.Tool.repository.UserRecentBoardRepository; If you want this repository to be a Redis repository, consider annotating your entities with one of these annotations: org.springframework.data.redis.core.RedisHash (preferred), or consider extending one of the following types with your repository: org.springframework.data.keyvalue.repository.KeyValueRepository
2026-08-12 12:04:18 INFO  o.s.d.r.c.RepositoryConfigurationExtensionSupport - Spring Data Redis - Could not safely identify store assignment for repository candidate interface com.eclectics.collaboration.Tool.repository.UserRespository; If you want this repository to be a Redis repository, consider annotating your entities with one of these annotations: org.springframework.data.redis.core.RedisHash (preferred), or consider extending one of the following types with your repository: org.springframework.data.keyvalue.repository.KeyValueRepository
2026-08-12 12:04:18 INFO  o.s.d.r.c.RepositoryConfigurationExtensionSupport - Spring Data Redis - Could not safely identify store assignment for repository candidate interface com.eclectics.collaboration.Tool.repository.WorkSpaceReposiroty; If you want this repository to be a Redis repository, consider annotating your entities with one of these annotations: org.springframework.data.redis.core.RedisHash (preferred), or consider extending one of the following types with your repository: org.springframework.data.keyvalue.repository.KeyValueRepository
2026-08-12 12:04:18 INFO  o.s.d.r.c.RepositoryConfigurationDelegate - Finished Spring Data repository scanning in 125 ms. Found 0 Redis repository interfaces.
2026-08-12 12:04:22 INFO  o.s.boot.tomcat.TomcatWebServer - Tomcat initialized with port 8084 (http)
2026-08-12 12:04:22 INFO  o.a.coyote.http11.Http11NioProtocol - Initializing ProtocolHandler ["http-nio-0.0.0.0-8084"]
2026-08-12 12:04:22 INFO  o.a.catalina.core.StandardService - Starting service [Tomcat]
2026-08-12 12:04:22 INFO  o.a.catalina.core.StandardEngine - Starting Servlet engine: [Apache Tomcat/11.0.15]
2026-08-12 12:04:22 INFO  o.s.b.w.c.s.WebApplicationContextInitializer - Root WebApplicationContext: initialization completed in 14581 ms
2026-08-12 12:04:23 INFO  com.zaxxer.hikari.HikariDataSource - HikariPool-1 - Starting...
2026-08-12 12:04:24 INFO  com.zaxxer.hikari.pool.HikariPool - HikariPool-1 - Added connection org.postgresql.jdbc.PgConnection@32caae19
2026-08-12 12:04:24 INFO  com.zaxxer.hikari.HikariDataSource - HikariPool-1 - Start completed.
2026-08-12 12:04:24 INFO  org.hibernate.orm.jpa - HHH008540: Processing PersistenceUnitInfo [name: default]
2026-08-12 12:04:25 INFO  org.hibernate.orm.core - HHH000001: Hibernate ORM core version 7.2.1.Final
2026-08-12 12:04:28 INFO  o.s.o.j.p.SpringPersistenceUnitInfo - No LoadTimeWeaver setup: ignoring JPA class transformer
2026-08-12 12:04:28 INFO  o.hibernate.orm.connections.pooling - HHH10001005: Database info:
	Database JDBC URL [jdbc:postgresql://localhost:5432/collaborationTool]
	Database driver: PostgreSQL JDBC Driver
	Database dialect: PostgreSQLDialect
	Database version: 17.6
	Default catalog/schema: collaborationTool/public
	Autocommit mode: undefined/unknown
	Isolation level: READ_COMMITTED [default READ_COMMITTED]
	JDBC fetch size: none
	Pool: DataSourceConnectionProvider
	Minimum pool size: undefined/unknown
	Maximum pool size: undefined/unknown
2026-08-12 12:04:32 INFO  org.hibernate.orm.core - HHH000489: No JTA platform available (set 'hibernate.transaction.jta.platform' to enable JTA platform integration)
2026-08-12 12:04:32 WARN  org.hibernate.orm.jdbc.warn - HHH000247: ErrorCode: 0, SQLState: 00000
2026-08-12 12:04:32 WARN  org.hibernate.orm.jdbc.warn - constraint "uk485a7wcxjyqs7odt3ej2op1t2" of relation "user_recent_boards" does not exist, skipping
2026-08-12 12:04:33 INFO  o.s.o.j.LocalContainerEntityManagerFactoryBean - Initialized JPA EntityManagerFactory for persistence unit 'default'
2026-08-12 12:04:33 INFO  o.s.d.j.r.q.QueryEnhancerFactories - Hibernate is in classpath; If applicable, HQL parser will be used.
2026-08-12 12:04:46 WARN  o.s.b.j.a.JpaBaseConfiguration$JpaWebConfiguration - spring.jpa.open-in-view is enabled by default. Therefore, database queries may be performed during view rendering. Explicitly configure spring.jpa.open-in-view to disable this warning
2026-08-12 12:04:46 INFO  o.s.v.b.OptionalValidatorFactoryBean - Failed to set up a Bean Validation provider: jakarta.validation.NoProviderFoundException: Unable to create a Configuration, because no Jakarta Validation provider could be found. Add a provider like Hibernate Validator (RI) to your classpath.
2026-08-12 12:04:49 INFO  o.s.m.s.b.SimpleBrokerMessageHandler - Starting...
2026-08-12 12:04:49 INFO  o.s.m.s.b.SimpleBrokerMessageHandler - BrokerAvailabilityEvent[available=true, SimpleBrokerMessageHandler [org.springframework.messaging.simp.broker.DefaultSubscriptionRegistry@2c2a6ccc]]
2026-08-12 12:04:49 INFO  o.s.m.s.b.SimpleBrokerMessageHandler - Started.
2026-08-12 12:04:49 INFO  o.a.coyote.http11.Http11NioProtocol - Starting ProtocolHandler ["http-nio-0.0.0.0-8084"]
2026-08-12 12:04:49 INFO  o.s.boot.tomcat.TomcatWebServer - Tomcat started on port 8084 (http) with context path '/'
2026-08-12 12:04:49 INFO  c.e.c.T.CollaborationToolApplication - Started CollaborationToolApplication in 45.941 seconds (process running for 51.093)
2026-08-12 12:04:49 INFO  c.e.c.Tool.configuration.AdminSeeder - >>> Admin already exists, skipping: nthengeabraham952@gmail.com
2026-08-12 12:04:49 INFO  c.e.c.Tool.configuration.AdminSeeder - >>> Admin already exists, skipping: chepkemoisheilah794@gmail.com
2026-08-12 12:05:19 INFO  o.a.c.c.C.[Tomcat].[localhost].[/] - Initializing Spring DispatcherServlet 'dispatcherServlet'
2026-08-12 12:05:19 INFO  o.s.web.servlet.DispatcherServlet - Initializing Servlet 'dispatcherServlet'
2026-08-12 12:05:19 INFO  o.s.web.servlet.DispatcherServlet - Completed initialization in 7 ms
2026-08-12 12:05:19 INFO  c.e.c.Tool.security.RateLimitFilter - Request from IP: 10.235.148.185 | URI: /issues/active | Tokens remaining: 50
2026-08-12 12:05:19 WARN  c.e.c.Tool.security.JwtFilter - JWT Expired: JWT expired at 2026-08-12T09:03:29Z. Current time: 2026-08-12T09:05:19Z, a difference of 110637 milliseconds.  Allowed clock skew: 0 milliseconds.
2026-08-12 12:05:19 INFO  c.e.c.Tool.security.RateLimitFilter - Request from IP: 10.235.148.185 | URI: /user/refresh | Tokens remaining: 49
2026-08-12 12:05:20 INFO  c.e.c.Tool.security.RateLimitFilter - Request from IP: 10.235.148.185 | URI: /issues/active | Tokens remaining: 48
2026-08-12 12:05:24 INFO  c.e.c.Tool.security.RateLimitFilter - Request from IP: 10.235.148.185 | URI: /workspace/my-workspaces | Tokens remaining: 50
2026-08-12 12:05:24 INFO  c.e.c.Tool.security.RateLimitFilter - Request from IP: 10.235.148.185 | URI: /user/scratchpad | Tokens remaining: 50
2026-08-12 12:05:24 INFO  c.e.c.Tool.security.RateLimitFilter - Request from IP: 10.235.148.185 | URI: /user/recent-boards | Tokens remaining: 48
2026-08-12 12:05:27 INFO  c.e.c.Tool.security.RateLimitFilter - Request from IP: 10.235.148.185 | URI: /boards/workspace/4 | Tokens remaining: 49
2026-08-12 12:05:28 INFO  c.e.c.Tool.security.RateLimitFilter - Request from IP: 10.235.148.185 | URI: /boards/1/lists | Tokens remaining: 49
2026-08-12 12:05:29 INFO  c.e.c.Tool.security.RateLimitFilter - Request from IP: 10.235.148.185 | URI: /cards/lists/2/cards | Tokens remaining: 48
2026-08-12 12:05:29 INFO  c.e.c.Tool.security.RateLimitFilter - Request from IP: 10.235.148.185 | URI: /cards/lists/3/cards | Tokens remaining: 47
2026-08-12 12:05:29 INFO  c.e.c.Tool.security.RateLimitFilter - Request from IP: 10.235.148.185 | URI: /cards/lists/1/cards | Tokens remaining: 46
2026-08-12 12:05:29 INFO  c.e.c.Tool.security.RateLimitFilter - Request from IP: 10.235.148.185 | URI: /cards/lists/9/cards | Tokens remaining: 45
2026-08-12 12:05:40 INFO  c.e.c.Tool.security.RateLimitFilter - Request from IP: 10.235.148.185 | URI: /user/recent-boards/1 | Tokens remaining: 50
2026-08-12 12:05:40 INFO  c.e.c.Tool.security.RateLimitFilter - Request from IP: 10.235.148.185 | URI: /boards/1/lists | Tokens remaining: 49
2026-08-12 12:05:41 INFO  c.e.c.Tool.security.RateLimitFilter - Request from IP: 10.235.148.185 | URI: /cards/lists/1/cards | Tokens remaining: 48
2026-08-12 12:05:41 INFO  c.e.c.Tool.security.RateLimitFilter - Request from IP: 10.235.148.185 | URI: /cards/lists/2/cards | Tokens remaining: 47
2026-08-12 12:05:41 INFO  c.e.c.Tool.security.RateLimitFilter - Request from IP: 10.235.148.185 | URI: /cards/lists/3/cards | Tokens remaining: 46
2026-08-12 12:05:41 INFO  c.e.c.Tool.security.RateLimitFilter - Request from IP: 10.235.148.185 | URI: /cards/lists/9/cards | Tokens remaining: 45
2026-08-12 12:05:41 INFO  c.e.c.Tool.security.RateLimitFilter - Request from IP: 10.235.148.185 | URI: /user/recent-boards | Tokens remaining: 44
2026-08-12 12:05:45 INFO  c.e.c.Tool.security.RateLimitFilter - Request from IP: 10.235.148.185 | URI: /issues/active | Tokens remaining: 47
2026-08-12 12:05:49 INFO  o.s.w.s.c.WebSocketMessageBrokerStats - WebSocketSession[0 current WS(0)-HttpStream(0)-HttpPoll(0), 0 total, 0 closed abnormally (0 connect failure, 0 send limit, 0 transport error)], stompSubProtocol[processed CONNECT(0)-CONNECTED(0)-DISCONNECT(0)], stompBrokerRelay[null], inboundChannel[pool size = 0, active threads = 0, queued tasks = 0, completed tasks = 0], outboundChannel[pool size = 0, active threads = 0, queued tasks = 0, completed tasks = 0], sockJsScheduler[pool size = 4, active threads = 1, queued tasks = 1, completed tasks = 2]
2026-08-12 12:06:52 INFO  c.e.c.Tool.security.RateLimitFilter - Request from IP: 10.235.148.185 | URI: /issues/active | Tokens remaining: 50
2026-08-12 12:06:55 INFO  o.s.boot.tomcat.GracefulShutdown - Commencing graceful shutdown. Waiting for active requests to complete
2026-08-12 12:06:55 INFO  o.s.boot.tomcat.GracefulShutdown - Graceful shutdown complete
2026-08-12 12:06:55 INFO  o.s.m.s.b.SimpleBrokerMessageHandler - Stopping...
2026-08-12 12:06:55 INFO  o.s.m.s.b.SimpleBrokerMessageHandler - BrokerAvailabilityEvent[available=false, SimpleBrokerMessageHandler [org.springframework.messaging.simp.broker.DefaultSubscriptionRegistry@2c2a6ccc]]
2026-08-12 12:06:55 INFO  o.s.m.s.b.SimpleBrokerMessageHandler - Stopped.
2026-08-12 12:06:56 INFO  o.s.o.j.LocalContainerEntityManagerFactoryBean - Closing JPA EntityManagerFactory for persistence unit 'default'
2026-08-12 12:06:56 INFO  com.zaxxer.hikari.HikariDataSource - HikariPool-1 - Shutdown initiated...
2026-08-12 12:06:57 INFO  com.zaxxer.hikari.HikariDataSource - HikariPool-1 - Shutdown completed.
2026-08-12 12:07:20 INFO  c.e.c.T.CollaborationToolApplication - Starting CollaborationToolApplication using Java 21.0.8 with PID 24344 (C:\Abraham\Code\Eclectics\Collaboration-Tool\target\classes started by pc in C:\Abraham\Code\Eclectics\Collaboration-Tool)
2026-08-12 12:07:20 INFO  c.e.c.T.CollaborationToolApplication - The following 1 profile is active: "prod"
2026-08-12 12:07:33 INFO  o.s.d.r.c.RepositoryConfigurationDelegate - Multiple Spring Data modules found, entering strict repository configuration mode
2026-08-12 12:07:33 INFO  o.s.d.r.c.RepositoryConfigurationDelegate - Bootstrapping Spring Data JPA repositories in DEFAULT mode.
2026-08-12 12:07:34 INFO  o.s.d.r.c.RepositoryConfigurationDelegate - Finished Spring Data repository scanning in 1054 ms. Found 19 JPA repository interfaces.
2026-08-12 12:07:34 INFO  o.s.d.r.c.RepositoryConfigurationDelegate - Multiple Spring Data modules found, entering strict repository configuration mode
2026-08-12 12:07:34 INFO  o.s.d.r.c.RepositoryConfigurationDelegate - Bootstrapping Spring Data Redis repositories in DEFAULT mode.
2026-08-12 12:07:34 INFO  o.s.d.r.c.RepositoryConfigurationExtensionSupport - Spring Data Redis - Could not safely identify store assignment for repository candidate interface com.eclectics.collaboration.Tool.repository.ActivityLogRepository; If you want this repository to be a Redis repository, consider annotating your entities with one of these annotations: org.springframework.data.redis.core.RedisHash (preferred), or consider extending one of the following types with your repository: org.springframework.data.keyvalue.repository.KeyValueRepository
2026-08-12 12:07:34 INFO  o.s.d.r.c.RepositoryConfigurationExtensionSupport - Spring Data Redis - Could not safely identify store assignment for repository candidate interface com.eclectics.collaboration.Tool.repository.BoardMemberRepository; If you want this repository to be a Redis repository, consider annotating your entities with one of these annotations: org.springframework.data.redis.core.RedisHash (preferred), or consider extending one of the following types with your repository: org.springframework.data.keyvalue.repository.KeyValueRepository
2026-08-12 12:07:34 INFO  o.s.d.r.c.RepositoryConfigurationExtensionSupport - Spring Data Redis - Could not safely identify store assignment for repository candidate interface com.eclectics.collaboration.Tool.repository.BoardsRepository; If you want this repository to be a Redis repository, consider annotating your entities with one of these annotations: org.springframework.data.redis.core.RedisHash (preferred), or consider extending one of the following types with your repository: org.springframework.data.keyvalue.repository.KeyValueRepository
2026-08-12 12:07:34 INFO  o.s.d.r.c.RepositoryConfigurationExtensionSupport - Spring Data Redis - Could not safely identify store assignment for repository candidate interface com.eclectics.collaboration.Tool.repository.CardAssigneeRepository; If you want this repository to be a Redis repository, consider annotating your entities with one of these annotations: org.springframework.data.redis.core.RedisHash (preferred), or consider extending one of the following types with your repository: org.springframework.data.keyvalue.repository.KeyValueRepository
2026-08-12 12:07:34 INFO  o.s.d.r.c.RepositoryConfigurationExtensionSupport - Spring Data Redis - Could not safely identify store assignment for repository candidate interface com.eclectics.collaboration.Tool.repository.CardLabelRepository; If you want this repository to be a Redis repository, consider annotating your entities with one of these annotations: org.springframework.data.redis.core.RedisHash (preferred), or consider extending one of the following types with your repository: org.springframework.data.keyvalue.repository.KeyValueRepository
2026-08-12 12:07:34 INFO  o.s.d.r.c.RepositoryConfigurationExtensionSupport - Spring Data Redis - Could not safely identify store assignment for repository candidate interface com.eclectics.collaboration.Tool.repository.CardRepository; If you want this repository to be a Redis repository, consider annotating your entities with one of these annotations: org.springframework.data.redis.core.RedisHash (preferred), or consider extending one of the following types with your repository: org.springframework.data.keyvalue.repository.KeyValueRepository
2026-08-12 12:07:34 INFO  o.s.d.r.c.RepositoryConfigurationExtensionSupport - Spring Data Redis - Could not safely identify store assignment for repository candidate interface com.eclectics.collaboration.Tool.repository.CommentRepository; If you want this repository to be a Redis repository, consider annotating your entities with one of these annotations: org.springframework.data.redis.core.RedisHash (preferred), or consider extending one of the following types with your repository: org.springframework.data.keyvalue.repository.KeyValueRepository
2026-08-12 12:07:34 INFO  o.s.d.r.c.RepositoryConfigurationExtensionSupport - Spring Data Redis - Could not safely identify store assignment for repository candidate interface com.eclectics.collaboration.Tool.repository.FAQRepository; If you want this repository to be a Redis repository, consider annotating your entities with one of these annotations: org.springframework.data.redis.core.RedisHash (preferred), or consider extending one of the following types with your repository: org.springframework.data.keyvalue.repository.KeyValueRepository
2026-08-12 12:07:34 INFO  o.s.d.r.c.RepositoryConfigurationExtensionSupport - Spring Data Redis - Could not safely identify store assignment for repository candidate interface com.eclectics.collaboration.Tool.repository.InvitationRepository; If you want this repository to be a Redis repository, consider annotating your entities with one of these annotations: org.springframework.data.redis.core.RedisHash (preferred), or consider extending one of the following types with your repository: org.springframework.data.keyvalue.repository.KeyValueRepository
2026-08-12 12:07:34 INFO  o.s.d.r.c.RepositoryConfigurationExtensionSupport - Spring Data Redis - Could not safely identify store assignment for repository candidate interface com.eclectics.collaboration.Tool.repository.IssueRepository; If you want this repository to be a Redis repository, consider annotating your entities with one of these annotations: org.springframework.data.redis.core.RedisHash (preferred), or consider extending one of the following types with your repository: org.springframework.data.keyvalue.repository.KeyValueRepository
2026-08-12 12:07:34 INFO  o.s.d.r.c.RepositoryConfigurationExtensionSupport - Spring Data Redis - Could not safely identify store assignment for repository candidate interface com.eclectics.collaboration.Tool.repository.LabelRepository; If you want this repository to be a Redis repository, consider annotating your entities with one of these annotations: org.springframework.data.redis.core.RedisHash (preferred), or consider extending one of the following types with your repository: org.springframework.data.keyvalue.repository.KeyValueRepository
2026-08-12 12:07:34 INFO  o.s.d.r.c.RepositoryConfigurationExtensionSupport - Spring Data Redis - Could not safely identify store assignment for repository candidate interface com.eclectics.collaboration.Tool.repository.ListEntityRepository; If you want this repository to be a Redis repository, consider annotating your entities with one of these annotations: org.springframework.data.redis.core.RedisHash (preferred), or consider extending one of the following types with your repository: org.springframework.data.keyvalue.repository.KeyValueRepository
2026-08-12 12:07:34 INFO  o.s.d.r.c.RepositoryConfigurationExtensionSupport - Spring Data Redis - Could not safely identify store assignment for repository candidate interface com.eclectics.collaboration.Tool.repository.NotificationRepository; If you want this repository to be a Redis repository, consider annotating your entities with one of these annotations: org.springframework.data.redis.core.RedisHash (preferred), or consider extending one of the following types with your repository: org.springframework.data.keyvalue.repository.KeyValueRepository
2026-08-12 12:07:34 INFO  o.s.d.r.c.RepositoryConfigurationExtensionSupport - Spring Data Redis - Could not safely identify store assignment for repository candidate interface com.eclectics.collaboration.Tool.repository.RefreshTokenRepository; If you want this repository to be a Redis repository, consider annotating your entities with one of these annotations: org.springframework.data.redis.core.RedisHash (preferred), or consider extending one of the following types with your repository: org.springframework.data.keyvalue.repository.KeyValueRepository
2026-08-12 12:07:34 INFO  o.s.d.r.c.RepositoryConfigurationExtensionSupport - Spring Data Redis - Could not safely identify store assignment for repository candidate interface com.eclectics.collaboration.Tool.repository.SystemConfigRepository; If you want this repository to be a Redis repository, consider annotating your entities with one of these annotations: org.springframework.data.redis.core.RedisHash (preferred), or consider extending one of the following types with your repository: org.springframework.data.keyvalue.repository.KeyValueRepository
2026-08-12 12:07:34 INFO  o.s.d.r.c.RepositoryConfigurationExtensionSupport - Spring Data Redis - Could not safely identify store assignment for repository candidate interface com.eclectics.collaboration.Tool.repository.TalkRepository; If you want this repository to be a Redis repository, consider annotating your entities with one of these annotations: org.springframework.data.redis.core.RedisHash (preferred), or consider extending one of the following types with your repository: org.springframework.data.keyvalue.repository.KeyValueRepository
2026-08-12 12:07:34 INFO  o.s.d.r.c.RepositoryConfigurationExtensionSupport - Spring Data Redis - Could not safely identify store assignment for repository candidate interface com.eclectics.collaboration.Tool.repository.UserRecentBoardRepository; If you want this repository to be a Redis repository, consider annotating your entities with one of these annotations: org.springframework.data.redis.core.RedisHash (preferred), or consider extending one of the following types with your repository: org.springframework.data.keyvalue.repository.KeyValueRepository
2026-08-12 12:07:34 INFO  o.s.d.r.c.RepositoryConfigurationExtensionSupport - Spring Data Redis - Could not safely identify store assignment for repository candidate interface com.eclectics.collaboration.Tool.repository.UserRespository; If you want this repository to be a Redis repository, consider annotating your entities with one of these annotations: org.springframework.data.redis.core.RedisHash (preferred), or consider extending one of the following types with your repository: org.springframework.data.keyvalue.repository.KeyValueRepository
2026-08-12 12:07:34 INFO  o.s.d.r.c.RepositoryConfigurationExtensionSupport - Spring Data Redis - Could not safely identify store assignment for repository candidate interface com.eclectics.collaboration.Tool.repository.WorkSpaceReposiroty; If you want this repository to be a Redis repository, consider annotating your entities with one of these annotations: org.springframework.data.redis.core.RedisHash (preferred), or consider extending one of the following types with your repository: org.springframework.data.keyvalue.repository.KeyValueRepository
2026-08-12 12:07:34 INFO  o.s.d.r.c.RepositoryConfigurationDelegate - Finished Spring Data repository scanning in 122 ms. Found 0 Redis repository interfaces.
2026-08-12 12:07:39 INFO  o.s.boot.tomcat.TomcatWebServer - Tomcat initialized with port 8084 (http)
2026-08-12 12:07:39 INFO  o.a.coyote.http11.Http11NioProtocol - Initializing ProtocolHandler ["http-nio-0.0.0.0-8084"]
2026-08-12 12:07:39 INFO  o.a.catalina.core.StandardService - Starting service [Tomcat]
2026-08-12 12:07:40 INFO  o.a.catalina.core.StandardEngine - Starting Servlet engine: [Apache Tomcat/11.0.15]
2026-08-12 12:07:40 INFO  o.s.b.w.c.s.WebApplicationContextInitializer - Root WebApplicationContext: initialization completed in 20006 ms
2026-08-12 12:07:41 INFO  com.zaxxer.hikari.HikariDataSource - HikariPool-1 - Starting...
2026-08-12 12:07:42 INFO  com.zaxxer.hikari.pool.HikariPool - HikariPool-1 - Added connection org.postgresql.jdbc.PgConnection@7be62956
2026-08-12 12:07:42 INFO  com.zaxxer.hikari.HikariDataSource - HikariPool-1 - Start completed.
2026-08-12 12:07:43 INFO  org.hibernate.orm.jpa - HHH008540: Processing PersistenceUnitInfo [name: default]
2026-08-12 12:07:43 INFO  org.hibernate.orm.core - HHH000001: Hibernate ORM core version 7.2.1.Final
2026-08-12 12:07:47 INFO  o.s.o.j.p.SpringPersistenceUnitInfo - No LoadTimeWeaver setup: ignoring JPA class transformer
2026-08-12 12:07:47 INFO  o.hibernate.orm.connections.pooling - HHH10001005: Database info:
	Database JDBC URL [jdbc:postgresql://localhost:5432/collaborationTool]
	Database driver: PostgreSQL JDBC Driver
	Database dialect: PostgreSQLDialect
	Database version: 17.6
	Default catalog/schema: collaborationTool/public
	Autocommit mode: undefined/unknown
	Isolation level: READ_COMMITTED [default READ_COMMITTED]
	JDBC fetch size: none
	Pool: DataSourceConnectionProvider
	Minimum pool size: undefined/unknown
	Maximum pool size: undefined/unknown
2026-08-12 12:07:53 INFO  org.hibernate.orm.core - HHH000489: No JTA platform available (set 'hibernate.transaction.jta.platform' to enable JTA platform integration)
2026-08-12 12:07:54 INFO  o.s.o.j.LocalContainerEntityManagerFactoryBean - Initialized JPA EntityManagerFactory for persistence unit 'default'
2026-08-12 12:07:54 INFO  o.s.d.j.r.q.QueryEnhancerFactories - Hibernate is in classpath; If applicable, HQL parser will be used.
2026-08-12 12:08:14 WARN  o.s.b.j.a.JpaBaseConfiguration$JpaWebConfiguration - spring.jpa.open-in-view is enabled by default. Therefore, database queries may be performed during view rendering. Explicitly configure spring.jpa.open-in-view to disable this warning
2026-08-12 12:08:15 INFO  o.s.v.b.OptionalValidatorFactoryBean - Failed to set up a Bean Validation provider: jakarta.validation.NoProviderFoundException: Unable to create a Configuration, because no Jakarta Validation provider could be found. Add a provider like Hibernate Validator (RI) to your classpath.
2026-08-12 12:08:18 INFO  o.s.m.s.b.SimpleBrokerMessageHandler - Starting...
2026-08-12 12:08:18 INFO  o.s.m.s.b.SimpleBrokerMessageHandler - BrokerAvailabilityEvent[available=true, SimpleBrokerMessageHandler [org.springframework.messaging.simp.broker.DefaultSubscriptionRegistry@70163ce4]]
2026-08-12 12:08:18 INFO  o.s.m.s.b.SimpleBrokerMessageHandler - Started.
2026-08-12 12:08:18 INFO  o.a.coyote.http11.Http11NioProtocol - Starting ProtocolHandler ["http-nio-0.0.0.0-8084"]
2026-08-12 12:08:18 INFO  o.s.boot.tomcat.TomcatWebServer - Tomcat started on port 8084 (http) with context path '/'
2026-08-12 12:08:18 INFO  c.e.c.T.CollaborationToolApplication - Started CollaborationToolApplication in 64.585 seconds (process running for 68.617)
2026-08-12 12:08:18 INFO  c.e.c.Tool.configuration.AdminSeeder - >>> Admin already exists, skipping: nthengeabraham952@gmail.com
2026-08-12 12:08:18 INFO  c.e.c.Tool.configuration.AdminSeeder - >>> Admin already exists, skipping: chepkemoisheilah794@gmail.com
2026-08-12 12:09:18 INFO  o.s.w.s.c.WebSocketMessageBrokerStats - WebSocketSession[0 current WS(0)-HttpStream(0)-HttpPoll(0), 0 total, 0 closed abnormally (0 connect failure, 0 send limit, 0 transport error)], stompSubProtocol[processed CONNECT(0)-CONNECTED(0)-DISCONNECT(0)], stompBrokerRelay[null], inboundChannel[pool size = 0, active threads = 0, queued tasks = 0, completed tasks = 0], outboundChannel[pool size = 0, active threads = 0, queued tasks = 0, completed tasks = 0], sockJsScheduler[pool size = 4, active threads = 1, queued tasks = 1, completed tasks = 3]
2026-08-12 12:09:27 INFO  o.a.c.c.C.[Tomcat].[localhost].[/] - Initializing Spring DispatcherServlet 'dispatcherServlet'
2026-08-12 12:09:27 INFO  o.s.web.servlet.DispatcherServlet - Initializing Servlet 'dispatcherServlet'
2026-08-12 12:09:27 INFO  o.s.web.servlet.DispatcherServlet - Completed initialization in 219 ms
2026-08-12 12:09:27 INFO  c.e.c.Tool.security.RateLimitFilter - Request from IP: 10.235.148.185 | URI: /user/scratchpad | Tokens remaining: 50
2026-08-12 12:09:27 INFO  c.e.c.Tool.security.RateLimitFilter - Request from IP: 10.235.148.185 | URI: /user/recent-boards | Tokens remaining: 50
2026-08-12 12:09:27 INFO  c.e.c.Tool.security.RateLimitFilter - Request from IP: 10.235.148.185 | URI: /workspace/my-workspaces | Tokens remaining: 50
2026-08-12 12:09:37 INFO  c.e.c.Tool.security.RateLimitFilter - Request from IP: 10.235.148.185 | URI: /boards/workspace/4 | Tokens remaining: 50
2026-08-12 12:09:37 INFO  c.e.c.Tool.security.RateLimitFilter - Request from IP: 10.235.148.185 | URI: /boards/1/lists | Tokens remaining: 49
2026-08-12 12:09:38 INFO  c.e.c.Tool.security.RateLimitFilter - Request from IP: 10.235.148.185 | URI: /cards/lists/3/cards | Tokens remaining: 48
2026-08-12 12:09:38 INFO  c.e.c.Tool.security.RateLimitFilter - Request from IP: 10.235.148.185 | URI: /cards/lists/2/cards | Tokens remaining: 48
2026-08-12 12:09:38 INFO  c.e.c.Tool.security.RateLimitFilter - Request from IP: 10.235.148.185 | URI: /cards/lists/1/cards | Tokens remaining: 47
2026-08-12 12:09:38 INFO  c.e.c.Tool.security.RateLimitFilter - Request from IP: 10.235.148.185 | URI: /cards/lists/9/cards | Tokens remaining: 46
2026-08-12 12:09:42 INFO  c.e.c.Tool.security.RateLimitFilter - Request from IP: 10.235.148.185 | URI: /issues/active | Tokens remaining: 48
2026-08-12 12:09:45 INFO  c.e.c.Tool.security.RateLimitFilter - Request from IP: 10.235.148.185 | URI: /workspace/my-workspaces | Tokens remaining: 50
2026-08-12 12:09:45 INFO  c.e.c.Tool.security.RateLimitFilter - Request from IP: 10.235.148.185 | URI: /user/scratchpad | Tokens remaining: 49
2026-08-12 12:09:46 INFO  c.e.c.Tool.security.RateLimitFilter - Request from IP: 10.235.148.185 | URI: /user/recent-boards | Tokens remaining: 48
2026-08-12 12:09:46 INFO  c.e.c.Tool.security.RateLimitFilter - Request from IP: 10.235.148.185 | URI: /boards/workspace/4 | Tokens remaining: 47
2026-08-12 12:09:47 INFO  c.e.c.Tool.security.RateLimitFilter - Request from IP: 10.235.148.185 | URI: /boards/1/lists | Tokens remaining: 46
2026-08-12 12:09:47 INFO  c.e.c.Tool.security.RateLimitFilter - Request from IP: 10.235.148.185 | URI: /cards/lists/1/cards | Tokens remaining: 46
2026-08-12 12:09:47 INFO  c.e.c.Tool.security.RateLimitFilter - Request from IP: 10.235.148.185 | URI: /cards/lists/3/cards | Tokens remaining: 45
2026-08-12 12:09:47 INFO  c.e.c.Tool.security.RateLimitFilter - Request from IP: 10.235.148.185 | URI: /cards/lists/2/cards | Tokens remaining: 44
2026-08-12 12:09:47 INFO  c.e.c.Tool.security.RateLimitFilter - Request from IP: 10.235.148.185 | URI: /cards/lists/9/cards | Tokens remaining: 43
2026-08-12 12:12:32 INFO  c.e.c.Tool.security.RateLimitFilter - Request from IP: 10.235.148.185 | URI: /workspace/my-workspaces | Tokens remaining: 50
2026-08-12 12:12:32 INFO  c.e.c.Tool.security.RateLimitFilter - Request from IP: 10.235.148.185 | URI: /user/scratchpad | Tokens remaining: 50
2026-08-12 12:12:32 INFO  c.e.c.Tool.security.RateLimitFilter - Request from IP: 10.235.148.185 | URI: /user/recent-boards | Tokens remaining: 48
2026-08-12 12:12:34 INFO  c.e.c.Tool.security.RateLimitFilter - Request from IP: 10.235.148.185 | URI: /boards/workspace/4 | Tokens remaining: 48
2026-08-12 12:12:34 INFO  c.e.c.Tool.security.RateLimitFilter - Request from IP: 10.235.148.185 | URI: /boards/1/lists | Tokens remaining: 47
2026-08-12 12:12:35 INFO  c.e.c.Tool.security.RateLimitFilter - Request from IP: 10.235.148.185 | URI: /cards/lists/3/cards | Tokens remaining: 47
2026-08-12 12:12:35 INFO  c.e.c.Tool.security.RateLimitFilter - Request from IP: 10.235.148.185 | URI: /cards/lists/1/cards | Tokens remaining: 46
2026-08-12 12:12:35 INFO  c.e.c.Tool.security.RateLimitFilter - Request from IP: 10.235.148.185 | URI: /cards/lists/9/cards | Tokens remaining: 45
2026-08-12 12:12:35 INFO  c.e.c.Tool.security.RateLimitFilter - Request from IP: 10.235.148.185 | URI: /cards/lists/2/cards | Tokens remaining: 44
2026-08-12 12:12:52 INFO  c.e.c.Tool.security.RateLimitFilter - Request from IP: 10.235.148.185 | URI: /workspace/my-workspaces | Tokens remaining: 50
2026-08-12 12:12:52 INFO  c.e.c.Tool.security.RateLimitFilter - Request from IP: 10.235.148.185 | URI: /user/scratchpad | Tokens remaining: 49
2026-08-12 12:12:52 INFO  c.e.c.Tool.security.RateLimitFilter - Request from IP: 10.235.148.185 | URI: /user/recent-boards | Tokens remaining: 48
2026-08-12 12:12:53 INFO  c.e.c.Tool.security.RateLimitFilter - Request from IP: 10.235.148.185 | URI: /boards/workspace/4 | Tokens remaining: 47
2026-08-12 12:12:54 INFO  c.e.c.Tool.security.RateLimitFilter - Request from IP: 10.235.148.185 | URI: /boards/1/lists | Tokens remaining: 47
2026-08-12 12:12:54 INFO  c.e.c.Tool.security.RateLimitFilter - Request from IP: 10.235.148.185 | URI: /cards/lists/1/cards | Tokens remaining: 46
2026-08-12 12:12:54 INFO  c.e.c.Tool.security.RateLimitFilter - Request from IP: 10.235.148.185 | URI: /cards/lists/2/cards | Tokens remaining: 45
2026-08-12 12:12:54 INFO  c.e.c.Tool.security.RateLimitFilter - Request from IP: 10.235.148.185 | URI: /cards/lists/3/cards | Tokens remaining: 44
2026-08-12 12:12:54 INFO  c.e.c.Tool.security.RateLimitFilter - Request from IP: 10.235.148.185 | URI: /cards/lists/9/cards | Tokens remaining: 43
2026-08-12 12:12:59 INFO  c.e.c.Tool.security.RateLimitFilter - Request from IP: 10.235.148.185 | URI: /boards/workspace/4 | Tokens remaining: 46
2026-08-12 12:12:59 INFO  c.e.c.Tool.security.RateLimitFilter - Request from IP: 10.235.148.185 | URI: /boards/1/lists | Tokens remaining: 45
2026-08-12 12:13:00 INFO  c.e.c.Tool.security.RateLimitFilter - Request from IP: 10.235.148.185 | URI: /cards/lists/1/cards | Tokens remaining: 45
2026-08-12 12:13:00 INFO  c.e.c.Tool.security.RateLimitFilter - Request from IP: 10.235.148.185 | URI: /cards/lists/2/cards | Tokens remaining: 44
2026-08-12 12:13:00 INFO  c.e.c.Tool.security.RateLimitFilter - Request from IP: 10.235.148.185 | URI: /cards/lists/3/cards | Tokens remaining: 43
2026-08-12 12:13:00 INFO  c.e.c.Tool.security.RateLimitFilter - Request from IP: 10.235.148.185 | URI: /cards/lists/9/cards | Tokens remaining: 42
2026-08-12 12:13:12 INFO  c.e.c.Tool.security.RateLimitFilter - Request from IP: 10.235.148.185 | URI: /boards/workspace/4 | Tokens remaining: 50
2026-08-12 12:13:12 INFO  c.e.c.Tool.security.RateLimitFilter - Request from IP: 10.235.148.185 | URI: /boards/1/lists | Tokens remaining: 49
2026-08-12 12:13:12 INFO  c.e.c.Tool.security.RateLimitFilter - Request from IP: 10.235.148.185 | URI: /board/1/members | Tokens remaining: 48
2026-08-12 12:13:13 INFO  c.e.c.Tool.security.RateLimitFilter - Request from IP: 10.235.148.185 | URI: /cards/lists/1/cards | Tokens remaining: 47
2026-08-12 12:13:13 INFO  c.e.c.Tool.security.RateLimitFilter - Request from IP: 10.235.148.185 | URI: /cards/lists/9/cards | Tokens remaining: 46
2026-08-12 12:13:13 INFO  c.e.c.Tool.security.RateLimitFilter - Request from IP: 10.235.148.185 | URI: /cards/lists/2/cards | Tokens remaining: 45
2026-08-12 12:13:13 INFO  c.e.c.Tool.security.RateLimitFilter - Request from IP: 10.235.148.185 | URI: /cards/lists/3/cards | Tokens remaining: 44
2026-08-12 12:13:25 INFO  c.e.c.Tool.security.RateLimitFilter - Request from IP: 10.235.148.185 | URI: /cards/7/move | Tokens remaining: 50
2026-08-12 12:13:31 INFO  c.e.c.Tool.security.RateLimitFilter - Request from IP: 10.235.148.185 | URI: /cards/6/move | Tokens remaining: 50
2026-08-12 12:13:33 INFO  c.e.c.Tool.security.RateLimitFilter - Request from IP: 10.235.148.185 | URI: /cards/2/move | Tokens remaining: 50
2026-08-12 12:13:36 INFO  c.e.c.Tool.security.RateLimitFilter - Request from IP: 10.235.148.185 | URI: /cards/1/move | Tokens remaining: 50
2026-08-12 12:13:39 INFO  c.e.c.Tool.security.RateLimitFilter - Request from IP: 10.235.148.185 | URI: /workspace/my-workspaces | Tokens remaining: 50
2026-08-12 12:13:39 INFO  c.e.c.Tool.security.RateLimitFilter - Request from IP: 10.235.148.185 | URI: /user/scratchpad | Tokens remaining: 49
2026-08-12 12:13:39 INFO  c.e.c.Tool.security.RateLimitFilter - Request from IP: 10.235.148.185 | URI: /user/recent-boards | Tokens remaining: 48
2026-08-12 12:13:40 INFO  c.e.c.Tool.security.RateLimitFilter - Request from IP: 10.235.148.185 | URI: /boards/workspace/4 | Tokens remaining: 47
2026-08-12 12:13:40 INFO  c.e.c.Tool.security.RateLimitFilter - Request from IP: 10.235.148.185 | URI: /boards/1/lists | Tokens remaining: 46
2026-08-12 12:13:41 INFO  c.e.c.Tool.security.RateLimitFilter - Request from IP: 10.235.148.185 | URI: /cards/lists/1/cards | Tokens remaining: 46
2026-08-12 12:13:41 INFO  c.e.c.Tool.security.RateLimitFilter - Request from IP: 10.235.148.185 | URI: /cards/lists/2/cards | Tokens remaining: 45
2026-08-12 12:13:41 INFO  c.e.c.Tool.security.RateLimitFilter - Request from IP: 10.235.148.185 | URI: /cards/lists/3/cards | Tokens remaining: 45
2026-08-12 12:13:41 INFO  c.e.c.Tool.security.RateLimitFilter - Request from IP: 10.235.148.185 | URI: /cards/lists/9/cards | Tokens remaining: 43
2026-08-12 12:13:44 INFO  c.e.c.Tool.security.RateLimitFilter - Request from IP: 10.235.148.185 | URI: /boards/workspace/4 | Tokens remaining: 45
2026-08-12 12:13:45 INFO  c.e.c.Tool.security.RateLimitFilter - Request from IP: 10.235.148.185 | URI: /boards/1/lists | Tokens remaining: 44
2026-08-12 12:13:45 INFO  c.e.c.Tool.security.RateLimitFilter - Request from IP: 10.235.148.185 | URI: /cards/lists/1/cards | Tokens remaining: 43
2026-08-12 12:13:45 INFO  c.e.c.Tool.security.RateLimitFilter - Request from IP: 10.235.148.185 | URI: /cards/lists/2/cards | Tokens remaining: 42
2026-08-12 12:13:45 INFO  c.e.c.Tool.security.RateLimitFilter - Request from IP: 10.235.148.185 | URI: /cards/lists/3/cards | Tokens remaining: 41
2026-08-12 12:13:45 INFO  c.e.c.Tool.security.RateLimitFilter - Request from IP: 10.235.148.185 | URI: /cards/lists/9/cards | Tokens remaining: 40
2026-08-12 12:16:27 INFO  o.s.boot.tomcat.GracefulShutdown - Commencing graceful shutdown. Waiting for active requests to complete
2026-08-12 12:16:27 INFO  o.s.boot.tomcat.GracefulShutdown - Graceful shutdown complete
2026-08-12 12:16:27 INFO  o.s.m.s.b.SimpleBrokerMessageHandler - Stopping...
2026-08-12 12:16:27 INFO  o.s.m.s.b.SimpleBrokerMessageHandler - BrokerAvailabilityEvent[available=false, SimpleBrokerMessageHandler [org.springframework.messaging.simp.broker.DefaultSubscriptionRegistry@70163ce4]]
2026-08-12 12:16:27 INFO  o.s.m.s.b.SimpleBrokerMessageHandler - Stopped.
2026-08-12 12:16:27 INFO  o.s.o.j.LocalContainerEntityManagerFactoryBean - Closing JPA EntityManagerFactory for persistence unit 'default'
2026-08-12 12:16:28 INFO  com.zaxxer.hikari.HikariDataSource - HikariPool-1 - Shutdown initiated...
2026-08-12 12:16:28 INFO  com.zaxxer.hikari.HikariDataSource - HikariPool-1 - Shutdown completed.
2026-08-12 12:16:51 INFO  c.e.c.T.CollaborationToolApplication - Starting CollaborationToolApplication using Java 21.0.8 with PID 760 (C:\Abraham\Code\Eclectics\Collaboration-Tool\target\classes started by pc in C:\Abraham\Code\Eclectics\Collaboration-Tool)
2026-08-12 12:16:51 INFO  c.e.c.T.CollaborationToolApplication - The following 1 profile is active: "prod"
2026-08-12 12:16:55 INFO  o.s.d.r.c.RepositoryConfigurationDelegate - Multiple Spring Data modules found, entering strict repository configuration mode
2026-08-12 12:16:55 INFO  o.s.d.r.c.RepositoryConfigurationDelegate - Bootstrapping Spring Data JPA repositories in DEFAULT mode.
2026-08-12 12:16:56 INFO  o.s.d.r.c.RepositoryConfigurationDelegate - Finished Spring Data repository scanning in 739 ms. Found 19 JPA repository interfaces.
2026-08-12 12:16:56 INFO  o.s.d.r.c.RepositoryConfigurationDelegate - Multiple Spring Data modules found, entering strict repository configuration mode
2026-08-12 12:16:56 INFO  o.s.d.r.c.RepositoryConfigurationDelegate - Bootstrapping Spring Data Redis repositories in DEFAULT mode.
2026-08-12 12:16:56 INFO  o.s.d.r.c.RepositoryConfigurationExtensionSupport - Spring Data Redis - Could not safely identify store assignment for repository candidate interface com.eclectics.collaboration.Tool.repository.ActivityLogRepository; If you want this repository to be a Redis repository, consider annotating your entities with one of these annotations: org.springframework.data.redis.core.RedisHash (preferred), or consider extending one of the following types with your repository: org.springframework.data.keyvalue.repository.KeyValueRepository
2026-08-12 12:16:56 INFO  o.s.d.r.c.RepositoryConfigurationExtensionSupport - Spring Data Redis - Could not safely identify store assignment for repository candidate interface com.eclectics.collaboration.Tool.repository.BoardMemberRepository; If you want this repository to be a Redis repository, consider annotating your entities with one of these annotations: org.springframework.data.redis.core.RedisHash (preferred), or consider extending one of the following types with your repository: org.springframework.data.keyvalue.repository.KeyValueRepository
2026-08-12 12:16:56 INFO  o.s.d.r.c.RepositoryConfigurationExtensionSupport - Spring Data Redis - Could not safely identify store assignment for repository candidate interface com.eclectics.collaboration.Tool.repository.BoardsRepository; If you want this repository to be a Redis repository, consider annotating your entities with one of these annotations: org.springframework.data.redis.core.RedisHash (preferred), or consider extending one of the following types with your repository: org.springframework.data.keyvalue.repository.KeyValueRepository
2026-08-12 12:16:56 INFO  o.s.d.r.c.RepositoryConfigurationExtensionSupport - Spring Data Redis - Could not safely identify store assignment for repository candidate interface com.eclectics.collaboration.Tool.repository.CardAssigneeRepository; If you want this repository to be a Redis repository, consider annotating your entities with one of these annotations: org.springframework.data.redis.core.RedisHash (preferred), or consider extending one of the following types with your repository: org.springframework.data.keyvalue.repository.KeyValueRepository
2026-08-12 12:16:56 INFO  o.s.d.r.c.RepositoryConfigurationExtensionSupport - Spring Data Redis - Could not safely identify store assignment for repository candidate interface com.eclectics.collaboration.Tool.repository.CardLabelRepository; If you want this repository to be a Redis repository, consider annotating your entities with one of these annotations: org.springframework.data.redis.core.RedisHash (preferred), or consider extending one of the following types with your repository: org.springframework.data.keyvalue.repository.KeyValueRepository
2026-08-12 12:16:56 INFO  o.s.d.r.c.RepositoryConfigurationExtensionSupport - Spring Data Redis - Could not safely identify store assignment for repository candidate interface com.eclectics.collaboration.Tool.repository.CardRepository; If you want this repository to be a Redis repository, consider annotating your entities with one of these annotations: org.springframework.data.redis.core.RedisHash (preferred), or consider extending one of the following types with your repository: org.springframework.data.keyvalue.repository.KeyValueRepository
2026-08-12 12:16:56 INFO  o.s.d.r.c.RepositoryConfigurationExtensionSupport - Spring Data Redis - Could not safely identify store assignment for repository candidate interface com.eclectics.collaboration.Tool.repository.CommentRepository; If you want this repository to be a Redis repository, consider annotating your entities with one of these annotations: org.springframework.data.redis.core.RedisHash (preferred), or consider extending one of the following types with your repository: org.springframework.data.keyvalue.repository.KeyValueRepository
2026-08-12 12:16:56 INFO  o.s.d.r.c.RepositoryConfigurationExtensionSupport - Spring Data Redis - Could not safely identify store assignment for repository candidate interface com.eclectics.collaboration.Tool.repository.FAQRepository; If you want this repository to be a Redis repository, consider annotating your entities with one of these annotations: org.springframework.data.redis.core.RedisHash (preferred), or consider extending one of the following types with your repository: org.springframework.data.keyvalue.repository.KeyValueRepository
2026-08-12 12:16:56 INFO  o.s.d.r.c.RepositoryConfigurationExtensionSupport - Spring Data Redis - Could not safely identify store assignment for repository candidate interface com.eclectics.collaboration.Tool.repository.InvitationRepository; If you want this repository to be a Redis repository, consider annotating your entities with one of these annotations: org.springframework.data.redis.core.RedisHash (preferred), or consider extending one of the following types with your repository: org.springframework.data.keyvalue.repository.KeyValueRepository
2026-08-12 12:16:56 INFO  o.s.d.r.c.RepositoryConfigurationExtensionSupport - Spring Data Redis - Could not safely identify store assignment for repository candidate interface com.eclectics.collaboration.Tool.repository.IssueRepository; If you want this repository to be a Redis repository, consider annotating your entities with one of these annotations: org.springframework.data.redis.core.RedisHash (preferred), or consider extending one of the following types with your repository: org.springframework.data.keyvalue.repository.KeyValueRepository
2026-08-12 12:16:56 INFO  o.s.d.r.c.RepositoryConfigurationExtensionSupport - Spring Data Redis - Could not safely identify store assignment for repository candidate interface com.eclectics.collaboration.Tool.repository.LabelRepository; If you want this repository to be a Redis repository, consider annotating your entities with one of these annotations: org.springframework.data.redis.core.RedisHash (preferred), or consider extending one of the following types with your repository: org.springframework.data.keyvalue.repository.KeyValueRepository
2026-08-12 12:16:56 INFO  o.s.d.r.c.RepositoryConfigurationExtensionSupport - Spring Data Redis - Could not safely identify store assignment for repository candidate interface com.eclectics.collaboration.Tool.repository.ListEntityRepository; If you want this repository to be a Redis repository, consider annotating your entities with one of these annotations: org.springframework.data.redis.core.RedisHash (preferred), or consider extending one of the following types with your repository: org.springframework.data.keyvalue.repository.KeyValueRepository
2026-08-12 12:16:56 INFO  o.s.d.r.c.RepositoryConfigurationExtensionSupport - Spring Data Redis - Could not safely identify store assignment for repository candidate interface com.eclectics.collaboration.Tool.repository.NotificationRepository; If you want this repository to be a Redis repository, consider annotating your entities with one of these annotations: org.springframework.data.redis.core.RedisHash (preferred), or consider extending one of the following types with your repository: org.springframework.data.keyvalue.repository.KeyValueRepository
2026-08-12 12:16:56 INFO  o.s.d.r.c.RepositoryConfigurationExtensionSupport - Spring Data Redis - Could not safely identify store assignment for repository candidate interface com.eclectics.collaboration.Tool.repository.RefreshTokenRepository; If you want this repository to be a Redis repository, consider annotating your entities with one of these annotations: org.springframework.data.redis.core.RedisHash (preferred), or consider extending one of the following types with your repository: org.springframework.data.keyvalue.repository.KeyValueRepository
2026-08-12 12:16:56 INFO  o.s.d.r.c.RepositoryConfigurationExtensionSupport - Spring Data Redis - Could not safely identify store assignment for repository candidate interface com.eclectics.collaboration.Tool.repository.SystemConfigRepository; If you want this repository to be a Redis repository, consider annotating your entities with one of these annotations: org.springframework.data.redis.core.RedisHash (preferred), or consider extending one of the following types with your repository: org.springframework.data.keyvalue.repository.KeyValueRepository
2026-08-12 12:16:56 INFO  o.s.d.r.c.RepositoryConfigurationExtensionSupport - Spring Data Redis - Could not safely identify store assignment for repository candidate interface com.eclectics.collaboration.Tool.repository.TalkRepository; If you want this repository to be a Redis repository, consider annotating your entities with one of these annotations: org.springframework.data.redis.core.RedisHash (preferred), or consider extending one of the following types with your repository: org.springframework.data.keyvalue.repository.KeyValueRepository
2026-08-12 12:16:56 INFO  o.s.d.r.c.RepositoryConfigurationExtensionSupport - Spring Data Redis - Could not safely identify store assignment for repository candidate interface com.eclectics.collaboration.Tool.repository.UserRecentBoardRepository; If you want this repository to be a Redis repository, consider annotating your entities with one of these annotations: org.springframework.data.redis.core.RedisHash (preferred), or consider extending one of the following types with your repository: org.springframework.data.keyvalue.repository.KeyValueRepository
2026-08-12 12:16:56 INFO  o.s.d.r.c.RepositoryConfigurationExtensionSupport - Spring Data Redis - Could not safely identify store assignment for repository candidate interface com.eclectics.collaboration.Tool.repository.UserRespository; If you want this repository to be a Redis repository, consider annotating your entities with one of these annotations: org.springframework.data.redis.core.RedisHash (preferred), or consider extending one of the following types with your repository: org.springframework.data.keyvalue.repository.KeyValueRepository
2026-08-12 12:16:56 INFO  o.s.d.r.c.RepositoryConfigurationExtensionSupport - Spring Data Redis - Could not safely identify store assignment for repository candidate interface com.eclectics.collaboration.Tool.repository.WorkSpaceReposiroty; If you want this repository to be a Redis repository, consider annotating your entities with one of these annotations: org.springframework.data.redis.core.RedisHash (preferred), or consider extending one of the following types with your repository: org.springframework.data.keyvalue.repository.KeyValueRepository
2026-08-12 12:16:56 INFO  o.s.d.r.c.RepositoryConfigurationDelegate - Finished Spring Data repository scanning in 147 ms. Found 0 Redis repository interfaces.
2026-08-12 12:17:00 INFO  o.s.boot.tomcat.TomcatWebServer - Tomcat initialized with port 8084 (http)
2026-08-12 12:17:00 INFO  o.a.coyote.http11.Http11NioProtocol - Initializing ProtocolHandler ["http-nio-0.0.0.0-8084"]
2026-08-12 12:17:00 INFO  o.a.catalina.core.StandardService - Starting service [Tomcat]
2026-08-12 12:17:00 INFO  o.a.catalina.core.StandardEngine - Starting Servlet engine: [Apache Tomcat/11.0.15]
2026-08-12 12:17:00 INFO  o.s.b.w.c.s.WebApplicationContextInitializer - Root WebApplicationContext: initialization completed in 8959 ms
2026-08-12 12:17:00 INFO  com.zaxxer.hikari.HikariDataSource - HikariPool-1 - Starting...
2026-08-12 12:17:01 INFO  com.zaxxer.hikari.pool.HikariPool - HikariPool-1 - Added connection org.postgresql.jdbc.PgConnection@783dc0e7
2026-08-12 12:17:01 INFO  com.zaxxer.hikari.HikariDataSource - HikariPool-1 - Start completed.
2026-08-12 12:17:02 INFO  org.hibernate.orm.jpa - HHH008540: Processing PersistenceUnitInfo [name: default]
2026-08-12 12:17:02 INFO  org.hibernate.orm.core - HHH000001: Hibernate ORM core version 7.2.1.Final
2026-08-12 12:17:05 INFO  o.s.o.j.p.SpringPersistenceUnitInfo - No LoadTimeWeaver setup: ignoring JPA class transformer
2026-08-12 12:17:05 INFO  o.hibernate.orm.connections.pooling - HHH10001005: Database info:
	Database JDBC URL [jdbc:postgresql://localhost:5432/collaborationTool]
	Database driver: PostgreSQL JDBC Driver
	Database dialect: PostgreSQLDialect
	Database version: 17.6
	Default catalog/schema: collaborationTool/public
	Autocommit mode: undefined/unknown
	Isolation level: READ_COMMITTED [default READ_COMMITTED]
	JDBC fetch size: none
	Pool: DataSourceConnectionProvider
	Minimum pool size: undefined/unknown
	Maximum pool size: undefined/unknown
2026-08-12 12:17:08 INFO  org.hibernate.orm.core - HHH000489: No JTA platform available (set 'hibernate.transaction.jta.platform' to enable JTA platform integration)
2026-08-12 12:17:08 INFO  o.s.o.j.LocalContainerEntityManagerFactoryBean - Initialized JPA EntityManagerFactory for persistence unit 'default'
2026-08-12 12:17:09 INFO  o.s.d.j.r.q.QueryEnhancerFactories - Hibernate is in classpath; If applicable, HQL parser will be used.
2026-08-12 12:17:30 WARN  o.s.b.j.a.JpaBaseConfiguration$JpaWebConfiguration - spring.jpa.open-in-view is enabled by default. Therefore, database queries may be performed during view rendering. Explicitly configure spring.jpa.open-in-view to disable this warning
2026-08-12 12:17:31 INFO  o.s.v.b.OptionalValidatorFactoryBean - Failed to set up a Bean Validation provider: jakarta.validation.NoProviderFoundException: Unable to create a Configuration, because no Jakarta Validation provider could be found. Add a provider like Hibernate Validator (RI) to your classpath.
2026-08-12 12:17:33 INFO  o.s.m.s.b.SimpleBrokerMessageHandler - Starting...
2026-08-12 12:17:33 INFO  o.s.m.s.b.SimpleBrokerMessageHandler - BrokerAvailabilityEvent[available=true, SimpleBrokerMessageHandler [org.springframework.messaging.simp.broker.DefaultSubscriptionRegistry@4984347c]]
2026-08-12 12:17:33 INFO  o.s.m.s.b.SimpleBrokerMessageHandler - Started.
2026-08-12 12:17:33 INFO  o.a.coyote.http11.Http11NioProtocol - Starting ProtocolHandler ["http-nio-0.0.0.0-8084"]
2026-08-12 12:17:33 INFO  o.s.boot.tomcat.TomcatWebServer - Tomcat started on port 8084 (http) with context path '/'
2026-08-12 12:17:33 INFO  c.e.c.T.CollaborationToolApplication - Started CollaborationToolApplication in 45.748 seconds (process running for 48.389)
2026-08-12 12:17:36 INFO  c.e.c.Tool.configuration.AdminSeeder - >>> Admin already exists, skipping: nthengeabraham952@gmail.com
2026-08-12 12:17:36 INFO  c.e.c.Tool.configuration.AdminSeeder - >>> Admin already exists, skipping: chepkemoisheilah794@gmail.com
2026-08-12 12:18:33 INFO  o.s.w.s.c.WebSocketMessageBrokerStats - WebSocketSession[0 current WS(0)-HttpStream(0)-HttpPoll(0), 0 total, 0 closed abnormally (0 connect failure, 0 send limit, 0 transport error)], stompSubProtocol[processed CONNECT(0)-CONNECTED(0)-DISCONNECT(0)], stompBrokerRelay[null], inboundChannel[pool size = 0, active threads = 0, queued tasks = 0, completed tasks = 0], outboundChannel[pool size = 0, active threads = 0, queued tasks = 0, completed tasks = 0], sockJsScheduler[pool size = 4, active threads = 1, queued tasks = 1, completed tasks = 2]
2026-08-12 12:18:52 INFO  o.a.c.c.C.[Tomcat].[localhost].[/] - Initializing Spring DispatcherServlet 'dispatcherServlet'
2026-08-12 12:18:52 INFO  o.s.web.servlet.DispatcherServlet - Initializing Servlet 'dispatcherServlet'
2026-08-12 12:18:52 INFO  o.s.web.servlet.DispatcherServlet - Completed initialization in 30 ms
2026-08-12 12:18:53 INFO  c.e.c.Tool.security.RateLimitFilter - Request from IP: 10.235.148.185 | URI: /workspace/my-workspaces | Tokens remaining: 50
2026-08-12 12:18:53 INFO  c.e.c.Tool.security.RateLimitFilter - Request from IP: 10.235.148.185 | URI: /user/recent-boards | Tokens remaining: 49
2026-08-12 12:18:53 INFO  c.e.c.Tool.security.RateLimitFilter - Request from IP: 10.235.148.185 | URI: /user/scratchpad | Tokens remaining: 48
2026-08-12 12:19:02 INFO  c.e.c.Tool.security.RateLimitFilter - Request from IP: 10.235.148.185 | URI: /boards/workspace/4 | Tokens remaining: 50
2026-08-12 12:19:02 INFO  c.e.c.Tool.security.RateLimitFilter - Request from IP: 10.235.148.185 | URI: /boards/1/lists | Tokens remaining: 49
2026-08-12 12:19:03 INFO  c.e.c.Tool.security.RateLimitFilter - Request from IP: 10.235.148.185 | URI: /cards/lists/1/cards | Tokens remaining: 49
2026-08-12 12:19:03 INFO  c.e.c.Tool.security.RateLimitFilter - Request from IP: 10.235.148.185 | URI: /cards/lists/2/cards | Tokens remaining: 48
2026-08-12 12:19:03 INFO  c.e.c.Tool.security.RateLimitFilter - Request from IP: 10.235.148.185 | URI: /cards/lists/3/cards | Tokens remaining: 47
2026-08-12 12:19:03 INFO  c.e.c.Tool.security.RateLimitFilter - Request from IP: 10.235.148.185 | URI: /cards/lists/9/cards | Tokens remaining: 46
2026-08-12 12:19:08 INFO  c.e.c.Tool.security.RateLimitFilter - Request from IP: 10.235.148.185 | URI: /boards/workspace/4 | Tokens remaining: 49
2026-08-12 12:19:09 INFO  c.e.c.Tool.security.RateLimitFilter - Request from IP: 10.235.148.185 | URI: /boards/1/lists | Tokens remaining: 48
2026-08-12 12:19:09 INFO  c.e.c.Tool.security.RateLimitFilter - Request from IP: 10.235.148.185 | URI: /cards/lists/1/cards | Tokens remaining: 48
2026-08-12 12:19:09 INFO  c.e.c.Tool.security.RateLimitFilter - Request from IP: 10.235.148.185 | URI: /cards/lists/2/cards | Tokens remaining: 47
2026-08-12 12:19:09 INFO  c.e.c.Tool.security.RateLimitFilter - Request from IP: 10.235.148.185 | URI: /cards/lists/3/cards | Tokens remaining: 46
2026-08-12 12:19:09 INFO  c.e.c.Tool.security.RateLimitFilter - Request from IP: 10.235.148.185 | URI: /cards/lists/9/cards | Tokens remaining: 45
2026-08-12 12:19:30 INFO  c.e.c.Tool.security.RateLimitFilter - Request from IP: 10.235.148.185 | URI: /boards/workspace/4 | Tokens remaining: 50
2026-08-12 12:19:30 INFO  c.e.c.Tool.security.RateLimitFilter - Request from IP: 10.235.148.185 | URI: /board/1/members | Tokens remaining: 49
2026-08-12 12:19:30 INFO  c.e.c.Tool.security.RateLimitFilter - Request from IP: 10.235.148.185 | URI: /boards/1/lists | Tokens remaining: 49
2026-08-12 12:19:31 INFO  c.e.c.Tool.security.RateLimitFilter - Request from IP: 10.235.148.185 | URI: /cards/lists/1/cards | Tokens remaining: 47
2026-08-12 12:19:31 INFO  c.e.c.Tool.security.RateLimitFilter - Request from IP: 10.235.148.185 | URI: /cards/lists/2/cards | Tokens remaining: 47
2026-08-12 12:19:31 INFO  c.e.c.Tool.security.RateLimitFilter - Request from IP: 10.235.148.185 | URI: /cards/lists/3/cards | Tokens remaining: 45
2026-08-12 12:19:31 INFO  c.e.c.Tool.security.RateLimitFilter - Request from IP: 10.235.148.185 | URI: /cards/lists/9/cards | Tokens remaining: 45
2026-08-12 12:19:34 INFO  c.e.c.Tool.security.RateLimitFilter - Request from IP: 10.235.148.185 | URI: /cards/8/move | Tokens remaining: 46
2026-08-12 12:19:35 WARN  org.hibernate.orm.jdbc.error - HHH000247: ErrorCode: 0, SQLState: 23505
2026-08-12 12:19:35 WARN  org.hibernate.orm.jdbc.error - ERROR: duplicate key value violates unique constraint "ukcufyrn3a4xuwm0ajxfvm8pxt7"
  Detail: Key (user_id, board_id)=(19, 1) already exists.
2026-08-12 12:19:35 ERROR c.e.c.T.e.CollaborationExceptionHandler - Unexpected error occurred: could not execute statement [ERROR: duplicate key value violates unique constraint "ukcufyrn3a4xuwm0ajxfvm8pxt7"
  Detail: Key (user_id, board_id)=(19, 1) already exists.] [insert into public.user_recent_boards (board_id,card_id,last_accessed_at,list_id,user_id) values (?,?,?,?,?)]; SQL [insert into public.user_recent_boards (board_id,card_id,last_accessed_at,list_id,user_id) values (?,?,?,?,?)]; constraint [ukcufyrn3a4xuwm0ajxfvm8pxt7]
org.springframework.dao.DataIntegrityViolationException: could not execute statement [ERROR: duplicate key value violates unique constraint "ukcufyrn3a4xuwm0ajxfvm8pxt7"
  Detail: Key (user_id, board_id)=(19, 1) already exists.] [insert into public.user_recent_boards (board_id,card_id,last_accessed_at,list_id,user_id) values (?,?,?,?,?)]; SQL [insert into public.user_recent_boards (board_id,card_id,last_accessed_at,list_id,user_id) values (?,?,?,?,?)]; constraint [ukcufyrn3a4xuwm0ajxfvm8pxt7]
	at org.springframework.orm.jpa.hibernate.HibernateExceptionTranslator.convertHibernateAccessException(HibernateExceptionTranslator.java:169)
	at org.springframework.orm.jpa.hibernate.HibernateExceptionTranslator.convertHibernateAccessException(HibernateExceptionTranslator.java:131)
	at org.springframework.orm.jpa.hibernate.HibernateExceptionTranslator.translateExceptionIfPossible(HibernateExceptionTranslator.java:105)
	at org.springframework.orm.jpa.vendor.HibernateJpaDialect.translateExceptionIfPossible(HibernateJpaDialect.java:199)
	at org.springframework.orm.jpa.AbstractEntityManagerFactoryBean.translateExceptionIfPossible(AbstractEntityManagerFactoryBean.java:556)
	at org.springframework.dao.support.ChainedPersistenceExceptionTranslator.translateExceptionIfPossible(ChainedPersistenceExceptionTranslator.java:61)
	at org.springframework.dao.support.DataAccessUtils.translateIfNecessary(DataAccessUtils.java:346)
	at org.springframework.dao.support.PersistenceExceptionTranslationInterceptor.invoke(PersistenceExceptionTranslationInterceptor.java:157)
	at org.springframework.aop.framework.ReflectiveMethodInvocation.proceed(ReflectiveMethodInvocation.java:179)
	at org.springframework.data.jpa.repository.support.CrudMethodMetadataPostProcessor$CrudMethodMetadataPopulatingMethodInterceptor.invoke(CrudMethodMetadataPostProcessor.java:166)
	at org.springframework.aop.framework.ReflectiveMethodInvocation.proceed(ReflectiveMethodInvocation.java:179)
	at org.springframework.aop.framework.JdkDynamicAopProxy.invoke(JdkDynamicAopProxy.java:222)
	at jdk.proxy2/jdk.proxy2.$Proxy190.save(Unknown Source)
	at com.eclectics.collaboration.Tool.service.Impl.CardServiceImpl.trackActivity(CardServiceImpl.java:281)
	at com.eclectics.collaboration.Tool.service.Impl.CardServiceImpl.moveCard(CardServiceImpl.java:187)
	at java.base/jdk.internal.reflect.DirectMethodHandleAccessor.invoke(DirectMethodHandleAccessor.java:103)
	at java.base/java.lang.reflect.Method.invoke(Method.java:580)
	at org.springframework.aop.support.AopUtils.invokeJoinpointUsingReflection(AopUtils.java:359)
	at org.springframework.aop.framework.ReflectiveMethodInvocation.invokeJoinpoint(ReflectiveMethodInvocation.java:190)
	at org.springframework.aop.framework.ReflectiveMethodInvocation.proceed(ReflectiveMethodInvocation.java:158)
	at org.springframework.transaction.interceptor.TransactionInterceptor$1.proceedWithInvocation(TransactionInterceptor.java:133)
	at org.springframework.transaction.interceptor.TransactionAspectSupport.invokeWithinTransaction(TransactionAspectSupport.java:371)
	at org.springframework.transaction.interceptor.TransactionInterceptor.invoke(TransactionInterceptor.java:130)
	at org.springframework.aop.framework.ReflectiveMethodInvocation.proceed(ReflectiveMethodInvocation.java:179)
	at org.springframework.aop.framework.CglibAopProxy$DynamicAdvisedInterceptor.intercept(CglibAopProxy.java:719)
	at com.eclectics.collaboration.Tool.service.Impl.CardServiceImpl$$SpringCGLIB$$0.moveCard(<generated>)
	at com.eclectics.collaboration.Tool.controller.CardController.moveCard(CardController.java:84)
	at java.base/jdk.internal.reflect.DirectMethodHandleAccessor.invoke(DirectMethodHandleAccessor.java:103)
	at java.base/java.lang.reflect.Method.invoke(Method.java:580)
	at org.springframework.web.method.support.InvocableHandlerMethod.doInvoke(InvocableHandlerMethod.java:258)
	at org.springframework.web.method.support.InvocableHandlerMethod.invokeForRequest(InvocableHandlerMethod.java:190)
	at org.springframework.web.servlet.mvc.method.annotation.ServletInvocableHandlerMethod.invokeAndHandle(ServletInvocableHandlerMethod.java:117)
	at org.springframework.web.servlet.mvc.method.annotation.RequestMappingHandlerAdapter.invokeHandlerMethod(RequestMappingHandlerAdapter.java:934)
	at org.springframework.web.servlet.mvc.method.annotation.RequestMappingHandlerAdapter.handleInternal(RequestMappingHandlerAdapter.java:853)
	at org.springframework.web.servlet.mvc.method.AbstractHandlerMethodAdapter.handle(AbstractHandlerMethodAdapter.java:86)
	at org.springframework.web.servlet.DispatcherServlet.doDispatch(DispatcherServlet.java:963)
	at org.springframework.web.servlet.DispatcherServlet.doService(DispatcherServlet.java:866)
	at org.springframework.web.servlet.FrameworkServlet.processRequest(FrameworkServlet.java:1003)
	at org.springframework.web.servlet.FrameworkServlet.doPut(FrameworkServlet.java:914)
	at jakarta.servlet.http.HttpServlet.service(HttpServlet.java:650)
	at org.springframework.web.servlet.FrameworkServlet.service(FrameworkServlet.java:874)
	at jakarta.servlet.http.HttpServlet.service(HttpServlet.java:710)
	at org.apache.catalina.core.ApplicationFilterChain.doFilter(ApplicationFilterChain.java:128)
	at org.apache.tomcat.websocket.server.WsFilter.doFilter(WsFilter.java:53)
	at org.apache.catalina.core.ApplicationFilterChain.doFilter(ApplicationFilterChain.java:107)
	at org.springframework.web.filter.OncePerRequestFilter.doFilter(OncePerRequestFilter.java:110)
	at org.apache.catalina.core.ApplicationFilterChain.doFilter(ApplicationFilterChain.java:107)
	at org.springframework.web.filter.OncePerRequestFilter.doFilter(OncePerRequestFilter.java:110)
	at org.apache.catalina.core.ApplicationFilterChain.doFilter(ApplicationFilterChain.java:107)
	at org.springframework.web.filter.CompositeFilter$VirtualFilterChain.doFilter(CompositeFilter.java:108)
	at org.springframework.security.web.FilterChainProxy.lambda$doFilterInternal$3(FilterChainProxy.java:235)
	at org.springframework.security.web.FilterChainProxy$VirtualFilterChain.doFilter(FilterChainProxy.java:371)
	at org.springframework.security.web.access.intercept.AuthorizationFilter.doFilter(AuthorizationFilter.java:101)
	at org.springframework.security.web.FilterChainProxy$VirtualFilterChain.doFilter(FilterChainProxy.java:380)
	at org.springframework.security.web.access.ExceptionTranslationFilter.doFilter(ExceptionTranslationFilter.java:126)
	at org.springframework.security.web.access.ExceptionTranslationFilter.doFilter(ExceptionTranslationFilter.java:120)
	at org.springframework.security.web.FilterChainProxy$VirtualFilterChain.doFilter(FilterChainProxy.java:380)
	at org.springframework.security.web.session.SessionManagementFilter.doFilter(SessionManagementFilter.java:132)
	at org.springframework.security.web.session.SessionManagementFilter.doFilter(SessionManagementFilter.java:86)
	at org.springframework.security.web.FilterChainProxy$VirtualFilterChain.doFilter(FilterChainProxy.java:380)
	at org.springframework.security.web.authentication.AnonymousAuthenticationFilter.doFilter(AnonymousAuthenticationFilter.java:100)
	at org.springframework.security.web.FilterChainProxy$VirtualFilterChain.doFilter(FilterChainProxy.java:380)
	at org.springframework.security.web.servletapi.SecurityContextHolderAwareRequestFilter.doFilter(SecurityContextHolderAwareRequestFilter.java:181)
	at org.springframework.security.web.FilterChainProxy$VirtualFilterChain.doFilter(FilterChainProxy.java:380)
	at org.springframework.security.web.savedrequest.RequestCacheAwareFilter.doFilter(RequestCacheAwareFilter.java:63)
	at org.springframework.security.web.FilterChainProxy$VirtualFilterChain.doFilter(FilterChainProxy.java:380)
	at com.eclectics.collaboration.Tool.security.JwtFilter.doFilterInternal(JwtFilter.java:85)
	at org.springframework.web.filter.OncePerRequestFilter.doFilter(OncePerRequestFilter.java:116)
	at org.springframework.security.web.FilterChainProxy$VirtualFilterChain.doFilter(FilterChainProxy.java:380)
	at com.eclectics.collaboration.Tool.security.RateLimitFilter.doFilterInternal(RateLimitFilter.java:50)
	at org.springframework.web.filter.OncePerRequestFilter.doFilter(OncePerRequestFilter.java:116)
	at org.springframework.security.web.FilterChainProxy$VirtualFilterChain.doFilter(FilterChainProxy.java:380)
	at org.springframework.security.web.authentication.logout.LogoutFilter.doFilter(LogoutFilter.java:110)
	at org.springframework.security.web.authentication.logout.LogoutFilter.doFilter(LogoutFilter.java:96)
	at org.springframework.security.web.FilterChainProxy$VirtualFilterChain.doFilter(FilterChainProxy.java:380)
	at org.springframework.web.filter.CorsFilter.doFilterInternal(CorsFilter.java:91)
	at org.springframework.web.filter.OncePerRequestFilter.doFilter(OncePerRequestFilter.java:116)
	at org.springframework.security.web.FilterChainProxy$VirtualFilterChain.doFilter(FilterChainProxy.java:380)
	at org.springframework.security.web.header.HeaderWriterFilter.doHeadersAfter(HeaderWriterFilter.java:90)
	at org.springframework.security.web.header.HeaderWriterFilter.doFilterInternal(HeaderWriterFilter.java:75)
	at org.springframework.web.filter.OncePerRequestFilter.doFilter(OncePerRequestFilter.java:116)
	at org.springframework.security.web.FilterChainProxy$VirtualFilterChain.doFilter(FilterChainProxy.java:380)
	at org.springframework.security.web.context.SecurityContextHolderFilter.doFilter(SecurityContextHolderFilter.java:82)
	at org.springframework.security.web.context.SecurityContextHolderFilter.doFilter(SecurityContextHolderFilter.java:69)
	at org.springframework.security.web.FilterChainProxy$VirtualFilterChain.doFilter(FilterChainProxy.java:380)
	at org.springframework.security.web.context.request.async.WebAsyncManagerIntegrationFilter.doFilterInternal(WebAsyncManagerIntegrationFilter.java:62)
	at org.springframework.web.filter.OncePerRequestFilter.doFilter(OncePerRequestFilter.java:116)
	at org.springframework.security.web.FilterChainProxy$VirtualFilterChain.doFilter(FilterChainProxy.java:380)
	at org.springframework.security.web.session.DisableEncodeUrlFilter.doFilterInternal(DisableEncodeUrlFilter.java:42)
	at org.springframework.web.filter.OncePerRequestFilter.doFilter(OncePerRequestFilter.java:116)
	at org.springframework.security.web.FilterChainProxy$VirtualFilterChain.doFilter(FilterChainProxy.java:380)
	at org.springframework.security.web.FilterChainProxy.doFilterInternal(FilterChainProxy.java:237)
	at org.springframework.security.web.FilterChainProxy.doFilter(FilterChainProxy.java:195)
	at org.springframework.web.filter.CompositeFilter$VirtualFilterChain.doFilter(CompositeFilter.java:113)
	at org.springframework.web.filter.ServletRequestPathFilter.doFilter(ServletRequestPathFilter.java:52)
	at org.springframework.web.filter.CompositeFilter$VirtualFilterChain.doFilter(CompositeFilter.java:113)
	at org.springframework.web.filter.CompositeFilter.doFilter(CompositeFilter.java:74)
	at org.springframework.security.config.annotation.web.configuration.WebSecurityConfiguration$CompositeFilterChainProxy.doFilter(WebSecurityConfiguration.java:317)
	at org.springframework.web.filter.DelegatingFilterProxy.invokeDelegate(DelegatingFilterProxy.java:355)
	at org.springframework.web.filter.DelegatingFilterProxy.doFilter(DelegatingFilterProxy.java:272)
	at org.apache.catalina.core.ApplicationFilterChain.doFilter(ApplicationFilterChain.java:107)
	at org.springframework.web.filter.RequestContextFilter.doFilterInternal(RequestContextFilter.java:100)
	at org.springframework.web.filter.OncePerRequestFilter.doFilter(OncePerRequestFilter.java:116)
	at org.apache.catalina.core.ApplicationFilterChain.doFilter(ApplicationFilterChain.java:107)
	at org.springframework.web.filter.FormContentFilter.doFilterInternal(FormContentFilter.java:93)
	at org.springframework.web.filter.OncePerRequestFilter.doFilter(OncePerRequestFilter.java:116)
	at org.apache.catalina.core.ApplicationFilterChain.doFilter(ApplicationFilterChain.java:107)
	at org.springframework.session.web.http.SessionRepositoryFilter.doFilterInternal(SessionRepositoryFilter.java:142)
	at org.springframework.session.web.http.OncePerRequestFilter.doFilter(OncePerRequestFilter.java:82)
	at org.springframework.web.filter.DelegatingFilterProxy.invokeDelegate(DelegatingFilterProxy.java:355)
	at org.springframework.web.filter.DelegatingFilterProxy.doFilter(DelegatingFilterProxy.java:272)
	at org.apache.catalina.core.ApplicationFilterChain.doFilter(ApplicationFilterChain.java:107)
	at org.springframework.web.filter.CharacterEncodingFilter.doFilterInternal(CharacterEncodingFilter.java:199)
	at org.springframework.web.filter.OncePerRequestFilter.doFilter(OncePerRequestFilter.java:116)
	at org.apache.catalina.core.ApplicationFilterChain.doFilter(ApplicationFilterChain.java:107)
	at org.apache.catalina.core.StandardWrapperValve.invoke(StandardWrapperValve.java:165)
	at org.apache.catalina.core.StandardContextValve.invoke(StandardContextValve.java:77)
	at org.apache.catalina.authenticator.AuthenticatorBase.invoke(AuthenticatorBase.java:482)
	at org.apache.catalina.core.StandardHostValve.invoke(StandardHostValve.java:113)
	at org.apache.catalina.valves.ErrorReportValve.invoke(ErrorReportValve.java:83)
	at org.apache.catalina.core.StandardEngineValve.invoke(StandardEngineValve.java:72)
	at org.apache.catalina.connector.CoyoteAdapter.service(CoyoteAdapter.java:341)
	at org.apache.coyote.http11.Http11Processor.service(Http11Processor.java:397)
	at org.apache.coyote.AbstractProcessorLight.process(AbstractProcessorLight.java:63)
	at org.apache.coyote.AbstractProtocol$ConnectionHandler.process(AbstractProtocol.java:903)
	at org.apache.tomcat.util.net.NioEndpoint$SocketProcessor.doRun(NioEndpoint.java:1778)
	at org.apache.tomcat.util.net.SocketProcessorBase.run(SocketProcessorBase.java:52)
	at org.apache.tomcat.util.threads.ThreadPoolExecutor.runWorker(ThreadPoolExecutor.java:946)
	at org.apache.tomcat.util.threads.ThreadPoolExecutor$Worker.run(ThreadPoolExecutor.java:480)
	at org.apache.tomcat.util.threads.TaskThread$WrappingRunnable.run(TaskThread.java:57)
	at java.base/java.lang.Thread.run(Thread.java:1583)
Caused by: org.hibernate.exception.ConstraintViolationException: could not execute statement [ERROR: duplicate key value violates unique constraint "ukcufyrn3a4xuwm0ajxfvm8pxt7"
  Detail: Key (user_id, board_id)=(19, 1) already exists.] [insert into public.user_recent_boards (board_id,card_id,last_accessed_at,list_id,user_id) values (?,?,?,?,?)]
	at org.hibernate.exception.internal.SQLStateConversionDelegate.convert(SQLStateConversionDelegate.java:73)
	at org.hibernate.exception.internal.StandardSQLExceptionConverter.convert(StandardSQLExceptionConverter.java:34)
	at org.hibernate.engine.jdbc.spi.SqlExceptionHelper.convert(SqlExceptionHelper.java:115)
	at org.hibernate.engine.jdbc.internal.ResultSetReturnImpl.executeUpdate(ResultSetReturnImpl.java:184)
	at org.hibernate.id.insert.GetGeneratedKeysDelegate.performMutation(GetGeneratedKeysDelegate.java:103)
	at org.hibernate.engine.jdbc.mutation.internal.MutationExecutorSingleNonBatched.performNonBatchedOperations(MutationExecutorSingleNonBatched.java:45)
	at org.hibernate.engine.jdbc.mutation.internal.AbstractMutationExecutor.execute(AbstractMutationExecutor.java:66)
	at org.hibernate.engine.jdbc.mutation.internal.AbstractMutationExecutor.execute(AbstractMutationExecutor.java:55)
	at org.hibernate.persister.entity.mutation.InsertCoordinatorStandard.doStaticInserts(InsertCoordinatorStandard.java:180)
	at org.hibernate.persister.entity.mutation.InsertCoordinatorStandard.coordinateInsert(InsertCoordinatorStandard.java:120)
	at org.hibernate.persister.entity.mutation.InsertCoordinatorStandard.insert(InsertCoordinatorStandard.java:84)
	at org.hibernate.action.internal.EntityIdentityInsertAction.execute(EntityIdentityInsertAction.java:85)
	at org.hibernate.engine.spi.ActionQueue.execute(ActionQueue.java:667)
	at org.hibernate.engine.spi.ActionQueue.addResolvedEntityInsertAction(ActionQueue.java:291)
	at org.hibernate.engine.spi.ActionQueue.addInsertAction(ActionQueue.java:270)
	at org.hibernate.engine.spi.ActionQueue.addAction(ActionQueue.java:322)
	at org.hibernate.event.internal.AbstractSaveEventListener.addInsertAction(AbstractSaveEventListener.java:371)
	at org.hibernate.event.internal.AbstractSaveEventListener.performSaveOrReplicate(AbstractSaveEventListener.java:285)
	at org.hibernate.event.internal.AbstractSaveEventListener.performSave(AbstractSaveEventListener.java:215)
	at org.hibernate.event.internal.AbstractSaveEventListener.saveWithGeneratedId(AbstractSaveEventListener.java:133)
	at org.hibernate.event.internal.DefaultPersistEventListener.entityIsTransient(DefaultPersistEventListener.java:145)
	at org.hibernate.event.internal.DefaultPersistEventListener.persist(DefaultPersistEventListener.java:89)
	at org.hibernate.event.internal.DefaultPersistEventListener.onPersist(DefaultPersistEventListener.java:73)
	at org.hibernate.event.internal.DefaultPersistEventListener.onPersist(DefaultPersistEventListener.java:49)
	at org.hibernate.event.service.internal.EventListenerGroupImpl.fireEventOnEachListener(EventListenerGroupImpl.java:138)
	at org.hibernate.internal.SessionImpl.firePersist(SessionImpl.java:689)
	at org.hibernate.internal.SessionImpl.persist(SessionImpl.java:672)
	at java.base/jdk.internal.reflect.DirectMethodHandleAccessor.invoke(DirectMethodHandleAccessor.java:103)
	at java.base/java.lang.reflect.Method.invoke(Method.java:580)
	at org.springframework.orm.jpa.ExtendedEntityManagerCreator$ExtendedEntityManagerInvocationHandler.invoke(ExtendedEntityManagerCreator.java:362)
	at jdk.proxy2/jdk.proxy2.$Proxy163.persist(Unknown Source)
	at java.base/jdk.internal.reflect.DirectMethodHandleAccessor.invoke(DirectMethodHandleAccessor.java:103)
	at java.base/java.lang.reflect.Method.invoke(Method.java:580)
	at org.springframework.orm.jpa.SharedEntityManagerCreator$SharedEntityManagerInvocationHandler.invoke(SharedEntityManagerCreator.java:317)
	at jdk.proxy2/jdk.proxy2.$Proxy163.persist(Unknown Source)
	at org.springframework.data.jpa.repository.support.SimpleJpaRepository.save(SimpleJpaRepository.java:664)
	at java.base/jdk.internal.reflect.DirectMethodHandleAccessor.invoke(DirectMethodHandleAccessor.java:103)
	at java.base/java.lang.reflect.Method.invoke(Method.java:580)
	at org.springframework.aop.support.AopUtils.invokeJoinpointUsingReflection(AopUtils.java:359)
	at org.springframework.data.repository.core.support.RepositoryMethodInvoker$RepositoryFragmentMethodInvoker.lambda$new$0(RepositoryMethodInvoker.java:278)
	at org.springframework.data.repository.core.support.RepositoryMethodInvoker.doInvoke(RepositoryMethodInvoker.java:169)
	at org.springframework.data.repository.core.support.RepositoryMethodInvoker.invoke(RepositoryMethodInvoker.java:158)
	at org.springframework.data.repository.core.support.RepositoryComposition$RepositoryFragments.invoke(RepositoryComposition.java:545)
	at org.springframework.data.repository.core.support.RepositoryComposition.invoke(RepositoryComposition.java:290)
	at org.springframework.data.repository.core.support.RepositoryFactorySupport$ImplementationMethodExecutionInterceptor.invoke(RepositoryFactorySupport.java:690)
	at org.springframework.aop.framework.ReflectiveMethodInvocation.proceed(ReflectiveMethodInvocation.java:179)
	at org.springframework.data.repository.core.support.QueryExecutorMethodInterceptor.doInvoke(QueryExecutorMethodInterceptor.java:171)
	at org.springframework.data.repository.core.support.QueryExecutorMethodInterceptor.invoke(QueryExecutorMethodInterceptor.java:146)
	at org.springframework.aop.framework.ReflectiveMethodInvocation.proceed(ReflectiveMethodInvocation.java:179)
	at org.springframework.data.projection.DefaultMethodInvokingMethodInterceptor.invoke(DefaultMethodInvokingMethodInterceptor.java:69)
	at org.springframework.aop.framework.ReflectiveMethodInvocation.proceed(ReflectiveMethodInvocation.java:179)
	at org.springframework.transaction.interceptor.TransactionInterceptor$1.proceedWithInvocation(TransactionInterceptor.java:133)
	at org.springframework.transaction.interceptor.TransactionAspectSupport.invokeWithinTransaction(TransactionAspectSupport.java:371)
	at org.springframework.transaction.interceptor.TransactionInterceptor.invoke(TransactionInterceptor.java:130)
	at org.springframework.aop.framework.ReflectiveMethodInvocation.proceed(ReflectiveMethodInvocation.java:179)
	at org.springframework.dao.support.PersistenceExceptionTranslationInterceptor.invoke(PersistenceExceptionTranslationInterceptor.java:135)
	... 123 common frames omitted
Caused by: org.postgresql.util.PSQLException: ERROR: duplicate key value violates unique constraint "ukcufyrn3a4xuwm0ajxfvm8pxt7"
  Detail: Key (user_id, board_id)=(19, 1) already exists.
	at org.postgresql.core.v3.QueryExecutorImpl.receiveErrorResponse(QueryExecutorImpl.java:2846)
	at org.postgresql.core.v3.QueryExecutorImpl.processResults(QueryExecutorImpl.java:2531)
	at org.postgresql.core.v3.QueryExecutorImpl.execute(QueryExecutorImpl.java:429)
	at org.postgresql.jdbc.PgStatement.executeInternal(PgStatement.java:526)
	at org.postgresql.jdbc.PgStatement.execute(PgStatement.java:436)
	at org.postgresql.jdbc.PgPreparedStatement.executeWithFlags(PgPreparedStatement.java:196)
	at org.postgresql.jdbc.PgPreparedStatement.executeUpdate(PgPreparedStatement.java:157)
	at com.zaxxer.hikari.pool.ProxyPreparedStatement.executeUpdate(ProxyPreparedStatement.java:61)
	at com.zaxxer.hikari.pool.HikariProxyPreparedStatement.executeUpdate(HikariProxyPreparedStatement.java)
	at org.hibernate.engine.jdbc.internal.ResultSetReturnImpl.executeUpdate(ResultSetReturnImpl.java:181)
	... 175 common frames omitted
2026-08-12 12:19:36 INFO  c.e.c.Tool.security.RateLimitFilter - Request from IP: 10.235.148.185 | URI: /workspace/my-workspaces | Tokens remaining: 47
2026-08-12 12:19:36 INFO  c.e.c.Tool.security.RateLimitFilter - Request from IP: 10.235.148.185 | URI: /user/recent-boards | Tokens remaining: 47
2026-08-12 12:19:36 INFO  c.e.c.Tool.security.RateLimitFilter - Request from IP: 10.235.148.185 | URI: /user/scratchpad | Tokens remaining: 47
2026-08-12 12:19:37 INFO  c.e.c.Tool.security.RateLimitFilter - Request from IP: 10.235.148.185 | URI: /boards/workspace/4 | Tokens remaining: 44
2026-08-12 12:19:37 INFO  c.e.c.Tool.security.RateLimitFilter - Request from IP: 10.235.148.185 | URI: /boards/1/lists | Tokens remaining: 44
2026-08-12 12:19:38 INFO  c.e.c.Tool.security.RateLimitFilter - Request from IP: 10.235.148.185 | URI: /cards/lists/2/cards | Tokens remaining: 43
2026-08-12 12:19:38 INFO  c.e.c.Tool.security.RateLimitFilter - Request from IP: 10.235.148.185 | URI: /cards/lists/9/cards | Tokens remaining: 42
2026-08-12 12:19:38 INFO  c.e.c.Tool.security.RateLimitFilter - Request from IP: 10.235.148.185 | URI: /cards/lists/3/cards | Tokens remaining: 41
2026-08-12 12:19:38 INFO  c.e.c.Tool.security.RateLimitFilter - Request from IP: 10.235.148.185 | URI: /cards/lists/1/cards | Tokens remaining: 43
2026-08-12 12:19:45 INFO  c.e.c.Tool.security.RateLimitFilter - Request from IP: 10.235.148.185 | URI: /user/scratchpad | Tokens remaining: 45
2026-08-12 12:19:45 INFO  c.e.c.Tool.security.RateLimitFilter - Request from IP: 10.235.148.185 | URI: /workspace/my-workspaces | Tokens remaining: 45
2026-08-12 12:19:45 INFO  c.e.c.Tool.security.RateLimitFilter - Request from IP: 10.235.148.185 | URI: /user/recent-boards | Tokens remaining: 43
2026-08-12 12:19:46 INFO  c.e.c.Tool.security.RateLimitFilter - Request from IP: 10.235.148.185 | URI: /boards/workspace/4 | Tokens remaining: 43
2026-08-12 12:19:46 INFO  c.e.c.Tool.security.RateLimitFilter - Request from IP: 10.235.148.185 | URI: /boards/1/lists | Tokens remaining: 42
2026-08-12 12:19:47 INFO  c.e.c.Tool.security.RateLimitFilter - Request from IP: 10.235.148.185 | URI: /cards/lists/1/cards | Tokens remaining: 42
2026-08-12 12:19:47 INFO  c.e.c.Tool.security.RateLimitFilter - Request from IP: 10.235.148.185 | URI: /cards/lists/9/cards | Tokens remaining: 41
2026-08-12 12:19:47 INFO  c.e.c.Tool.security.RateLimitFilter - Request from IP: 10.235.148.185 | URI: /cards/lists/2/cards | Tokens remaining: 40
2026-08-12 12:19:47 INFO  c.e.c.Tool.security.RateLimitFilter - Request from IP: 10.235.148.185 | URI: /cards/lists/3/cards | Tokens remaining: 39
2026-08-12 12:19:50 INFO  c.e.c.Tool.security.RateLimitFilter - Request from IP: 10.235.148.185 | URI: /boards/workspace/4 | Tokens remaining: 41
2026-08-12 12:19:51 INFO  c.e.c.Tool.security.RateLimitFilter - Request from IP: 10.235.148.185 | URI: /boards/1/lists | Tokens remaining: 40
2026-08-12 12:19:51 INFO  c.e.c.Tool.security.RateLimitFilter - Request from IP: 10.235.148.185 | URI: /board/1/members | Tokens remaining: 39
2026-08-12 12:19:51 INFO  c.e.c.Tool.security.RateLimitFilter - Request from IP: 10.235.148.185 | URI: /cards/lists/2/cards | Tokens remaining: 38
2026-08-12 12:19:51 INFO  c.e.c.Tool.security.RateLimitFilter - Request from IP: 10.235.148.185 | URI: /cards/lists/1/cards | Tokens remaining: 38
2026-08-12 12:19:51 INFO  c.e.c.Tool.security.RateLimitFilter - Request from IP: 10.235.148.185 | URI: /cards/lists/3/cards | Tokens remaining: 36
2026-08-12 12:19:51 INFO  c.e.c.Tool.security.RateLimitFilter - Request from IP: 10.235.148.185 | URI: /cards/lists/9/cards | Tokens remaining: 35
2026-08-12 12:19:55 INFO  c.e.c.Tool.security.RateLimitFilter - Request from IP: 10.235.148.185 | URI: /cards/8/move | Tokens remaining: 38
2026-08-12 12:19:55 WARN  org.hibernate.orm.jdbc.error - HHH000247: ErrorCode: 0, SQLState: 23505
2026-08-12 12:19:55 WARN  org.hibernate.orm.jdbc.error - ERROR: duplicate key value violates unique constraint "ukcufyrn3a4xuwm0ajxfvm8pxt7"
  Detail: Key (user_id, board_id)=(19, 1) already exists.
2026-08-12 12:19:55 ERROR c.e.c.T.e.CollaborationExceptionHandler - Unexpected error occurred: could not execute statement [ERROR: duplicate key value violates unique constraint "ukcufyrn3a4xuwm0ajxfvm8pxt7"
  Detail: Key (user_id, board_id)=(19, 1) already exists.] [insert into public.user_recent_boards (board_id,card_id,last_accessed_at,list_id,user_id) values (?,?,?,?,?)]; SQL [insert into public.user_recent_boards (board_id,card_id,last_accessed_at,list_id,user_id) values (?,?,?,?,?)]; constraint [ukcufyrn3a4xuwm0ajxfvm8pxt7]
org.springframework.dao.DataIntegrityViolationException: could not execute statement [ERROR: duplicate key value violates unique constraint "ukcufyrn3a4xuwm0ajxfvm8pxt7"
  Detail: Key (user_id, board_id)=(19, 1) already exists.] [insert into public.user_recent_boards (board_id,card_id,last_accessed_at,list_id,user_id) values (?,?,?,?,?)]; SQL [insert into public.user_recent_boards (board_id,card_id,last_accessed_at,list_id,user_id) values (?,?,?,?,?)]; constraint [ukcufyrn3a4xuwm0ajxfvm8pxt7]
	at org.springframework.orm.jpa.hibernate.HibernateExceptionTranslator.convertHibernateAccessException(HibernateExceptionTranslator.java:169)
	at org.springframework.orm.jpa.hibernate.HibernateExceptionTranslator.convertHibernateAccessException(HibernateExceptionTranslator.java:131)
	at org.springframework.orm.jpa.hibernate.HibernateExceptionTranslator.translateExceptionIfPossible(HibernateExceptionTranslator.java:105)
	at org.springframework.orm.jpa.vendor.HibernateJpaDialect.translateExceptionIfPossible(HibernateJpaDialect.java:199)
	at org.springframework.orm.jpa.AbstractEntityManagerFactoryBean.translateExceptionIfPossible(AbstractEntityManagerFactoryBean.java:556)
	at org.springframework.dao.support.ChainedPersistenceExceptionTranslator.translateExceptionIfPossible(ChainedPersistenceExceptionTranslator.java:61)
	at org.springframework.dao.support.DataAccessUtils.translateIfNecessary(DataAccessUtils.java:346)
	at org.springframework.dao.support.PersistenceExceptionTranslationInterceptor.invoke(PersistenceExceptionTranslationInterceptor.java:157)
	at org.springframework.aop.framework.ReflectiveMethodInvocation.proceed(ReflectiveMethodInvocation.java:179)
	at org.springframework.data.jpa.repository.support.CrudMethodMetadataPostProcessor$CrudMethodMetadataPopulatingMethodInterceptor.invoke(CrudMethodMetadataPostProcessor.java:166)
	at org.springframework.aop.framework.ReflectiveMethodInvocation.proceed(ReflectiveMethodInvocation.java:179)
	at org.springframework.aop.framework.JdkDynamicAopProxy.invoke(JdkDynamicAopProxy.java:222)
	at jdk.proxy2/jdk.proxy2.$Proxy190.save(Unknown Source)
	at com.eclectics.collaboration.Tool.service.Impl.CardServiceImpl.trackActivity(CardServiceImpl.java:281)
	at com.eclectics.collaboration.Tool.service.Impl.CardServiceImpl.moveCard(CardServiceImpl.java:187)
	at java.base/jdk.internal.reflect.DirectMethodHandleAccessor.invoke(DirectMethodHandleAccessor.java:103)
	at java.base/java.lang.reflect.Method.invoke(Method.java:580)
	at org.springframework.aop.support.AopUtils.invokeJoinpointUsingReflection(AopUtils.java:359)
	at org.springframework.aop.framework.ReflectiveMethodInvocation.invokeJoinpoint(ReflectiveMethodInvocation.java:190)
	at org.springframework.aop.framework.ReflectiveMethodInvocation.proceed(ReflectiveMethodInvocation.java:158)
	at org.springframework.transaction.interceptor.TransactionInterceptor$1.proceedWithInvocation(TransactionInterceptor.java:133)
	at org.springframework.transaction.interceptor.TransactionAspectSupport.invokeWithinTransaction(TransactionAspectSupport.java:371)
	at org.springframework.transaction.interceptor.TransactionInterceptor.invoke(TransactionInterceptor.java:130)
	at org.springframework.aop.framework.ReflectiveMethodInvocation.proceed(ReflectiveMethodInvocation.java:179)
	at org.springframework.aop.framework.CglibAopProxy$DynamicAdvisedInterceptor.intercept(CglibAopProxy.java:719)
	at com.eclectics.collaboration.Tool.service.Impl.CardServiceImpl$$SpringCGLIB$$0.moveCard(<generated>)
	at com.eclectics.collaboration.Tool.controller.CardController.moveCard(CardController.java:84)
	at java.base/jdk.internal.reflect.DirectMethodHandleAccessor.invoke(DirectMethodHandleAccessor.java:103)
	at java.base/java.lang.reflect.Method.invoke(Method.java:580)
	at org.springframework.web.method.support.InvocableHandlerMethod.doInvoke(InvocableHandlerMethod.java:258)
	at org.springframework.web.method.support.InvocableHandlerMethod.invokeForRequest(InvocableHandlerMethod.java:190)
	at org.springframework.web.servlet.mvc.method.annotation.ServletInvocableHandlerMethod.invokeAndHandle(ServletInvocableHandlerMethod.java:117)
	at org.springframework.web.servlet.mvc.method.annotation.RequestMappingHandlerAdapter.invokeHandlerMethod(RequestMappingHandlerAdapter.java:934)
	at org.springframework.web.servlet.mvc.method.annotation.RequestMappingHandlerAdapter.handleInternal(RequestMappingHandlerAdapter.java:853)
	at org.springframework.web.servlet.mvc.method.AbstractHandlerMethodAdapter.handle(AbstractHandlerMethodAdapter.java:86)
	at org.springframework.web.servlet.DispatcherServlet.doDispatch(DispatcherServlet.java:963)
	at org.springframework.web.servlet.DispatcherServlet.doService(DispatcherServlet.java:866)
	at org.springframework.web.servlet.FrameworkServlet.processRequest(FrameworkServlet.java:1003)
	at org.springframework.web.servlet.FrameworkServlet.doPut(FrameworkServlet.java:914)
	at jakarta.servlet.http.HttpServlet.service(HttpServlet.java:650)
	at org.springframework.web.servlet.FrameworkServlet.service(FrameworkServlet.java:874)
	at jakarta.servlet.http.HttpServlet.service(HttpServlet.java:710)
	at org.apache.catalina.core.ApplicationFilterChain.doFilter(ApplicationFilterChain.java:128)
	at org.apache.tomcat.websocket.server.WsFilter.doFilter(WsFilter.java:53)
	at org.apache.catalina.core.ApplicationFilterChain.doFilter(ApplicationFilterChain.java:107)
	at org.springframework.web.filter.OncePerRequestFilter.doFilter(OncePerRequestFilter.java:110)
	at org.apache.catalina.core.ApplicationFilterChain.doFilter(ApplicationFilterChain.java:107)
	at org.springframework.web.filter.OncePerRequestFilter.doFilter(OncePerRequestFilter.java:110)
	at org.apache.catalina.core.ApplicationFilterChain.doFilter(ApplicationFilterChain.java:107)
	at org.springframework.web.filter.CompositeFilter$VirtualFilterChain.doFilter(CompositeFilter.java:108)
	at org.springframework.security.web.FilterChainProxy.lambda$doFilterInternal$3(FilterChainProxy.java:235)
	at org.springframework.security.web.FilterChainProxy$VirtualFilterChain.doFilter(FilterChainProxy.java:371)
	at org.springframework.security.web.access.intercept.AuthorizationFilter.doFilter(AuthorizationFilter.java:101)
	at org.springframework.security.web.FilterChainProxy$VirtualFilterChain.doFilter(FilterChainProxy.java:380)
	at org.springframework.security.web.access.ExceptionTranslationFilter.doFilter(ExceptionTranslationFilter.java:126)
	at org.springframework.security.web.access.ExceptionTranslationFilter.doFilter(ExceptionTranslationFilter.java:120)
	at org.springframework.security.web.FilterChainProxy$VirtualFilterChain.doFilter(FilterChainProxy.java:380)
	at org.springframework.security.web.session.SessionManagementFilter.doFilter(SessionManagementFilter.java:132)
	at org.springframework.security.web.session.SessionManagementFilter.doFilter(SessionManagementFilter.java:86)
	at org.springframework.security.web.FilterChainProxy$VirtualFilterChain.doFilter(FilterChainProxy.java:380)
	at org.springframework.security.web.authentication.AnonymousAuthenticationFilter.doFilter(AnonymousAuthenticationFilter.java:100)
	at org.springframework.security.web.FilterChainProxy$VirtualFilterChain.doFilter(FilterChainProxy.java:380)
	at org.springframework.security.web.servletapi.SecurityContextHolderAwareRequestFilter.doFilter(SecurityContextHolderAwareRequestFilter.java:181)
	at org.springframework.security.web.FilterChainProxy$VirtualFilterChain.doFilter(FilterChainProxy.java:380)
	at org.springframework.security.web.savedrequest.RequestCacheAwareFilter.doFilter(RequestCacheAwareFilter.java:63)
	at org.springframework.security.web.FilterChainProxy$VirtualFilterChain.doFilter(FilterChainProxy.java:380)
	at com.eclectics.collaboration.Tool.security.JwtFilter.doFilterInternal(JwtFilter.java:85)
	at org.springframework.web.filter.OncePerRequestFilter.doFilter(OncePerRequestFilter.java:116)
	at org.springframework.security.web.FilterChainProxy$VirtualFilterChain.doFilter(FilterChainProxy.java:380)
	at com.eclectics.collaboration.Tool.security.RateLimitFilter.doFilterInternal(RateLimitFilter.java:50)
	at org.springframework.web.filter.OncePerRequestFilter.doFilter(OncePerRequestFilter.java:116)
	at org.springframework.security.web.FilterChainProxy$VirtualFilterChain.doFilter(FilterChainProxy.java:380)
	at org.springframework.security.web.authentication.logout.LogoutFilter.doFilter(LogoutFilter.java:110)
	at org.springframework.security.web.authentication.logout.LogoutFilter.doFilter(LogoutFilter.java:96)
	at org.springframework.security.web.FilterChainProxy$VirtualFilterChain.doFilter(FilterChainProxy.java:380)
	at org.springframework.web.filter.CorsFilter.doFilterInternal(CorsFilter.java:91)
	at org.springframework.web.filter.OncePerRequestFilter.doFilter(OncePerRequestFilter.java:116)
	at org.springframework.security.web.FilterChainProxy$VirtualFilterChain.doFilter(FilterChainProxy.java:380)
	at org.springframework.security.web.header.HeaderWriterFilter.doHeadersAfter(HeaderWriterFilter.java:90)
	at org.springframework.security.web.header.HeaderWriterFilter.doFilterInternal(HeaderWriterFilter.java:75)
	at org.springframework.web.filter.OncePerRequestFilter.doFilter(OncePerRequestFilter.java:116)
	at org.springframework.security.web.FilterChainProxy$VirtualFilterChain.doFilter(FilterChainProxy.java:380)
	at org.springframework.security.web.context.SecurityContextHolderFilter.doFilter(SecurityContextHolderFilter.java:82)
	at org.springframework.security.web.context.SecurityContextHolderFilter.doFilter(SecurityContextHolderFilter.java:69)
	at org.springframework.security.web.FilterChainProxy$VirtualFilterChain.doFilter(FilterChainProxy.java:380)
	at org.springframework.security.web.context.request.async.WebAsyncManagerIntegrationFilter.doFilterInternal(WebAsyncManagerIntegrationFilter.java:62)
	at org.springframework.web.filter.OncePerRequestFilter.doFilter(OncePerRequestFilter.java:116)
	at org.springframework.security.web.FilterChainProxy$VirtualFilterChain.doFilter(FilterChainProxy.java:380)
	at org.springframework.security.web.session.DisableEncodeUrlFilter.doFilterInternal(DisableEncodeUrlFilter.java:42)
	at org.springframework.web.filter.OncePerRequestFilter.doFilter(OncePerRequestFilter.java:116)
	at org.springframework.security.web.FilterChainProxy$VirtualFilterChain.doFilter(FilterChainProxy.java:380)
	at org.springframework.security.web.FilterChainProxy.doFilterInternal(FilterChainProxy.java:237)
	at org.springframework.security.web.FilterChainProxy.doFilter(FilterChainProxy.java:195)
	at org.springframework.web.filter.CompositeFilter$VirtualFilterChain.doFilter(CompositeFilter.java:113)
	at org.springframework.web.filter.ServletRequestPathFilter.doFilter(ServletRequestPathFilter.java:52)
	at org.springframework.web.filter.CompositeFilter$VirtualFilterChain.doFilter(CompositeFilter.java:113)
	at org.springframework.web.filter.CompositeFilter.doFilter(CompositeFilter.java:74)
	at org.springframework.security.config.annotation.web.configuration.WebSecurityConfiguration$CompositeFilterChainProxy.doFilter(WebSecurityConfiguration.java:317)
	at org.springframework.web.filter.DelegatingFilterProxy.invokeDelegate(DelegatingFilterProxy.java:355)
	at org.springframework.web.filter.DelegatingFilterProxy.doFilter(DelegatingFilterProxy.java:272)
	at org.apache.catalina.core.ApplicationFilterChain.doFilter(ApplicationFilterChain.java:107)
	at org.springframework.web.filter.RequestContextFilter.doFilterInternal(RequestContextFilter.java:100)
	at org.springframework.web.filter.OncePerRequestFilter.doFilter(OncePerRequestFilter.java:116)
	at org.apache.catalina.core.ApplicationFilterChain.doFilter(ApplicationFilterChain.java:107)
	at org.springframework.web.filter.FormContentFilter.doFilterInternal(FormContentFilter.java:93)
	at org.springframework.web.filter.OncePerRequestFilter.doFilter(OncePerRequestFilter.java:116)
	at org.apache.catalina.core.ApplicationFilterChain.doFilter(ApplicationFilterChain.java:107)
	at org.springframework.session.web.http.SessionRepositoryFilter.doFilterInternal(SessionRepositoryFilter.java:142)
	at org.springframework.session.web.http.OncePerRequestFilter.doFilter(OncePerRequestFilter.java:82)
	at org.springframework.web.filter.DelegatingFilterProxy.invokeDelegate(DelegatingFilterProxy.java:355)
	at org.springframework.web.filter.DelegatingFilterProxy.doFilter(DelegatingFilterProxy.java:272)
	at org.apache.catalina.core.ApplicationFilterChain.doFilter(ApplicationFilterChain.java:107)
	at org.springframework.web.filter.CharacterEncodingFilter.doFilterInternal(CharacterEncodingFilter.java:199)
	at org.springframework.web.filter.OncePerRequestFilter.doFilter(OncePerRequestFilter.java:116)
	at org.apache.catalina.core.ApplicationFilterChain.doFilter(ApplicationFilterChain.java:107)
	at org.apache.catalina.core.StandardWrapperValve.invoke(StandardWrapperValve.java:165)
	at org.apache.catalina.core.StandardContextValve.invoke(StandardContextValve.java:77)
	at org.apache.catalina.authenticator.AuthenticatorBase.invoke(AuthenticatorBase.java:482)
	at org.apache.catalina.core.StandardHostValve.invoke(StandardHostValve.java:113)
	at org.apache.catalina.valves.ErrorReportValve.invoke(ErrorReportValve.java:83)
	at org.apache.catalina.core.StandardEngineValve.invoke(StandardEngineValve.java:72)
	at org.apache.catalina.connector.CoyoteAdapter.service(CoyoteAdapter.java:341)
	at org.apache.coyote.http11.Http11Processor.service(Http11Processor.java:397)
	at org.apache.coyote.AbstractProcessorLight.process(AbstractProcessorLight.java:63)
	at org.apache.coyote.AbstractProtocol$ConnectionHandler.process(AbstractProtocol.java:903)
	at org.apache.tomcat.util.net.NioEndpoint$SocketProcessor.doRun(NioEndpoint.java:1778)
	at org.apache.tomcat.util.net.SocketProcessorBase.run(SocketProcessorBase.java:52)
	at org.apache.tomcat.util.threads.ThreadPoolExecutor.runWorker(ThreadPoolExecutor.java:946)
	at org.apache.tomcat.util.threads.ThreadPoolExecutor$Worker.run(ThreadPoolExecutor.java:480)
	at org.apache.tomcat.util.threads.TaskThread$WrappingRunnable.run(TaskThread.java:57)
	at java.base/java.lang.Thread.run(Thread.java:1583)
Caused by: org.hibernate.exception.ConstraintViolationException: could not execute statement [ERROR: duplicate key value violates unique constraint "ukcufyrn3a4xuwm0ajxfvm8pxt7"
  Detail: Key (user_id, board_id)=(19, 1) already exists.] [insert into public.user_recent_boards (board_id,card_id,last_accessed_at,list_id,user_id) values (?,?,?,?,?)]
	at org.hibernate.exception.internal.SQLStateConversionDelegate.convert(SQLStateConversionDelegate.java:73)
	at org.hibernate.exception.internal.StandardSQLExceptionConverter.convert(StandardSQLExceptionConverter.java:34)
	at org.hibernate.engine.jdbc.spi.SqlExceptionHelper.convert(SqlExceptionHelper.java:115)
	at org.hibernate.engine.jdbc.internal.ResultSetReturnImpl.executeUpdate(ResultSetReturnImpl.java:184)
	at org.hibernate.id.insert.GetGeneratedKeysDelegate.performMutation(GetGeneratedKeysDelegate.java:103)
	at org.hibernate.engine.jdbc.mutation.internal.MutationExecutorSingleNonBatched.performNonBatchedOperations(MutationExecutorSingleNonBatched.java:45)
	at org.hibernate.engine.jdbc.mutation.internal.AbstractMutationExecutor.execute(AbstractMutationExecutor.java:66)
	at org.hibernate.engine.jdbc.mutation.internal.AbstractMutationExecutor.execute(AbstractMutationExecutor.java:55)
	at org.hibernate.persister.entity.mutation.InsertCoordinatorStandard.doStaticInserts(InsertCoordinatorStandard.java:180)
	at org.hibernate.persister.entity.mutation.InsertCoordinatorStandard.coordinateInsert(InsertCoordinatorStandard.java:120)
	at org.hibernate.persister.entity.mutation.InsertCoordinatorStandard.insert(InsertCoordinatorStandard.java:84)
	at org.hibernate.action.internal.EntityIdentityInsertAction.execute(EntityIdentityInsertAction.java:85)
	at org.hibernate.engine.spi.ActionQueue.execute(ActionQueue.java:667)
	at org.hibernate.engine.spi.ActionQueue.addResolvedEntityInsertAction(ActionQueue.java:291)
	at org.hibernate.engine.spi.ActionQueue.addInsertAction(ActionQueue.java:270)
	at org.hibernate.engine.spi.ActionQueue.addAction(ActionQueue.java:322)
	at org.hibernate.event.internal.AbstractSaveEventListener.addInsertAction(AbstractSaveEventListener.java:371)
	at org.hibernate.event.internal.AbstractSaveEventListener.performSaveOrReplicate(AbstractSaveEventListener.java:285)
	at org.hibernate.event.internal.AbstractSaveEventListener.performSave(AbstractSaveEventListener.java:215)
	at org.hibernate.event.internal.AbstractSaveEventListener.saveWithGeneratedId(AbstractSaveEventListener.java:133)
	at org.hibernate.event.internal.DefaultPersistEventListener.entityIsTransient(DefaultPersistEventListener.java:145)
	at org.hibernate.event.internal.DefaultPersistEventListener.persist(DefaultPersistEventListener.java:89)
	at org.hibernate.event.internal.DefaultPersistEventListener.onPersist(DefaultPersistEventListener.java:73)
	at org.hibernate.event.internal.DefaultPersistEventListener.onPersist(DefaultPersistEventListener.java:49)
	at org.hibernate.event.service.internal.EventListenerGroupImpl.fireEventOnEachListener(EventListenerGroupImpl.java:138)
	at org.hibernate.internal.SessionImpl.firePersist(SessionImpl.java:689)
	at org.hibernate.internal.SessionImpl.persist(SessionImpl.java:672)
	at java.base/jdk.internal.reflect.DirectMethodHandleAccessor.invoke(DirectMethodHandleAccessor.java:103)
	at java.base/java.lang.reflect.Method.invoke(Method.java:580)
	at org.springframework.orm.jpa.ExtendedEntityManagerCreator$ExtendedEntityManagerInvocationHandler.invoke(ExtendedEntityManagerCreator.java:362)
	at jdk.proxy2/jdk.proxy2.$Proxy163.persist(Unknown Source)
	at java.base/jdk.internal.reflect.DirectMethodHandleAccessor.invoke(DirectMethodHandleAccessor.java:103)
	at java.base/java.lang.reflect.Method.invoke(Method.java:580)
	at org.springframework.orm.jpa.SharedEntityManagerCreator$SharedEntityManagerInvocationHandler.invoke(SharedEntityManagerCreator.java:317)
	at jdk.proxy2/jdk.proxy2.$Proxy163.persist(Unknown Source)
	at org.springframework.data.jpa.repository.support.SimpleJpaRepository.save(SimpleJpaRepository.java:664)
	at java.base/jdk.internal.reflect.DirectMethodHandleAccessor.invoke(DirectMethodHandleAccessor.java:103)
	at java.base/java.lang.reflect.Method.invoke(Method.java:580)
	at org.springframework.aop.support.AopUtils.invokeJoinpointUsingReflection(AopUtils.java:359)
	at org.springframework.data.repository.core.support.RepositoryMethodInvoker$RepositoryFragmentMethodInvoker.lambda$new$0(RepositoryMethodInvoker.java:278)
	at org.springframework.data.repository.core.support.RepositoryMethodInvoker.doInvoke(RepositoryMethodInvoker.java:169)
	at org.springframework.data.repository.core.support.RepositoryMethodInvoker.invoke(RepositoryMethodInvoker.java:158)
	at org.springframework.data.repository.core.support.RepositoryComposition$RepositoryFragments.invoke(RepositoryComposition.java:545)
	at org.springframework.data.repository.core.support.RepositoryComposition.invoke(RepositoryComposition.java:290)
	at org.springframework.data.repository.core.support.RepositoryFactorySupport$ImplementationMethodExecutionInterceptor.invoke(RepositoryFactorySupport.java:690)
	at org.springframework.aop.framework.ReflectiveMethodInvocation.proceed(ReflectiveMethodInvocation.java:179)
	at org.springframework.data.repository.core.support.QueryExecutorMethodInterceptor.doInvoke(QueryExecutorMethodInterceptor.java:171)
	at org.springframework.data.repository.core.support.QueryExecutorMethodInterceptor.invoke(QueryExecutorMethodInterceptor.java:146)
	at org.springframework.aop.framework.ReflectiveMethodInvocation.proceed(ReflectiveMethodInvocation.java:179)
	at org.springframework.data.projection.DefaultMethodInvokingMethodInterceptor.invoke(DefaultMethodInvokingMethodInterceptor.java:69)
	at org.springframework.aop.framework.ReflectiveMethodInvocation.proceed(ReflectiveMethodInvocation.java:179)
	at org.springframework.transaction.interceptor.TransactionInterceptor$1.proceedWithInvocation(TransactionInterceptor.java:133)
	at org.springframework.transaction.interceptor.TransactionAspectSupport.invokeWithinTransaction(TransactionAspectSupport.java:371)
	at org.springframework.transaction.interceptor.TransactionInterceptor.invoke(TransactionInterceptor.java:130)
	at org.springframework.aop.framework.ReflectiveMethodInvocation.proceed(ReflectiveMethodInvocation.java:179)
	at org.springframework.dao.support.PersistenceExceptionTranslationInterceptor.invoke(PersistenceExceptionTranslationInterceptor.java:135)
	... 123 common frames omitted
Caused by: org.postgresql.util.PSQLException: ERROR: duplicate key value violates unique constraint "ukcufyrn3a4xuwm0ajxfvm8pxt7"
  Detail: Key (user_id, board_id)=(19, 1) already exists.
	at org.postgresql.core.v3.QueryExecutorImpl.receiveErrorResponse(QueryExecutorImpl.java:2846)
	at org.postgresql.core.v3.QueryExecutorImpl.processResults(QueryExecutorImpl.java:2531)
	at org.postgresql.core.v3.QueryExecutorImpl.execute(QueryExecutorImpl.java:429)
	at org.postgresql.jdbc.PgStatement.executeInternal(PgStatement.java:526)
	at org.postgresql.jdbc.PgStatement.execute(PgStatement.java:436)
	at org.postgresql.jdbc.PgPreparedStatement.executeWithFlags(PgPreparedStatement.java:196)
	at org.postgresql.jdbc.PgPreparedStatement.executeUpdate(PgPreparedStatement.java:157)
	at com.zaxxer.hikari.pool.ProxyPreparedStatement.executeUpdate(ProxyPreparedStatement.java:61)
	at com.zaxxer.hikari.pool.HikariProxyPreparedStatement.executeUpdate(HikariProxyPreparedStatement.java)
	at org.hibernate.engine.jdbc.internal.ResultSetReturnImpl.executeUpdate(ResultSetReturnImpl.java:181)
	... 175 common frames omitted
2026-08-12 12:20:08 INFO  c.e.c.Tool.security.RateLimitFilter - Request from IP: 10.235.148.185 | URI: /cards/4/move | Tokens remaining: 48
2026-08-12 12:20:09 WARN  org.hibernate.orm.jdbc.error - HHH000247: ErrorCode: 0, SQLState: 23505
2026-08-12 12:20:09 WARN  org.hibernate.orm.jdbc.error - ERROR: duplicate key value violates unique constraint "ukcufyrn3a4xuwm0ajxfvm8pxt7"
  Detail: Key (user_id, board_id)=(19, 1) already exists.
2026-08-12 12:20:09 ERROR c.e.c.T.e.CollaborationExceptionHandler - Unexpected error occurred: could not execute statement [ERROR: duplicate key value violates unique constraint "ukcufyrn3a4xuwm0ajxfvm8pxt7"
  Detail: Key (user_id, board_id)=(19, 1) already exists.] [insert into public.user_recent_boards (board_id,card_id,last_accessed_at,list_id,user_id) values (?,?,?,?,?)]; SQL [insert into public.user_recent_boards (board_id,card_id,last_accessed_at,list_id,user_id) values (?,?,?,?,?)]; constraint [ukcufyrn3a4xuwm0ajxfvm8pxt7]
org.springframework.dao.DataIntegrityViolationException: could not execute statement [ERROR: duplicate key value violates unique constraint "ukcufyrn3a4xuwm0ajxfvm8pxt7"
  Detail: Key (user_id, board_id)=(19, 1) already exists.] [insert into public.user_recent_boards (board_id,card_id,last_accessed_at,list_id,user_id) values (?,?,?,?,?)]; SQL [insert into public.user_recent_boards (board_id,card_id,last_accessed_at,list_id,user_id) values (?,?,?,?,?)]; constraint [ukcufyrn3a4xuwm0ajxfvm8pxt7]
	at org.springframework.orm.jpa.hibernate.HibernateExceptionTranslator.convertHibernateAccessException(HibernateExceptionTranslator.java:169)
	at org.springframework.orm.jpa.hibernate.HibernateExceptionTranslator.convertHibernateAccessException(HibernateExceptionTranslator.java:131)
	at org.springframework.orm.jpa.hibernate.HibernateExceptionTranslator.translateExceptionIfPossible(HibernateExceptionTranslator.java:105)
	at org.springframework.orm.jpa.vendor.HibernateJpaDialect.translateExceptionIfPossible(HibernateJpaDialect.java:199)
	at org.springframework.orm.jpa.AbstractEntityManagerFactoryBean.translateExceptionIfPossible(AbstractEntityManagerFactoryBean.java:556)
	at org.springframework.dao.support.ChainedPersistenceExceptionTranslator.translateExceptionIfPossible(ChainedPersistenceExceptionTranslator.java:61)
	at org.springframework.dao.support.DataAccessUtils.translateIfNecessary(DataAccessUtils.java:346)
	at org.springframework.dao.support.PersistenceExceptionTranslationInterceptor.invoke(PersistenceExceptionTranslationInterceptor.java:157)
	at org.springframework.aop.framework.ReflectiveMethodInvocation.proceed(ReflectiveMethodInvocation.java:179)
	at org.springframework.data.jpa.repository.support.CrudMethodMetadataPostProcessor$CrudMethodMetadataPopulatingMethodInterceptor.invoke(CrudMethodMetadataPostProcessor.java:166)
	at org.springframework.aop.framework.ReflectiveMethodInvocation.proceed(ReflectiveMethodInvocation.java:179)
	at org.springframework.aop.framework.JdkDynamicAopProxy.invoke(JdkDynamicAopProxy.java:222)
	at jdk.proxy2/jdk.proxy2.$Proxy190.save(Unknown Source)
	at com.eclectics.collaboration.Tool.service.Impl.CardServiceImpl.trackActivity(CardServiceImpl.java:281)
	at com.eclectics.collaboration.Tool.service.Impl.CardServiceImpl.moveCard(CardServiceImpl.java:187)
	at java.base/jdk.internal.reflect.DirectMethodHandleAccessor.invoke(DirectMethodHandleAccessor.java:103)
	at java.base/java.lang.reflect.Method.invoke(Method.java:580)
	at org.springframework.aop.support.AopUtils.invokeJoinpointUsingReflection(AopUtils.java:359)
	at org.springframework.aop.framework.ReflectiveMethodInvocation.invokeJoinpoint(ReflectiveMethodInvocation.java:190)
	at org.springframework.aop.framework.ReflectiveMethodInvocation.proceed(ReflectiveMethodInvocation.java:158)
	at org.springframework.transaction.interceptor.TransactionInterceptor$1.proceedWithInvocation(TransactionInterceptor.java:133)
	at org.springframework.transaction.interceptor.TransactionAspectSupport.invokeWithinTransaction(TransactionAspectSupport.java:371)
	at org.springframework.transaction.interceptor.TransactionInterceptor.invoke(TransactionInterceptor.java:130)
	at org.springframework.aop.framework.ReflectiveMethodInvocation.proceed(ReflectiveMethodInvocation.java:179)
	at org.springframework.aop.framework.CglibAopProxy$DynamicAdvisedInterceptor.intercept(CglibAopProxy.java:719)
	at com.eclectics.collaboration.Tool.service.Impl.CardServiceImpl$$SpringCGLIB$$0.moveCard(<generated>)
	at com.eclectics.collaboration.Tool.controller.CardController.moveCard(CardController.java:84)
	at java.base/jdk.internal.reflect.DirectMethodHandleAccessor.invoke(DirectMethodHandleAccessor.java:103)
	at java.base/java.lang.reflect.Method.invoke(Method.java:580)
	at org.springframework.web.method.support.InvocableHandlerMethod.doInvoke(InvocableHandlerMethod.java:258)
	at org.springframework.web.method.support.InvocableHandlerMethod.invokeForRequest(InvocableHandlerMethod.java:190)
	at org.springframework.web.servlet.mvc.method.annotation.ServletInvocableHandlerMethod.invokeAndHandle(ServletInvocableHandlerMethod.java:117)
	at org.springframework.web.servlet.mvc.method.annotation.RequestMappingHandlerAdapter.invokeHandlerMethod(RequestMappingHandlerAdapter.java:934)
	at org.springframework.web.servlet.mvc.method.annotation.RequestMappingHandlerAdapter.handleInternal(RequestMappingHandlerAdapter.java:853)
	at org.springframework.web.servlet.mvc.method.AbstractHandlerMethodAdapter.handle(AbstractHandlerMethodAdapter.java:86)
	at org.springframework.web.servlet.DispatcherServlet.doDispatch(DispatcherServlet.java:963)
	at org.springframework.web.servlet.DispatcherServlet.doService(DispatcherServlet.java:866)
	at org.springframework.web.servlet.FrameworkServlet.processRequest(FrameworkServlet.java:1003)
	at org.springframework.web.servlet.FrameworkServlet.doPut(FrameworkServlet.java:914)
	at jakarta.servlet.http.HttpServlet.service(HttpServlet.java:650)
	at org.springframework.web.servlet.FrameworkServlet.service(FrameworkServlet.java:874)
	at jakarta.servlet.http.HttpServlet.service(HttpServlet.java:710)
	at org.apache.catalina.core.ApplicationFilterChain.doFilter(ApplicationFilterChain.java:128)
	at org.apache.tomcat.websocket.server.WsFilter.doFilter(WsFilter.java:53)
	at org.apache.catalina.core.ApplicationFilterChain.doFilter(ApplicationFilterChain.java:107)
	at org.springframework.web.filter.OncePerRequestFilter.doFilter(OncePerRequestFilter.java:110)
	at org.apache.catalina.core.ApplicationFilterChain.doFilter(ApplicationFilterChain.java:107)
	at org.springframework.web.filter.OncePerRequestFilter.doFilter(OncePerRequestFilter.java:110)
	at org.apache.catalina.core.ApplicationFilterChain.doFilter(ApplicationFilterChain.java:107)
	at org.springframework.web.filter.CompositeFilter$VirtualFilterChain.doFilter(CompositeFilter.java:108)
	at org.springframework.security.web.FilterChainProxy.lambda$doFilterInternal$3(FilterChainProxy.java:235)
	at org.springframework.security.web.FilterChainProxy$VirtualFilterChain.doFilter(FilterChainProxy.java:371)
	at org.springframework.security.web.access.intercept.AuthorizationFilter.doFilter(AuthorizationFilter.java:101)
	at org.springframework.security.web.FilterChainProxy$VirtualFilterChain.doFilter(FilterChainProxy.java:380)
	at org.springframework.security.web.access.ExceptionTranslationFilter.doFilter(ExceptionTranslationFilter.java:126)
	at org.springframework.security.web.access.ExceptionTranslationFilter.doFilter(ExceptionTranslationFilter.java:120)
	at org.springframework.security.web.FilterChainProxy$VirtualFilterChain.doFilter(FilterChainProxy.java:380)
	at org.springframework.security.web.session.SessionManagementFilter.doFilter(SessionManagementFilter.java:132)
	at org.springframework.security.web.session.SessionManagementFilter.doFilter(SessionManagementFilter.java:86)
	at org.springframework.security.web.FilterChainProxy$VirtualFilterChain.doFilter(FilterChainProxy.java:380)
	at org.springframework.security.web.authentication.AnonymousAuthenticationFilter.doFilter(AnonymousAuthenticationFilter.java:100)
	at org.springframework.security.web.FilterChainProxy$VirtualFilterChain.doFilter(FilterChainProxy.java:380)
	at org.springframework.security.web.servletapi.SecurityContextHolderAwareRequestFilter.doFilter(SecurityContextHolderAwareRequestFilter.java:181)
	at org.springframework.security.web.FilterChainProxy$VirtualFilterChain.doFilter(FilterChainProxy.java:380)
	at org.springframework.security.web.savedrequest.RequestCacheAwareFilter.doFilter(RequestCacheAwareFilter.java:63)
	at org.springframework.security.web.FilterChainProxy$VirtualFilterChain.doFilter(FilterChainProxy.java:380)
	at com.eclectics.collaboration.Tool.security.JwtFilter.doFilterInternal(JwtFilter.java:85)
	at org.springframework.web.filter.OncePerRequestFilter.doFilter(OncePerRequestFilter.java:116)
	at org.springframework.security.web.FilterChainProxy$VirtualFilterChain.doFilter(FilterChainProxy.java:380)
	at com.eclectics.collaboration.Tool.security.RateLimitFilter.doFilterInternal(RateLimitFilter.java:50)
	at org.springframework.web.filter.OncePerRequestFilter.doFilter(OncePerRequestFilter.java:116)
	at org.springframework.security.web.FilterChainProxy$VirtualFilterChain.doFilter(FilterChainProxy.java:380)
	at org.springframework.security.web.authentication.logout.LogoutFilter.doFilter(LogoutFilter.java:110)
	at org.springframework.security.web.authentication.logout.LogoutFilter.doFilter(LogoutFilter.java:96)
	at org.springframework.security.web.FilterChainProxy$VirtualFilterChain.doFilter(FilterChainProxy.java:380)
	at org.springframework.web.filter.CorsFilter.doFilterInternal(CorsFilter.java:91)
	at org.springframework.web.filter.OncePerRequestFilter.doFilter(OncePerRequestFilter.java:116)
	at org.springframework.security.web.FilterChainProxy$VirtualFilterChain.doFilter(FilterChainProxy.java:380)
	at org.springframework.security.web.header.HeaderWriterFilter.doHeadersAfter(HeaderWriterFilter.java:90)
	at org.springframework.security.web.header.HeaderWriterFilter.doFilterInternal(HeaderWriterFilter.java:75)
	at org.springframework.web.filter.OncePerRequestFilter.doFilter(OncePerRequestFilter.java:116)
	at org.springframework.security.web.FilterChainProxy$VirtualFilterChain.doFilter(FilterChainProxy.java:380)
	at org.springframework.security.web.context.SecurityContextHolderFilter.doFilter(SecurityContextHolderFilter.java:82)
	at org.springframework.security.web.context.SecurityContextHolderFilter.doFilter(SecurityContextHolderFilter.java:69)
	at org.springframework.security.web.FilterChainProxy$VirtualFilterChain.doFilter(FilterChainProxy.java:380)
	at org.springframework.security.web.context.request.async.WebAsyncManagerIntegrationFilter.doFilterInternal(WebAsyncManagerIntegrationFilter.java:62)
	at org.springframework.web.filter.OncePerRequestFilter.doFilter(OncePerRequestFilter.java:116)
	at org.springframework.security.web.FilterChainProxy$VirtualFilterChain.doFilter(FilterChainProxy.java:380)
	at org.springframework.security.web.session.DisableEncodeUrlFilter.doFilterInternal(DisableEncodeUrlFilter.java:42)
	at org.springframework.web.filter.OncePerRequestFilter.doFilter(OncePerRequestFilter.java:116)
	at org.springframework.security.web.FilterChainProxy$VirtualFilterChain.doFilter(FilterChainProxy.java:380)
	at org.springframework.security.web.FilterChainProxy.doFilterInternal(FilterChainProxy.java:237)
	at org.springframework.security.web.FilterChainProxy.doFilter(FilterChainProxy.java:195)
	at org.springframework.web.filter.CompositeFilter$VirtualFilterChain.doFilter(CompositeFilter.java:113)
	at org.springframework.web.filter.ServletRequestPathFilter.doFilter(ServletRequestPathFilter.java:52)
	at org.springframework.web.filter.CompositeFilter$VirtualFilterChain.doFilter(CompositeFilter.java:113)
	at org.springframework.web.filter.CompositeFilter.doFilter(CompositeFilter.java:74)
	at org.springframework.security.config.annotation.web.configuration.WebSecurityConfiguration$CompositeFilterChainProxy.doFilter(WebSecurityConfiguration.java:317)
	at org.springframework.web.filter.DelegatingFilterProxy.invokeDelegate(DelegatingFilterProxy.java:355)
	at org.springframework.web.filter.DelegatingFilterProxy.doFilter(DelegatingFilterProxy.java:272)
	at org.apache.catalina.core.ApplicationFilterChain.doFilter(ApplicationFilterChain.java:107)
	at org.springframework.web.filter.RequestContextFilter.doFilterInternal(RequestContextFilter.java:100)
	at org.springframework.web.filter.OncePerRequestFilter.doFilter(OncePerRequestFilter.java:116)
	at org.apache.catalina.core.ApplicationFilterChain.doFilter(ApplicationFilterChain.java:107)
	at org.springframework.web.filter.FormContentFilter.doFilterInternal(FormContentFilter.java:93)
	at org.springframework.web.filter.OncePerRequestFilter.doFilter(OncePerRequestFilter.java:116)
	at org.apache.catalina.core.ApplicationFilterChain.doFilter(ApplicationFilterChain.java:107)
	at org.springframework.session.web.http.SessionRepositoryFilter.doFilterInternal(SessionRepositoryFilter.java:142)
	at org.springframework.session.web.http.OncePerRequestFilter.doFilter(OncePerRequestFilter.java:82)
	at org.springframework.web.filter.DelegatingFilterProxy.invokeDelegate(DelegatingFilterProxy.java:355)
	at org.springframework.web.filter.DelegatingFilterProxy.doFilter(DelegatingFilterProxy.java:272)
	at org.apache.catalina.core.ApplicationFilterChain.doFilter(ApplicationFilterChain.java:107)
	at org.springframework.web.filter.CharacterEncodingFilter.doFilterInternal(CharacterEncodingFilter.java:199)
	at org.springframework.web.filter.OncePerRequestFilter.doFilter(OncePerRequestFilter.java:116)
	at org.apache.catalina.core.ApplicationFilterChain.doFilter(ApplicationFilterChain.java:107)
	at org.apache.catalina.core.StandardWrapperValve.invoke(StandardWrapperValve.java:165)
	at org.apache.catalina.core.StandardContextValve.invoke(StandardContextValve.java:77)
	at org.apache.catalina.authenticator.AuthenticatorBase.invoke(AuthenticatorBase.java:482)
	at org.apache.catalina.core.StandardHostValve.invoke(StandardHostValve.java:113)
	at org.apache.catalina.valves.ErrorReportValve.invoke(ErrorReportValve.java:83)
	at org.apache.catalina.core.StandardEngineValve.invoke(StandardEngineValve.java:72)
	at org.apache.catalina.connector.CoyoteAdapter.service(CoyoteAdapter.java:341)
	at org.apache.coyote.http11.Http11Processor.service(Http11Processor.java:397)
	at org.apache.coyote.AbstractProcessorLight.process(AbstractProcessorLight.java:63)
	at org.apache.coyote.AbstractProtocol$ConnectionHandler.process(AbstractProtocol.java:903)
	at org.apache.tomcat.util.net.NioEndpoint$SocketProcessor.doRun(NioEndpoint.java:1778)
	at org.apache.tomcat.util.net.SocketProcessorBase.run(SocketProcessorBase.java:52)
	at org.apache.tomcat.util.threads.ThreadPoolExecutor.runWorker(ThreadPoolExecutor.java:946)
	at org.apache.tomcat.util.threads.ThreadPoolExecutor$Worker.run(ThreadPoolExecutor.java:480)
	at org.apache.tomcat.util.threads.TaskThread$WrappingRunnable.run(TaskThread.java:57)
	at java.base/java.lang.Thread.run(Thread.java:1583)
Caused by: org.hibernate.exception.ConstraintViolationException: could not execute statement [ERROR: duplicate key value violates unique constraint "ukcufyrn3a4xuwm0ajxfvm8pxt7"
  Detail: Key (user_id, board_id)=(19, 1) already exists.] [insert into public.user_recent_boards (board_id,card_id,last_accessed_at,list_id,user_id) values (?,?,?,?,?)]
	at org.hibernate.exception.internal.SQLStateConversionDelegate.convert(SQLStateConversionDelegate.java:73)
	at org.hibernate.exception.internal.StandardSQLExceptionConverter.convert(StandardSQLExceptionConverter.java:34)
	at org.hibernate.engine.jdbc.spi.SqlExceptionHelper.convert(SqlExceptionHelper.java:115)
	at org.hibernate.engine.jdbc.internal.ResultSetReturnImpl.executeUpdate(ResultSetReturnImpl.java:184)
	at org.hibernate.id.insert.GetGeneratedKeysDelegate.performMutation(GetGeneratedKeysDelegate.java:103)
	at org.hibernate.engine.jdbc.mutation.internal.MutationExecutorSingleNonBatched.performNonBatchedOperations(MutationExecutorSingleNonBatched.java:45)
	at org.hibernate.engine.jdbc.mutation.internal.AbstractMutationExecutor.execute(AbstractMutationExecutor.java:66)
	at org.hibernate.engine.jdbc.mutation.internal.AbstractMutationExecutor.execute(AbstractMutationExecutor.java:55)
	at org.hibernate.persister.entity.mutation.InsertCoordinatorStandard.doStaticInserts(InsertCoordinatorStandard.java:180)
	at org.hibernate.persister.entity.mutation.InsertCoordinatorStandard.coordinateInsert(InsertCoordinatorStandard.java:120)
	at org.hibernate.persister.entity.mutation.InsertCoordinatorStandard.insert(InsertCoordinatorStandard.java:84)
	at org.hibernate.action.internal.EntityIdentityInsertAction.execute(EntityIdentityInsertAction.java:85)
	at org.hibernate.engine.spi.ActionQueue.execute(ActionQueue.java:667)
	at org.hibernate.engine.spi.ActionQueue.addResolvedEntityInsertAction(ActionQueue.java:291)
	at org.hibernate.engine.spi.ActionQueue.addInsertAction(ActionQueue.java:270)
	at org.hibernate.engine.spi.ActionQueue.addAction(ActionQueue.java:322)
	at org.hibernate.event.internal.AbstractSaveEventListener.addInsertAction(AbstractSaveEventListener.java:371)
	at org.hibernate.event.internal.AbstractSaveEventListener.performSaveOrReplicate(AbstractSaveEventListener.java:285)
	at org.hibernate.event.internal.AbstractSaveEventListener.performSave(AbstractSaveEventListener.java:215)
	at org.hibernate.event.internal.AbstractSaveEventListener.saveWithGeneratedId(AbstractSaveEventListener.java:133)
	at org.hibernate.event.internal.DefaultPersistEventListener.entityIsTransient(DefaultPersistEventListener.java:145)
	at org.hibernate.event.internal.DefaultPersistEventListener.persist(DefaultPersistEventListener.java:89)
	at org.hibernate.event.internal.DefaultPersistEventListener.onPersist(DefaultPersistEventListener.java:73)
	at org.hibernate.event.internal.DefaultPersistEventListener.onPersist(DefaultPersistEventListener.java:49)
	at org.hibernate.event.service.internal.EventListenerGroupImpl.fireEventOnEachListener(EventListenerGroupImpl.java:138)
	at org.hibernate.internal.SessionImpl.firePersist(SessionImpl.java:689)
	at org.hibernate.internal.SessionImpl.persist(SessionImpl.java:672)
	at java.base/jdk.internal.reflect.DirectMethodHandleAccessor.invoke(DirectMethodHandleAccessor.java:103)
	at java.base/java.lang.reflect.Method.invoke(Method.java:580)
	at org.springframework.orm.jpa.ExtendedEntityManagerCreator$ExtendedEntityManagerInvocationHandler.invoke(ExtendedEntityManagerCreator.java:362)
	at jdk.proxy2/jdk.proxy2.$Proxy163.persist(Unknown Source)
	at java.base/jdk.internal.reflect.DirectMethodHandleAccessor.invoke(DirectMethodHandleAccessor.java:103)
	at java.base/java.lang.reflect.Method.invoke(Method.java:580)
	at org.springframework.orm.jpa.SharedEntityManagerCreator$SharedEntityManagerInvocationHandler.invoke(SharedEntityManagerCreator.java:317)
	at jdk.proxy2/jdk.proxy2.$Proxy163.persist(Unknown Source)
	at org.springframework.data.jpa.repository.support.SimpleJpaRepository.save(SimpleJpaRepository.java:664)
	at java.base/jdk.internal.reflect.DirectMethodHandleAccessor.invoke(DirectMethodHandleAccessor.java:103)
	at java.base/java.lang.reflect.Method.invoke(Method.java:580)
	at org.springframework.aop.support.AopUtils.invokeJoinpointUsingReflection(AopUtils.java:359)
	at org.springframework.data.repository.core.support.RepositoryMethodInvoker$RepositoryFragmentMethodInvoker.lambda$new$0(RepositoryMethodInvoker.java:278)
	at org.springframework.data.repository.core.support.RepositoryMethodInvoker.doInvoke(RepositoryMethodInvoker.java:169)
	at org.springframework.data.repository.core.support.RepositoryMethodInvoker.invoke(RepositoryMethodInvoker.java:158)
	at org.springframework.data.repository.core.support.RepositoryComposition$RepositoryFragments.invoke(RepositoryComposition.java:545)
	at org.springframework.data.repository.core.support.RepositoryComposition.invoke(RepositoryComposition.java:290)
	at org.springframework.data.repository.core.support.RepositoryFactorySupport$ImplementationMethodExecutionInterceptor.invoke(RepositoryFactorySupport.java:690)
	at org.springframework.aop.framework.ReflectiveMethodInvocation.proceed(ReflectiveMethodInvocation.java:179)
	at org.springframework.data.repository.core.support.QueryExecutorMethodInterceptor.doInvoke(QueryExecutorMethodInterceptor.java:171)
	at org.springframework.data.repository.core.support.QueryExecutorMethodInterceptor.invoke(QueryExecutorMethodInterceptor.java:146)
	at org.springframework.aop.framework.ReflectiveMethodInvocation.proceed(ReflectiveMethodInvocation.java:179)
	at org.springframework.data.projection.DefaultMethodInvokingMethodInterceptor.invoke(DefaultMethodInvokingMethodInterceptor.java:69)
	at org.springframework.aop.framework.ReflectiveMethodInvocation.proceed(ReflectiveMethodInvocation.java:179)
	at org.springframework.transaction.interceptor.TransactionInterceptor$1.proceedWithInvocation(TransactionInterceptor.java:133)
	at org.springframework.transaction.interceptor.TransactionAspectSupport.invokeWithinTransaction(TransactionAspectSupport.java:371)
	at org.springframework.transaction.interceptor.TransactionInterceptor.invoke(TransactionInterceptor.java:130)
	at org.springframework.aop.framework.ReflectiveMethodInvocation.proceed(ReflectiveMethodInvocation.java:179)
	at org.springframework.dao.support.PersistenceExceptionTranslationInterceptor.invoke(PersistenceExceptionTranslationInterceptor.java:135)
	... 123 common frames omitted
Caused by: org.postgresql.util.PSQLException: ERROR: duplicate key value violates unique constraint "ukcufyrn3a4xuwm0ajxfvm8pxt7"
  Detail: Key (user_id, board_id)=(19, 1) already exists.
	at org.postgresql.core.v3.QueryExecutorImpl.receiveErrorResponse(QueryExecutorImpl.java:2846)
	at org.postgresql.core.v3.QueryExecutorImpl.processResults(QueryExecutorImpl.java:2531)
	at org.postgresql.core.v3.QueryExecutorImpl.execute(QueryExecutorImpl.java:429)
	at org.postgresql.jdbc.PgStatement.executeInternal(PgStatement.java:526)
	at org.postgresql.jdbc.PgStatement.execute(PgStatement.java:436)
	at org.postgresql.jdbc.PgPreparedStatement.executeWithFlags(PgPreparedStatement.java:196)
	at org.postgresql.jdbc.PgPreparedStatement.executeUpdate(PgPreparedStatement.java:157)
	at com.zaxxer.hikari.pool.ProxyPreparedStatement.executeUpdate(ProxyPreparedStatement.java:61)
	at com.zaxxer.hikari.pool.HikariProxyPreparedStatement.executeUpdate(HikariProxyPreparedStatement.java)
	at org.hibernate.engine.jdbc.internal.ResultSetReturnImpl.executeUpdate(ResultSetReturnImpl.java:181)
	... 175 common frames omitted
2026-08-12 12:22:35 INFO  c.e.c.Tool.security.RateLimitFilter - Request from IP: 10.235.148.185 | URI: /cards/6/move | Tokens remaining: 50
2026-08-12 12:22:35 WARN  c.e.c.Tool.security.JwtFilter - JWT Expired: JWT expired at 2026-08-12T09:20:20Z. Current time: 2026-08-12T09:22:35Z, a difference of 135664 milliseconds.  Allowed clock skew: 0 milliseconds.
2026-08-12 12:22:35 INFO  c.e.c.Tool.security.RateLimitFilter - Request from IP: 10.235.148.185 | URI: /user/refresh | Tokens remaining: 49
2026-08-12 12:22:36 INFO  c.e.c.Tool.security.RateLimitFilter - Request from IP: 10.235.148.185 | URI: /cards/6/move | Tokens remaining: 48
2026-08-12 12:22:43 INFO  c.e.c.Tool.security.RateLimitFilter - Request from IP: 10.235.148.185 | URI: /cards/2/move | Tokens remaining: 50
2026-08-12 12:22:47 INFO  c.e.c.Tool.security.RateLimitFilter - Request from IP: 10.235.148.185 | URI: /workspace/my-workspaces | Tokens remaining: 50
2026-08-12 12:22:47 INFO  c.e.c.Tool.security.RateLimitFilter - Request from IP: 10.235.148.185 | URI: /user/scratchpad | Tokens remaining: 49
2026-08-12 12:22:47 INFO  c.e.c.Tool.security.RateLimitFilter - Request from IP: 10.235.148.185 | URI: /user/recent-boards | Tokens remaining: 48
2026-08-12 12:22:48 INFO  c.e.c.Tool.security.RateLimitFilter - Request from IP: 10.235.148.185 | URI: /boards/workspace/4 | Tokens remaining: 47
2026-08-12 12:22:48 INFO  c.e.c.Tool.security.RateLimitFilter - Request from IP: 10.235.148.185 | URI: /boards/1/lists | Tokens remaining: 46
2026-08-12 12:22:49 INFO  c.e.c.Tool.security.RateLimitFilter - Request from IP: 10.235.148.185 | URI: /cards/lists/3/cards | Tokens remaining: 46
2026-08-12 12:22:49 INFO  c.e.c.Tool.security.RateLimitFilter - Request from IP: 10.235.148.185 | URI: /cards/lists/2/cards | Tokens remaining: 45
2026-08-12 12:22:49 INFO  c.e.c.Tool.security.RateLimitFilter - Request from IP: 10.235.148.185 | URI: /cards/lists/9/cards | Tokens remaining: 44
2026-08-12 12:22:49 INFO  c.e.c.Tool.security.RateLimitFilter - Request from IP: 10.235.148.185 | URI: /cards/lists/1/cards | Tokens remaining: 44
2026-08-12 12:23:04 INFO  c.e.c.Tool.security.RateLimitFilter - Request from IP: 10.235.148.185 | URI: /boards/workspace/4 | Tokens remaining: 50
2026-08-12 12:23:04 INFO  c.e.c.Tool.security.RateLimitFilter - Request from IP: 10.235.148.185 | URI: /boards/1/lists | Tokens remaining: 49
2026-08-12 12:23:05 INFO  c.e.c.Tool.security.RateLimitFilter - Request from IP: 10.235.148.185 | URI: /cards/lists/1/cards | Tokens remaining: 48
2026-08-12 12:23:05 INFO  c.e.c.Tool.security.RateLimitFilter - Request from IP: 10.235.148.185 | URI: /cards/lists/3/cards | Tokens remaining: 47
2026-08-12 12:23:05 INFO  c.e.c.Tool.security.RateLimitFilter - Request from IP: 10.235.148.185 | URI: /cards/lists/2/cards | Tokens remaining: 46
2026-08-12 12:23:05 INFO  c.e.c.Tool.security.RateLimitFilter - Request from IP: 10.235.148.185 | URI: /cards/lists/9/cards | Tokens remaining: 45
2026-08-12 12:23:12 INFO  c.e.c.Tool.security.RateLimitFilter - Request from IP: 10.235.148.185 | URI: /boards/workspace/4 | Tokens remaining: 50
2026-08-12 12:23:13 INFO  c.e.c.Tool.security.RateLimitFilter - Request from IP: 10.235.148.185 | URI: /boards/1/lists | Tokens remaining: 49
2026-08-12 12:23:13 INFO  c.e.c.Tool.security.RateLimitFilter - Request from IP: 10.235.148.185 | URI: /cards/lists/1/cards | Tokens remaining: 48
2026-08-12 12:23:13 INFO  c.e.c.Tool.security.RateLimitFilter - Request from IP: 10.235.148.185 | URI: /cards/lists/2/cards | Tokens remaining: 48
2026-08-12 12:23:13 INFO  c.e.c.Tool.security.RateLimitFilter - Request from IP: 10.235.148.185 | URI: /cards/lists/3/cards | Tokens remaining: 46
2026-08-12 12:23:13 INFO  c.e.c.Tool.security.RateLimitFilter - Request from IP: 10.235.148.185 | URI: /cards/lists/9/cards | Tokens remaining: 46
2026-08-12 12:23:18 INFO  c.e.c.Tool.security.RateLimitFilter - Request from IP: 10.235.148.185 | URI: /boards/workspace/4 | Tokens remaining: 48
2026-08-12 12:23:19 INFO  c.e.c.Tool.security.RateLimitFilter - Request from IP: 10.235.148.185 | URI: /boards/1/lists | Tokens remaining: 48
2026-08-12 12:23:19 INFO  c.e.c.Tool.security.RateLimitFilter - Request from IP: 10.235.148.185 | URI: /cards/lists/1/cards | Tokens remaining: 47
2026-08-12 12:23:19 INFO  c.e.c.Tool.security.RateLimitFilter - Request from IP: 10.235.148.185 | URI: /cards/lists/2/cards | Tokens remaining: 46
2026-08-12 12:23:19 INFO  c.e.c.Tool.security.RateLimitFilter - Request from IP: 10.235.148.185 | URI: /cards/lists/3/cards | Tokens remaining: 45
2026-08-12 12:23:19 INFO  c.e.c.Tool.security.RateLimitFilter - Request from IP: 10.235.148.185 | URI: /cards/lists/9/cards | Tokens remaining: 44
2026-08-12 12:23:23 INFO  c.e.c.Tool.security.RateLimitFilter - Request from IP: 10.235.148.185 | URI: /boards/workspace/4 | Tokens remaining: 47
2026-08-12 12:23:24 INFO  c.e.c.Tool.security.RateLimitFilter - Request from IP: 10.235.148.185 | URI: /boards/1/lists | Tokens remaining: 46
2026-08-12 12:23:24 INFO  c.e.c.Tool.security.RateLimitFilter - Request from IP: 10.235.148.185 | URI: /cards/lists/1/cards | Tokens remaining: 45
2026-08-12 12:23:24 INFO  c.e.c.Tool.security.RateLimitFilter - Request from IP: 10.235.148.185 | URI: /cards/lists/3/cards | Tokens remaining: 44
2026-08-12 12:23:24 INFO  c.e.c.Tool.security.RateLimitFilter - Request from IP: 10.235.148.185 | URI: /cards/lists/9/cards | Tokens remaining: 44
2026-08-12 12:23:24 INFO  c.e.c.Tool.security.RateLimitFilter - Request from IP: 10.235.148.185 | URI: /cards/lists/2/cards | Tokens remaining: 45
2026-08-12 12:23:30 INFO  c.e.c.Tool.security.RateLimitFilter - Request from IP: 10.235.148.185 | URI: /boards/workspace/4 | Tokens remaining: 46
2026-08-12 12:23:30 INFO  c.e.c.Tool.security.RateLimitFilter - Request from IP: 10.235.148.185 | URI: /boards/1/lists | Tokens remaining: 45
2026-08-12 12:23:31 INFO  c.e.c.Tool.security.RateLimitFilter - Request from IP: 10.235.148.185 | URI: /cards/lists/1/cards | Tokens remaining: 45
2026-08-12 12:23:31 INFO  c.e.c.Tool.security.RateLimitFilter - Request from IP: 10.235.148.185 | URI: /cards/lists/2/cards | Tokens remaining: 44
2026-08-12 12:23:31 INFO  c.e.c.Tool.security.RateLimitFilter - Request from IP: 10.235.148.185 | URI: /cards/lists/9/cards | Tokens remaining: 43
2026-08-12 12:23:31 INFO  c.e.c.Tool.security.RateLimitFilter - Request from IP: 10.235.148.185 | URI: /cards/lists/3/cards | Tokens remaining: 42
2026-08-12 12:25:03 INFO  c.e.c.Tool.security.RateLimitFilter - Request from IP: 10.235.148.185 | URI: /workspace/my-workspaces | Tokens remaining: 50
2026-08-12 12:25:03 INFO  c.e.c.Tool.security.RateLimitFilter - Request from IP: 10.235.148.185 | URI: /user/scratchpad | Tokens remaining: 49
2026-08-12 12:25:03 INFO  c.e.c.Tool.security.RateLimitFilter - Request from IP: 10.235.148.185 | URI: /user/recent-boards | Tokens remaining: 48
2026-08-12 12:25:04 INFO  c.e.c.Tool.security.RateLimitFilter - Request from IP: 10.235.148.185 | URI: /boards/workspace/4 | Tokens remaining: 47
2026-08-12 12:25:04 INFO  c.e.c.Tool.security.RateLimitFilter - Request from IP: 10.235.148.185 | URI: /boards/1/lists | Tokens remaining: 46
2026-08-12 12:25:05 INFO  c.e.c.Tool.security.RateLimitFilter - Request from IP: 10.235.148.185 | URI: /cards/lists/1/cards | Tokens remaining: 46
2026-08-12 12:25:05 INFO  c.e.c.Tool.security.RateLimitFilter - Request from IP: 10.235.148.185 | URI: /cards/lists/2/cards | Tokens remaining: 45
2026-08-12 12:25:05 INFO  c.e.c.Tool.security.RateLimitFilter - Request from IP: 10.235.148.185 | URI: /cards/lists/3/cards | Tokens remaining: 44
2026-08-12 12:25:05 INFO  c.e.c.Tool.security.RateLimitFilter - Request from IP: 10.235.148.185 | URI: /cards/lists/9/cards | Tokens remaining: 43
2026-08-12 12:25:35 INFO  c.e.c.Tool.security.RateLimitFilter - Request from IP: 10.235.148.185 | URI: /boards/workspace/4 | Tokens remaining: 50
2026-08-12 12:25:36 INFO  c.e.c.Tool.security.RateLimitFilter - Request from IP: 10.235.148.185 | URI: /boards/1/lists | Tokens remaining: 49
2026-08-12 12:25:36 INFO  c.e.c.Tool.security.RateLimitFilter - Request from IP: 10.235.148.185 | URI: /cards/lists/1/cards | Tokens remaining: 48
2026-08-12 12:25:36 INFO  c.e.c.Tool.security.RateLimitFilter - Request from IP: 10.235.148.185 | URI: /cards/lists/2/cards | Tokens remaining: 47
2026-08-12 12:25:36 INFO  c.e.c.Tool.security.RateLimitFilter - Request from IP: 10.235.148.185 | URI: /cards/lists/9/cards | Tokens remaining: 46
2026-08-12 12:25:36 INFO  c.e.c.Tool.security.RateLimitFilter - Request from IP: 10.235.148.185 | URI: /cards/lists/3/cards | Tokens remaining: 46
2026-08-12 12:25:41 INFO  c.e.c.Tool.security.RateLimitFilter - Request from IP: 10.235.148.185 | URI: /boards/workspace/4 | Tokens remaining: 48
2026-08-12 12:25:41 INFO  c.e.c.Tool.security.RateLimitFilter - Request from IP: 10.235.148.185 | URI: /boards/1/lists | Tokens remaining: 47
2026-08-12 12:25:42 INFO  c.e.c.Tool.security.RateLimitFilter - Request from IP: 10.235.148.185 | URI: /cards/lists/1/cards | Tokens remaining: 47
2026-08-12 12:25:42 INFO  c.e.c.Tool.security.RateLimitFilter - Request from IP: 10.235.148.185 | URI: /cards/lists/3/cards | Tokens remaining: 46
2026-08-12 12:25:42 INFO  c.e.c.Tool.security.RateLimitFilter - Request from IP: 10.235.148.185 | URI: /cards/lists/2/cards | Tokens remaining: 45
2026-08-12 12:25:42 INFO  c.e.c.Tool.security.RateLimitFilter - Request from IP: 10.235.148.185 | URI: /cards/lists/9/cards | Tokens remaining: 44
2026-08-12 12:25:46 INFO  c.e.c.Tool.security.RateLimitFilter - Request from IP: 10.235.148.185 | URI: /boards/workspace/4 | Tokens remaining: 47
2026-08-12 12:25:47 INFO  c.e.c.Tool.security.RateLimitFilter - Request from IP: 10.235.148.185 | URI: /boards/1/lists | Tokens remaining: 46
2026-08-12 12:25:47 INFO  c.e.c.Tool.security.RateLimitFilter - Request from IP: 10.235.148.185 | URI: /cards/lists/9/cards | Tokens remaining: 45
2026-08-12 12:25:47 INFO  c.e.c.Tool.security.RateLimitFilter - Request from IP: 10.235.148.185 | URI: /cards/lists/3/cards | Tokens remaining: 44
2026-08-12 12:25:47 INFO  c.e.c.Tool.security.RateLimitFilter - Request from IP: 10.235.148.185 | URI: /cards/lists/1/cards | Tokens remaining: 43
2026-08-12 12:25:47 INFO  c.e.c.Tool.security.RateLimitFilter - Request from IP: 10.235.148.185 | URI: /cards/lists/2/cards | Tokens remaining: 42
2026-08-12 12:25:51 INFO  c.e.c.Tool.security.RateLimitFilter - Request from IP: 10.235.148.185 | URI: /boards/workspace/4 | Tokens remaining: 44
2026-08-12 12:25:51 INFO  c.e.c.Tool.security.RateLimitFilter - Request from IP: 10.235.148.185 | URI: /boards/1/lists | Tokens remaining: 43
2026-08-12 12:25:51 INFO  c.e.c.Tool.security.RateLimitFilter - Request from IP: 10.235.148.185 | URI: /cards/lists/3/cards | Tokens remaining: 43
2026-08-12 12:25:51 INFO  c.e.c.Tool.security.RateLimitFilter - Request from IP: 10.235.148.185 | URI: /cards/lists/1/cards | Tokens remaining: 42
2026-08-12 12:25:51 INFO  c.e.c.Tool.security.RateLimitFilter - Request from IP: 10.235.148.185 | URI: /cards/lists/2/cards | Tokens remaining: 43
2026-08-12 12:25:51 INFO  c.e.c.Tool.security.RateLimitFilter - Request from IP: 10.235.148.185 | URI: /cards/lists/9/cards | Tokens remaining: 40
2026-08-12 12:25:56 INFO  c.e.c.Tool.security.RateLimitFilter - Request from IP: 10.235.148.185 | URI: /boards/workspace/4 | Tokens remaining: 43
2026-08-12 12:25:56 INFO  c.e.c.Tool.security.RateLimitFilter - Request from IP: 10.235.148.185 | URI: /boards/1/lists | Tokens remaining: 42
2026-08-12 12:25:57 INFO  c.e.c.Tool.security.RateLimitFilter - Request from IP: 10.235.148.185 | URI: /cards/lists/1/cards | Tokens remaining: 41
2026-08-12 12:25:57 INFO  c.e.c.Tool.security.RateLimitFilter - Request from IP: 10.235.148.185 | URI: /cards/lists/3/cards | Tokens remaining: 40
2026-08-12 12:25:57 INFO  c.e.c.Tool.security.RateLimitFilter - Request from IP: 10.235.148.185 | URI: /cards/lists/2/cards | Tokens remaining: 40
2026-08-12 12:25:57 INFO  c.e.c.Tool.security.RateLimitFilter - Request from IP: 10.235.148.185 | URI: /cards/lists/9/cards | Tokens remaining: 39
2026-08-12 12:26:00 INFO  c.e.c.Tool.security.RateLimitFilter - Request from IP: 10.235.148.185 | URI: /boards/workspace/4 | Tokens remaining: 40
2026-08-12 12:26:00 INFO  c.e.c.Tool.security.RateLimitFilter - Request from IP: 10.235.148.185 | URI: /boards/1/lists | Tokens remaining: 39
2026-08-12 12:26:00 INFO  c.e.c.Tool.security.RateLimitFilter - Request from IP: 10.235.148.185 | URI: /cards/lists/2/cards | Tokens remaining: 38
2026-08-12 12:26:00 INFO  c.e.c.Tool.security.RateLimitFilter - Request from IP: 10.235.148.185 | URI: /cards/lists/3/cards | Tokens remaining: 37
2026-08-12 12:26:00 INFO  c.e.c.Tool.security.RateLimitFilter - Request from IP: 10.235.148.185 | URI: /cards/lists/9/cards | Tokens remaining: 36
2026-08-12 12:26:00 INFO  c.e.c.Tool.security.RateLimitFilter - Request from IP: 10.235.148.185 | URI: /cards/lists/1/cards | Tokens remaining: 38
2026-08-12 12:26:03 INFO  c.e.c.Tool.security.RateLimitFilter - Request from IP: 10.235.148.185 | URI: /boards/workspace/4 | Tokens remaining: 36
2026-08-12 12:26:03 INFO  c.e.c.Tool.security.RateLimitFilter - Request from IP: 10.235.148.185 | URI: /boards/1/lists | Tokens remaining: 36
2026-08-12 12:26:04 INFO  c.e.c.Tool.security.RateLimitFilter - Request from IP: 10.235.148.185 | URI: /cards/lists/1/cards | Tokens remaining: 35
2026-08-12 12:26:04 INFO  c.e.c.Tool.security.RateLimitFilter - Request from IP: 10.235.148.185 | URI: /cards/lists/2/cards | Tokens remaining: 34
2026-08-12 12:26:04 INFO  c.e.c.Tool.security.RateLimitFilter - Request from IP: 10.235.148.185 | URI: /cards/lists/9/cards | Tokens remaining: 33
2026-08-12 12:26:04 INFO  c.e.c.Tool.security.RateLimitFilter - Request from IP: 10.235.148.185 | URI: /cards/lists/3/cards | Tokens remaining: 32
2026-08-12 12:26:10 INFO  c.e.c.Tool.security.RateLimitFilter - Request from IP: 10.235.148.185 | URI: /workspace/my-invitations | Tokens remaining: 37
2026-08-12 12:26:16 INFO  c.e.c.Tool.security.RateLimitFilter - Request from IP: 10.235.148.185 | URI: /workspace/my-invitations | Tokens remaining: 40
2026-08-12 12:27:24 INFO  c.e.c.Tool.security.RateLimitFilter - Request from IP: 10.235.148.185 | URI: /workspace/my-invitations | Tokens remaining: 50
2026-08-12 12:27:28 INFO  c.e.c.Tool.security.RateLimitFilter - Request from IP: 10.235.148.185 | URI: /workspace/my-invitations | Tokens remaining: 50
2026-08-12 12:27:50 INFO  c.e.c.Tool.security.RateLimitFilter - Request from IP: 10.235.148.185 | URI: /boards/workspace/4 | Tokens remaining: 50
2026-08-12 12:27:51 INFO  c.e.c.Tool.security.RateLimitFilter - Request from IP: 10.235.148.185 | URI: /boards/1/lists | Tokens remaining: 49
2026-08-12 12:27:51 INFO  c.e.c.Tool.security.RateLimitFilter - Request from IP: 10.235.148.185 | URI: /cards/lists/1/cards | Tokens remaining: 48
2026-08-12 12:27:51 INFO  c.e.c.Tool.security.RateLimitFilter - Request from IP: 10.235.148.185 | URI: /cards/lists/2/cards | Tokens remaining: 47
2026-08-12 12:27:51 INFO  c.e.c.Tool.security.RateLimitFilter - Request from IP: 10.235.148.185 | URI: /cards/lists/3/cards | Tokens remaining: 46
2026-08-12 12:27:51 INFO  c.e.c.Tool.security.RateLimitFilter - Request from IP: 10.235.148.185 | URI: /cards/lists/9/cards | Tokens remaining: 45
2026-08-12 12:27:54 INFO  c.e.c.Tool.security.RateLimitFilter - Request from IP: 10.235.148.185 | URI: /boards/workspace/4 | Tokens remaining: 47
2026-08-12 12:27:55 INFO  c.e.c.Tool.security.RateLimitFilter - Request from IP: 10.235.148.185 | URI: /boards/1/lists | Tokens remaining: 46
2026-08-12 12:27:55 INFO  c.e.c.Tool.security.RateLimitFilter - Request from IP: 10.235.148.185 | URI: /cards/lists/1/cards | Tokens remaining: 46
2026-08-12 12:27:55 INFO  c.e.c.Tool.security.RateLimitFilter - Request from IP: 10.235.148.185 | URI: /cards/lists/2/cards | Tokens remaining: 45
2026-08-12 12:27:55 INFO  c.e.c.Tool.security.RateLimitFilter - Request from IP: 10.235.148.185 | URI: /cards/lists/3/cards | Tokens remaining: 44
2026-08-12 12:27:55 INFO  c.e.c.Tool.security.RateLimitFilter - Request from IP: 10.235.148.185 | URI: /cards/lists/9/cards | Tokens remaining: 43
2026-08-12 12:30:40 INFO  c.e.c.Tool.security.RateLimitFilter - Request from IP: 10.235.148.185 | URI: /user/recent-boards/2 | Tokens remaining: 50
2026-08-12 12:30:40 INFO  c.e.c.Tool.security.RateLimitFilter - Request from IP: 10.235.148.185 | URI: /boards/2/lists | Tokens remaining: 49
2026-08-12 12:30:40 INFO  c.e.c.Tool.security.RateLimitFilter - Request from IP: 10.235.148.185 | URI: /user/recent-boards | Tokens remaining: 48
2026-08-12 12:30:47 INFO  c.e.c.Tool.security.RateLimitFilter - Request from IP: 10.235.148.185 | URI: /user/recent-boards/1 | Tokens remaining: 50
2026-08-12 12:30:47 INFO  c.e.c.Tool.security.RateLimitFilter - Request from IP: 10.235.148.185 | URI: /boards/1/lists | Tokens remaining: 49
2026-08-12 12:30:47 INFO  c.e.c.Tool.security.RateLimitFilter - Request from IP: 10.235.148.185 | URI: /cards/lists/1/cards | Tokens remaining: 48
2026-08-12 12:30:47 INFO  c.e.c.Tool.security.RateLimitFilter - Request from IP: 10.235.148.185 | URI: /cards/lists/2/cards | Tokens remaining: 47
2026-08-12 12:30:47 INFO  c.e.c.Tool.security.RateLimitFilter - Request from IP: 10.235.148.185 | URI: /cards/lists/3/cards | Tokens remaining: 46
2026-08-12 12:30:47 INFO  c.e.c.Tool.security.RateLimitFilter - Request from IP: 10.235.148.185 | URI: /user/recent-boards | Tokens remaining: 45
2026-08-12 12:30:47 INFO  c.e.c.Tool.security.RateLimitFilter - Request from IP: 10.235.148.185 | URI: /cards/lists/9/cards | Tokens remaining: 44
2026-08-12 12:36:09 INFO  o.s.boot.tomcat.GracefulShutdown - Commencing graceful shutdown. Waiting for active requests to complete
2026-08-12 12:36:09 INFO  o.s.boot.tomcat.GracefulShutdown - Graceful shutdown complete
2026-08-12 12:36:09 INFO  o.s.m.s.b.SimpleBrokerMessageHandler - Stopping...
2026-08-12 12:36:09 INFO  o.s.m.s.b.SimpleBrokerMessageHandler - BrokerAvailabilityEvent[available=false, SimpleBrokerMessageHandler [org.springframework.messaging.simp.broker.DefaultSubscriptionRegistry@4984347c]]
2026-08-12 12:36:09 INFO  o.s.m.s.b.SimpleBrokerMessageHandler - Stopped.
2026-08-12 12:36:09 INFO  o.s.o.j.LocalContainerEntityManagerFactoryBean - Closing JPA EntityManagerFactory for persistence unit 'default'
2026-08-12 12:36:09 INFO  com.zaxxer.hikari.HikariDataSource - HikariPool-1 - Shutdown initiated...
2026-08-12 12:36:09 INFO  com.zaxxer.hikari.HikariDataSource - HikariPool-1 - Shutdown completed.
2026-08-12 12:36:38 INFO  c.e.c.T.CollaborationToolApplication - Starting CollaborationToolApplication using Java 21.0.8 with PID 14208 (C:\Abraham\Code\Eclectics\Collaboration-Tool\target\classes started by pc in C:\Abraham\Code\Eclectics\Collaboration-Tool)
2026-08-12 12:36:38 INFO  c.e.c.T.CollaborationToolApplication - The following 1 profile is active: "prod"
2026-08-12 12:36:49 INFO  o.s.d.r.c.RepositoryConfigurationDelegate - Multiple Spring Data modules found, entering strict repository configuration mode
2026-08-12 12:36:49 INFO  o.s.d.r.c.RepositoryConfigurationDelegate - Bootstrapping Spring Data JPA repositories in DEFAULT mode.
2026-08-12 12:36:50 INFO  o.s.d.r.c.RepositoryConfigurationDelegate - Finished Spring Data repository scanning in 936 ms. Found 19 JPA repository interfaces.
2026-08-12 12:36:50 INFO  o.s.d.r.c.RepositoryConfigurationDelegate - Multiple Spring Data modules found, entering strict repository configuration mode
2026-08-12 12:36:50 INFO  o.s.d.r.c.RepositoryConfigurationDelegate - Bootstrapping Spring Data Redis repositories in DEFAULT mode.
2026-08-12 12:36:50 INFO  o.s.d.r.c.RepositoryConfigurationExtensionSupport - Spring Data Redis - Could not safely identify store assignment for repository candidate interface com.eclectics.collaboration.Tool.repository.ActivityLogRepository; If you want this repository to be a Redis repository, consider annotating your entities with one of these annotations: org.springframework.data.redis.core.RedisHash (preferred), or consider extending one of the following types with your repository: org.springframework.data.keyvalue.repository.KeyValueRepository
2026-08-12 12:36:50 INFO  o.s.d.r.c.RepositoryConfigurationExtensionSupport - Spring Data Redis - Could not safely identify store assignment for repository candidate interface com.eclectics.collaboration.Tool.repository.BoardMemberRepository; If you want this repository to be a Redis repository, consider annotating your entities with one of these annotations: org.springframework.data.redis.core.RedisHash (preferred), or consider extending one of the following types with your repository: org.springframework.data.keyvalue.repository.KeyValueRepository
2026-08-12 12:36:50 INFO  o.s.d.r.c.RepositoryConfigurationExtensionSupport - Spring Data Redis - Could not safely identify store assignment for repository candidate interface com.eclectics.collaboration.Tool.repository.BoardsRepository; If you want this repository to be a Redis repository, consider annotating your entities with one of these annotations: org.springframework.data.redis.core.RedisHash (preferred), or consider extending one of the following types with your repository: org.springframework.data.keyvalue.repository.KeyValueRepository
2026-08-12 12:36:50 INFO  o.s.d.r.c.RepositoryConfigurationExtensionSupport - Spring Data Redis - Could not safely identify store assignment for repository candidate interface com.eclectics.collaboration.Tool.repository.CardAssigneeRepository; If you want this repository to be a Redis repository, consider annotating your entities with one of these annotations: org.springframework.data.redis.core.RedisHash (preferred), or consider extending one of the following types with your repository: org.springframework.data.keyvalue.repository.KeyValueRepository
2026-08-12 12:36:50 INFO  o.s.d.r.c.RepositoryConfigurationExtensionSupport - Spring Data Redis - Could not safely identify store assignment for repository candidate interface com.eclectics.collaboration.Tool.repository.CardLabelRepository; If you want this repository to be a Redis repository, consider annotating your entities with one of these annotations: org.springframework.data.redis.core.RedisHash (preferred), or consider extending one of the following types with your repository: org.springframework.data.keyvalue.repository.KeyValueRepository
2026-08-12 12:36:50 INFO  o.s.d.r.c.RepositoryConfigurationExtensionSupport - Spring Data Redis - Could not safely identify store assignment for repository candidate interface com.eclectics.collaboration.Tool.repository.CardRepository; If you want this repository to be a Redis repository, consider annotating your entities with one of these annotations: org.springframework.data.redis.core.RedisHash (preferred), or consider extending one of the following types with your repository: org.springframework.data.keyvalue.repository.KeyValueRepository
2026-08-12 12:36:50 INFO  o.s.d.r.c.RepositoryConfigurationExtensionSupport - Spring Data Redis - Could not safely identify store assignment for repository candidate interface com.eclectics.collaboration.Tool.repository.CommentRepository; If you want this repository to be a Redis repository, consider annotating your entities with one of these annotations: org.springframework.data.redis.core.RedisHash (preferred), or consider extending one of the following types with your repository: org.springframework.data.keyvalue.repository.KeyValueRepository
2026-08-12 12:36:50 INFO  o.s.d.r.c.RepositoryConfigurationExtensionSupport - Spring Data Redis - Could not safely identify store assignment for repository candidate interface com.eclectics.collaboration.Tool.repository.FAQRepository; If you want this repository to be a Redis repository, consider annotating your entities with one of these annotations: org.springframework.data.redis.core.RedisHash (preferred), or consider extending one of the following types with your repository: org.springframework.data.keyvalue.repository.KeyValueRepository
2026-08-12 12:36:50 INFO  o.s.d.r.c.RepositoryConfigurationExtensionSupport - Spring Data Redis - Could not safely identify store assignment for repository candidate interface com.eclectics.collaboration.Tool.repository.InvitationRepository; If you want this repository to be a Redis repository, consider annotating your entities with one of these annotations: org.springframework.data.redis.core.RedisHash (preferred), or consider extending one of the following types with your repository: org.springframework.data.keyvalue.repository.KeyValueRepository
2026-08-12 12:36:51 INFO  o.s.d.r.c.RepositoryConfigurationExtensionSupport - Spring Data Redis - Could not safely identify store assignment for repository candidate interface com.eclectics.collaboration.Tool.repository.IssueRepository; If you want this repository to be a Redis repository, consider annotating your entities with one of these annotations: org.springframework.data.redis.core.RedisHash (preferred), or consider extending one of the following types with your repository: org.springframework.data.keyvalue.repository.KeyValueRepository
2026-08-12 12:36:51 INFO  o.s.d.r.c.RepositoryConfigurationExtensionSupport - Spring Data Redis - Could not safely identify store assignment for repository candidate interface com.eclectics.collaboration.Tool.repository.LabelRepository; If you want this repository to be a Redis repository, consider annotating your entities with one of these annotations: org.springframework.data.redis.core.RedisHash (preferred), or consider extending one of the following types with your repository: org.springframework.data.keyvalue.repository.KeyValueRepository
2026-08-12 12:36:51 INFO  o.s.d.r.c.RepositoryConfigurationExtensionSupport - Spring Data Redis - Could not safely identify store assignment for repository candidate interface com.eclectics.collaboration.Tool.repository.ListEntityRepository; If you want this repository to be a Redis repository, consider annotating your entities with one of these annotations: org.springframework.data.redis.core.RedisHash (preferred), or consider extending one of the following types with your repository: org.springframework.data.keyvalue.repository.KeyValueRepository
2026-08-12 12:36:51 INFO  o.s.d.r.c.RepositoryConfigurationExtensionSupport - Spring Data Redis - Could not safely identify store assignment for repository candidate interface com.eclectics.collaboration.Tool.repository.NotificationRepository; If you want this repository to be a Redis repository, consider annotating your entities with one of these annotations: org.springframework.data.redis.core.RedisHash (preferred), or consider extending one of the following types with your repository: org.springframework.data.keyvalue.repository.KeyValueRepository
2026-08-12 12:36:51 INFO  o.s.d.r.c.RepositoryConfigurationExtensionSupport - Spring Data Redis - Could not safely identify store assignment for repository candidate interface com.eclectics.collaboration.Tool.repository.RefreshTokenRepository; If you want this repository to be a Redis repository, consider annotating your entities with one of these annotations: org.springframework.data.redis.core.RedisHash (preferred), or consider extending one of the following types with your repository: org.springframework.data.keyvalue.repository.KeyValueRepository
2026-08-12 12:36:51 INFO  o.s.d.r.c.RepositoryConfigurationExtensionSupport - Spring Data Redis - Could not safely identify store assignment for repository candidate interface com.eclectics.collaboration.Tool.repository.SystemConfigRepository; If you want this repository to be a Redis repository, consider annotating your entities with one of these annotations: org.springframework.data.redis.core.RedisHash (preferred), or consider extending one of the following types with your repository: org.springframework.data.keyvalue.repository.KeyValueRepository
2026-08-12 12:36:51 INFO  o.s.d.r.c.RepositoryConfigurationExtensionSupport - Spring Data Redis - Could not safely identify store assignment for repository candidate interface com.eclectics.collaboration.Tool.repository.TalkRepository; If you want this repository to be a Redis repository, consider annotating your entities with one of these annotations: org.springframework.data.redis.core.RedisHash (preferred), or consider extending one of the following types with your repository: org.springframework.data.keyvalue.repository.KeyValueRepository
2026-08-12 12:36:51 INFO  o.s.d.r.c.RepositoryConfigurationExtensionSupport - Spring Data Redis - Could not safely identify store assignment for repository candidate interface com.eclectics.collaboration.Tool.repository.UserRecentBoardRepository; If you want this repository to be a Redis repository, consider annotating your entities with one of these annotations: org.springframework.data.redis.core.RedisHash (preferred), or consider extending one of the following types with your repository: org.springframework.data.keyvalue.repository.KeyValueRepository
2026-08-12 12:36:51 INFO  o.s.d.r.c.RepositoryConfigurationExtensionSupport - Spring Data Redis - Could not safely identify store assignment for repository candidate interface com.eclectics.collaboration.Tool.repository.UserRespository; If you want this repository to be a Redis repository, consider annotating your entities with one of these annotations: org.springframework.data.redis.core.RedisHash (preferred), or consider extending one of the following types with your repository: org.springframework.data.keyvalue.repository.KeyValueRepository
2026-08-12 12:36:51 INFO  o.s.d.r.c.RepositoryConfigurationExtensionSupport - Spring Data Redis - Could not safely identify store assignment for repository candidate interface com.eclectics.collaboration.Tool.repository.WorkSpaceReposiroty; If you want this repository to be a Redis repository, consider annotating your entities with one of these annotations: org.springframework.data.redis.core.RedisHash (preferred), or consider extending one of the following types with your repository: org.springframework.data.keyvalue.repository.KeyValueRepository
2026-08-12 12:36:51 INFO  o.s.d.r.c.RepositoryConfigurationDelegate - Finished Spring Data repository scanning in 161 ms. Found 0 Redis repository interfaces.
2026-08-12 12:36:57 INFO  o.s.boot.tomcat.TomcatWebServer - Tomcat initialized with port 8084 (http)
2026-08-12 12:36:57 INFO  o.a.coyote.http11.Http11NioProtocol - Initializing ProtocolHandler ["http-nio-0.0.0.0-8084"]
2026-08-12 12:36:57 INFO  o.a.catalina.core.StandardService - Starting service [Tomcat]
2026-08-12 12:36:57 INFO  o.a.catalina.core.StandardEngine - Starting Servlet engine: [Apache Tomcat/11.0.15]
2026-08-12 12:36:58 INFO  o.s.b.w.c.s.WebApplicationContextInitializer - Root WebApplicationContext: initialization completed in 19375 ms
2026-08-12 12:36:58 INFO  com.zaxxer.hikari.HikariDataSource - HikariPool-1 - Starting...
2026-08-12 12:37:00 INFO  com.zaxxer.hikari.pool.HikariPool - HikariPool-1 - Added connection org.postgresql.jdbc.PgConnection@2fafa7b5
2026-08-12 12:37:00 INFO  com.zaxxer.hikari.HikariDataSource - HikariPool-1 - Start completed.
2026-08-12 12:37:01 INFO  org.hibernate.orm.jpa - HHH008540: Processing PersistenceUnitInfo [name: default]
2026-08-12 12:37:02 INFO  org.hibernate.orm.core - HHH000001: Hibernate ORM core version 7.2.1.Final
2026-08-12 12:37:05 INFO  o.s.o.j.p.SpringPersistenceUnitInfo - No LoadTimeWeaver setup: ignoring JPA class transformer
2026-08-12 12:37:05 INFO  o.hibernate.orm.connections.pooling - HHH10001005: Database info:
	Database JDBC URL [jdbc:postgresql://localhost:5432/collaborationTool]
	Database driver: PostgreSQL JDBC Driver
	Database dialect: PostgreSQLDialect
	Database version: 17.6
	Default catalog/schema: collaborationTool/public
	Autocommit mode: undefined/unknown
	Isolation level: READ_COMMITTED [default READ_COMMITTED]
	JDBC fetch size: none
	Pool: DataSourceConnectionProvider
	Minimum pool size: undefined/unknown
	Maximum pool size: undefined/unknown
2026-08-12 12:37:11 INFO  org.hibernate.orm.core - HHH000489: No JTA platform available (set 'hibernate.transaction.jta.platform' to enable JTA platform integration)
2026-08-12 12:37:11 INFO  o.s.o.j.LocalContainerEntityManagerFactoryBean - Initialized JPA EntityManagerFactory for persistence unit 'default'
2026-08-12 12:37:12 INFO  o.s.d.j.r.q.QueryEnhancerFactories - Hibernate is in classpath; If applicable, HQL parser will be used.
2026-08-12 12:37:37 WARN  o.s.b.j.a.JpaBaseConfiguration$JpaWebConfiguration - spring.jpa.open-in-view is enabled by default. Therefore, database queries may be performed during view rendering. Explicitly configure spring.jpa.open-in-view to disable this warning
2026-08-12 12:37:39 INFO  o.s.v.b.OptionalValidatorFactoryBean - Failed to set up a Bean Validation provider: jakarta.validation.NoProviderFoundException: Unable to create a Configuration, because no Jakarta Validation provider could be found. Add a provider like Hibernate Validator (RI) to your classpath.
2026-08-12 12:37:42 INFO  o.s.m.s.b.SimpleBrokerMessageHandler - Starting...
2026-08-12 12:37:42 INFO  o.s.m.s.b.SimpleBrokerMessageHandler - BrokerAvailabilityEvent[available=true, SimpleBrokerMessageHandler [org.springframework.messaging.simp.broker.DefaultSubscriptionRegistry@7e30dfa4]]
2026-08-12 12:37:42 INFO  o.s.m.s.b.SimpleBrokerMessageHandler - Started.
2026-08-12 12:37:42 INFO  o.a.coyote.http11.Http11NioProtocol - Starting ProtocolHandler ["http-nio-0.0.0.0-8084"]
2026-08-12 12:37:42 INFO  o.s.boot.tomcat.TomcatWebServer - Tomcat started on port 8084 (http) with context path '/'
2026-08-12 12:37:42 INFO  c.e.c.T.CollaborationToolApplication - Started CollaborationToolApplication in 67.28 seconds (process running for 72.56)
2026-08-12 12:37:43 INFO  c.e.c.Tool.configuration.AdminSeeder - >>> Admin already exists, skipping: nthengeabraham952@gmail.com
2026-08-12 12:37:43 INFO  c.e.c.Tool.configuration.AdminSeeder - >>> Admin already exists, skipping: chepkemoisheilah794@gmail.com
2026-08-12 12:38:42 INFO  o.s.w.s.c.WebSocketMessageBrokerStats - WebSocketSession[0 current WS(0)-HttpStream(0)-HttpPoll(0), 0 total, 0 closed abnormally (0 connect failure, 0 send limit, 0 transport error)], stompSubProtocol[processed CONNECT(0)-CONNECTED(0)-DISCONNECT(0)], stompBrokerRelay[null], inboundChannel[pool size = 0, active threads = 0, queued tasks = 0, completed tasks = 0], outboundChannel[pool size = 0, active threads = 0, queued tasks = 0, completed tasks = 0], sockJsScheduler[pool size = 4, active threads = 1, queued tasks = 1, completed tasks = 2]
2026-08-12 12:39:53 INFO  o.a.c.c.C.[Tomcat].[localhost].[/] - Initializing Spring DispatcherServlet 'dispatcherServlet'
2026-08-12 12:39:53 INFO  o.s.web.servlet.DispatcherServlet - Initializing Servlet 'dispatcherServlet'
2026-08-12 12:39:53 INFO  o.s.web.servlet.DispatcherServlet - Completed initialization in 5 ms
2026-08-12 12:39:53 INFO  c.e.c.Tool.security.RateLimitFilter - Request from IP: 10.235.148.185 | URI: /user/scratchpad | Tokens remaining: 50
2026-08-12 12:39:53 INFO  c.e.c.Tool.security.RateLimitFilter - Request from IP: 10.235.148.185 | URI: /user/recent-boards | Tokens remaining: 50
2026-08-12 12:39:53 INFO  c.e.c.Tool.security.RateLimitFilter - Request from IP: 10.235.148.185 | URI: /workspace/my-workspaces | Tokens remaining: 50
2026-08-12 12:39:53 WARN  c.e.c.Tool.security.JwtFilter - JWT Expired: JWT expired at 2026-08-12T09:37:36Z. Current time: 2026-08-12T09:39:53Z, a difference of 137816 milliseconds.  Allowed clock skew: 0 milliseconds.
2026-08-12 12:39:53 WARN  c.e.c.Tool.security.JwtFilter - JWT Expired: JWT expired at 2026-08-12T09:37:36Z. Current time: 2026-08-12T09:39:53Z, a difference of 137816 milliseconds.  Allowed clock skew: 0 milliseconds.
2026-08-12 12:39:53 WARN  c.e.c.Tool.security.JwtFilter - JWT Expired: JWT expired at 2026-08-12T09:37:36Z. Current time: 2026-08-12T09:39:53Z, a difference of 137816 milliseconds.  Allowed clock skew: 0 milliseconds.
2026-08-12 12:39:53 INFO  c.e.c.Tool.security.RateLimitFilter - Request from IP: 10.235.148.185 | URI: /user/refresh | Tokens remaining: 47
2026-08-12 12:39:54 INFO  c.e.c.Tool.security.RateLimitFilter - Request from IP: 10.235.148.185 | URI: /user/scratchpad | Tokens remaining: 46
2026-08-12 12:39:54 INFO  c.e.c.Tool.security.RateLimitFilter - Request from IP: 10.235.148.185 | URI: /workspace/my-workspaces | Tokens remaining: 45
2026-08-12 12:39:54 INFO  c.e.c.Tool.security.RateLimitFilter - Request from IP: 10.235.148.185 | URI: /user/recent-boards | Tokens remaining: 45
2026-08-12 12:40:04 INFO  c.e.c.Tool.security.RateLimitFilter - Request from IP: 10.235.148.185 | URI: /boards/workspace/4 | Tokens remaining: 50
2026-08-12 12:40:04 INFO  c.e.c.Tool.security.RateLimitFilter - Request from IP: 10.235.148.185 | URI: /boards/1/lists | Tokens remaining: 49
2026-08-12 12:40:05 INFO  c.e.c.Tool.security.RateLimitFilter - Request from IP: 10.235.148.185 | URI: /cards/lists/1/cards | Tokens remaining: 48
2026-08-12 12:40:05 INFO  c.e.c.Tool.security.RateLimitFilter - Request from IP: 10.235.148.185 | URI: /cards/lists/2/cards | Tokens remaining: 47
2026-08-12 12:40:05 INFO  c.e.c.Tool.security.RateLimitFilter - Request from IP: 10.235.148.185 | URI: /cards/lists/3/cards | Tokens remaining: 46
2026-08-12 12:40:05 INFO  c.e.c.Tool.security.RateLimitFilter - Request from IP: 10.235.148.185 | URI: /cards/lists/9/cards | Tokens remaining: 45
2026-08-12 12:40:44 INFO  c.e.c.Tool.security.RateLimitFilter - Request from IP: 10.235.148.185 | URI: /workspace/my-workspaces | Tokens remaining: 50
2026-08-12 12:40:44 INFO  c.e.c.Tool.security.RateLimitFilter - Request from IP: 10.235.148.185 | URI: /user/scratchpad | Tokens remaining: 49
2026-08-12 12:40:44 INFO  c.e.c.Tool.security.RateLimitFilter - Request from IP: 10.235.148.185 | URI: /user/recent-boards | Tokens remaining: 48
2026-08-12 12:40:44 INFO  c.e.c.Tool.security.RateLimitFilter - Request from IP: 10.235.148.185 | URI: /boards/workspace/4 | Tokens remaining: 47
2026-08-12 12:40:45 INFO  c.e.c.Tool.security.RateLimitFilter - Request from IP: 10.235.148.185 | URI: /boards/1/lists | Tokens remaining: 46
2026-08-12 12:40:45 INFO  c.e.c.Tool.security.RateLimitFilter - Request from IP: 10.235.148.185 | URI: /cards/lists/1/cards | Tokens remaining: 46
2026-08-12 12:40:45 INFO  c.e.c.Tool.security.RateLimitFilter - Request from IP: 10.235.148.185 | URI: /cards/lists/2/cards | Tokens remaining: 45
2026-08-12 12:40:46 INFO  c.e.c.Tool.security.RateLimitFilter - Request from IP: 10.235.148.185 | URI: /cards/lists/3/cards | Tokens remaining: 44
2026-08-12 12:40:46 INFO  c.e.c.Tool.security.RateLimitFilter - Request from IP: 10.235.148.185 | URI: /cards/lists/9/cards | Tokens remaining: 44
2026-08-12 12:42:11 INFO  c.e.c.Tool.security.RateLimitFilter - Request from IP: 10.235.148.185 | URI: /workspace/my-workspaces | Tokens remaining: 50
2026-08-12 12:42:11 INFO  c.e.c.Tool.security.RateLimitFilter - Request from IP: 10.235.148.185 | URI: /user/scratchpad | Tokens remaining: 49
2026-08-12 12:42:11 INFO  c.e.c.Tool.security.RateLimitFilter - Request from IP: 10.235.148.185 | URI: /user/recent-boards | Tokens remaining: 48
2026-08-12 12:42:11 INFO  c.e.c.Tool.security.RateLimitFilter - Request from IP: 10.235.148.185 | URI: /boards/workspace/4 | Tokens remaining: 47
2026-08-12 12:42:11 INFO  c.e.c.Tool.security.RateLimitFilter - Request from IP: 10.235.148.185 | URI: /boards/1/lists | Tokens remaining: 46
2026-08-12 12:42:12 INFO  c.e.c.Tool.security.RateLimitFilter - Request from IP: 10.235.148.185 | URI: /cards/lists/9/cards | Tokens remaining: 46
2026-08-12 12:42:12 INFO  c.e.c.Tool.security.RateLimitFilter - Request from IP: 10.235.148.185 | URI: /cards/lists/2/cards | Tokens remaining: 45
2026-08-12 12:42:12 INFO  c.e.c.Tool.security.RateLimitFilter - Request from IP: 10.235.148.185 | URI: /cards/lists/1/cards | Tokens remaining: 44
2026-08-12 12:42:12 INFO  c.e.c.Tool.security.RateLimitFilter - Request from IP: 10.235.148.185 | URI: /cards/lists/3/cards | Tokens remaining: 43
2026-08-12 12:42:24 INFO  c.e.c.Tool.security.RateLimitFilter - Request from IP: 10.235.148.185 | URI: /boards/workspace/4 | Tokens remaining: 50
2026-08-12 12:42:24 INFO  c.e.c.Tool.security.RateLimitFilter - Request from IP: 10.235.148.185 | URI: /boards/1/lists | Tokens remaining: 49
2026-08-12 12:42:26 INFO  c.e.c.Tool.security.RateLimitFilter - Request from IP: 10.235.148.185 | URI: /cards/lists/1/cards | Tokens remaining: 49
2026-08-12 12:42:26 INFO  c.e.c.Tool.security.RateLimitFilter - Request from IP: 10.235.148.185 | URI: /cards/lists/3/cards | Tokens remaining: 49
2026-08-12 12:42:26 INFO  c.e.c.Tool.security.RateLimitFilter - Request from IP: 10.235.148.185 | URI: /cards/lists/9/cards | Tokens remaining: 47
2026-08-12 12:42:26 INFO  c.e.c.Tool.security.RateLimitFilter - Request from IP: 10.235.148.185 | URI: /cards/lists/2/cards | Tokens remaining: 46
2026-08-12 12:42:31 INFO  c.e.c.Tool.security.RateLimitFilter - Request from IP: 10.235.148.185 | URI: /cards/assigned-to-me | Tokens remaining: 50
2026-08-12 12:42:39 INFO  c.e.c.Tool.security.RateLimitFilter - Request from IP: 10.235.148.185 | URI: /boards/workspace/4 | Tokens remaining: 50
2026-08-12 12:42:39 INFO  c.e.c.Tool.security.RateLimitFilter - Request from IP: 10.235.148.185 | URI: /boards/1/lists | Tokens remaining: 49
2026-08-12 12:42:40 INFO  c.e.c.Tool.security.RateLimitFilter - Request from IP: 10.235.148.185 | URI: /cards/lists/1/cards | Tokens remaining: 48
2026-08-12 12:42:40 INFO  c.e.c.Tool.security.RateLimitFilter - Request from IP: 10.235.148.185 | URI: /cards/lists/2/cards | Tokens remaining: 47
2026-08-12 12:42:40 INFO  c.e.c.Tool.security.RateLimitFilter - Request from IP: 10.235.148.185 | URI: /cards/lists/9/cards | Tokens remaining: 46
2026-08-12 12:42:40 INFO  c.e.c.Tool.security.RateLimitFilter - Request from IP: 10.235.148.185 | URI: /cards/lists/3/cards | Tokens remaining: 45
2026-08-12 12:42:44 INFO  c.e.c.Tool.security.RateLimitFilter - Request from IP: 10.235.148.185 | URI: /boards/workspace/4 | Tokens remaining: 48
2026-08-12 12:42:44 INFO  c.e.c.Tool.security.RateLimitFilter - Request from IP: 10.235.148.185 | URI: /boards/1/lists | Tokens remaining: 47
2026-08-12 12:42:45 INFO  c.e.c.Tool.security.RateLimitFilter - Request from IP: 10.235.148.185 | URI: /cards/lists/1/cards | Tokens remaining: 47
2026-08-12 12:42:45 INFO  c.e.c.Tool.security.RateLimitFilter - Request from IP: 10.235.148.185 | URI: /cards/lists/3/cards | Tokens remaining: 46
2026-08-12 12:42:45 INFO  c.e.c.Tool.security.RateLimitFilter - Request from IP: 10.235.148.185 | URI: /cards/lists/2/cards | Tokens remaining: 45
2026-08-12 12:42:45 INFO  c.e.c.Tool.security.RateLimitFilter - Request from IP: 10.235.148.185 | URI: /cards/lists/9/cards | Tokens remaining: 44
2026-08-12 12:42:56 INFO  c.e.c.Tool.security.RateLimitFilter - Request from IP: 10.235.148.185 | URI: /boards/workspace/4 | Tokens remaining: 50
2026-08-12 12:42:57 INFO  c.e.c.Tool.security.RateLimitFilter - Request from IP: 10.235.148.185 | URI: /boards/1/lists | Tokens remaining: 49
2026-08-12 12:42:57 INFO  c.e.c.Tool.security.RateLimitFilter - Request from IP: 10.235.148.185 | URI: /cards/lists/3/cards | Tokens remaining: 48
2026-08-12 12:42:57 INFO  c.e.c.Tool.security.RateLimitFilter - Request from IP: 10.235.148.185 | URI: /cards/lists/1/cards | Tokens remaining: 48
2026-08-12 12:42:57 INFO  c.e.c.Tool.security.RateLimitFilter - Request from IP: 10.235.148.185 | URI: /cards/lists/2/cards | Tokens remaining: 48
2026-08-12 12:42:57 INFO  c.e.c.Tool.security.RateLimitFilter - Request from IP: 10.235.148.185 | URI: /cards/lists/9/cards | Tokens remaining: 45
2026-08-12 12:43:03 INFO  c.e.c.Tool.security.RateLimitFilter - Request from IP: 10.235.148.185 | URI: /boards/workspace/4 | Tokens remaining: 49
2026-08-12 12:43:03 INFO  c.e.c.Tool.security.RateLimitFilter - Request from IP: 10.235.148.185 | URI: /boards/1/lists | Tokens remaining: 48
2026-08-12 12:43:04 INFO  c.e.c.Tool.security.RateLimitFilter - Request from IP: 10.235.148.185 | URI: /cards/lists/1/cards | Tokens remaining: 48
2026-08-12 12:43:04 INFO  c.e.c.Tool.security.RateLimitFilter - Request from IP: 10.235.148.185 | URI: /cards/lists/2/cards | Tokens remaining: 48
2026-08-12 12:43:04 INFO  c.e.c.Tool.security.RateLimitFilter - Request from IP: 10.235.148.185 | URI: /cards/lists/9/cards | Tokens remaining: 46
2026-08-12 12:43:04 INFO  c.e.c.Tool.security.RateLimitFilter - Request from IP: 10.235.148.185 | URI: /cards/lists/3/cards | Tokens remaining: 45
2026-08-12 12:44:06 INFO  c.e.c.Tool.security.RateLimitFilter - Request from IP: 10.235.148.185 | URI: /user/recent-boards | Tokens remaining: 50
2026-08-12 12:44:06 INFO  c.e.c.Tool.security.RateLimitFilter - Request from IP: 10.235.148.185 | URI: /workspace/my-workspaces | Tokens remaining: 49
2026-08-12 12:44:06 INFO  c.e.c.Tool.security.RateLimitFilter - Request from IP: 10.235.148.185 | URI: /user/scratchpad | Tokens remaining: 48
2026-08-12 12:44:07 INFO  c.e.c.Tool.security.RateLimitFilter - Request from IP: 10.235.148.185 | URI: /boards/workspace/4 | Tokens remaining: 47
2026-08-12 12:44:07 INFO  c.e.c.Tool.security.RateLimitFilter - Request from IP: 10.235.148.185 | URI: /boards/1/lists | Tokens remaining: 46
2026-08-12 12:44:08 INFO  c.e.c.Tool.security.RateLimitFilter - Request from IP: 10.235.148.185 | URI: /cards/lists/2/cards | Tokens remaining: 46
2026-08-12 12:44:08 INFO  c.e.c.Tool.security.RateLimitFilter - Request from IP: 10.235.148.185 | URI: /cards/lists/3/cards | Tokens remaining: 46
2026-08-12 12:44:08 INFO  c.e.c.Tool.security.RateLimitFilter - Request from IP: 10.235.148.185 | URI: /cards/lists/9/cards | Tokens remaining: 45
2026-08-12 12:44:08 INFO  c.e.c.Tool.security.RateLimitFilter - Request from IP: 10.235.148.185 | URI: /cards/lists/1/cards | Tokens remaining: 46
2026-08-12 12:44:17 INFO  c.e.c.Tool.security.RateLimitFilter - Request from IP: 10.235.148.185 | URI: /user/scratchpad | Tokens remaining: 50
2026-08-12 12:44:17 INFO  c.e.c.Tool.security.RateLimitFilter - Request from IP: 10.235.148.185 | URI: /workspace/my-workspaces | Tokens remaining: 50
2026-08-12 12:44:17 INFO  c.e.c.Tool.security.RateLimitFilter - Request from IP: 10.235.148.185 | URI: /user/recent-boards | Tokens remaining: 50
2026-08-12 12:44:18 INFO  c.e.c.Tool.security.RateLimitFilter - Request from IP: 10.235.148.185 | URI: /boards/workspace/4 | Tokens remaining: 47
2026-08-12 12:44:18 INFO  c.e.c.Tool.security.RateLimitFilter - Request from IP: 10.235.148.185 | URI: /boards/1/lists | Tokens remaining: 46
2026-08-12 12:44:19 INFO  c.e.c.Tool.security.RateLimitFilter - Request from IP: 10.235.148.185 | URI: /cards/lists/2/cards | Tokens remaining: 46
2026-08-12 12:44:19 INFO  c.e.c.Tool.security.RateLimitFilter - Request from IP: 10.235.148.185 | URI: /cards/lists/1/cards | Tokens remaining: 45
2026-08-12 12:44:19 INFO  c.e.c.Tool.security.RateLimitFilter - Request from IP: 10.235.148.185 | URI: /cards/lists/3/cards | Tokens remaining: 44
2026-08-12 12:44:19 INFO  c.e.c.Tool.security.RateLimitFilter - Request from IP: 10.235.148.185 | URI: /cards/lists/9/cards | Tokens remaining: 43
2026-08-12 12:44:22 INFO  c.e.c.Tool.security.RateLimitFilter - Request from IP: 10.235.148.185 | URI: /cards/assigned-to-me | Tokens remaining: 44
2026-08-12 12:44:26 INFO  c.e.c.Tool.security.RateLimitFilter - Request from IP: 10.235.148.185 | URI: /boards/workspace/4 | Tokens remaining: 47
2026-08-12 12:44:26 INFO  c.e.c.Tool.security.RateLimitFilter - Request from IP: 10.235.148.185 | URI: /boards/1/lists | Tokens remaining: 46
2026-08-12 12:44:27 INFO  c.e.c.Tool.security.RateLimitFilter - Request from IP: 10.235.148.185 | URI: /cards/lists/1/cards | Tokens remaining: 45
2026-08-12 12:44:27 INFO  c.e.c.Tool.security.RateLimitFilter - Request from IP: 10.235.148.185 | URI: /cards/lists/3/cards | Tokens remaining: 44
2026-08-12 12:44:27 INFO  c.e.c.Tool.security.RateLimitFilter - Request from IP: 10.235.148.185 | URI: /cards/lists/2/cards | Tokens remaining: 43
2026-08-12 12:44:27 INFO  c.e.c.Tool.security.RateLimitFilter - Request from IP: 10.235.148.185 | URI: /cards/lists/9/cards | Tokens remaining: 42
2026-08-12 12:44:48 INFO  c.e.c.Tool.security.RateLimitFilter - Request from IP: 10.235.148.185 | URI: /user/recent-boards | Tokens remaining: 50
2026-08-12 12:44:48 INFO  c.e.c.Tool.security.RateLimitFilter - Request from IP: 10.235.148.185 | URI: /workspace/my-workspaces | Tokens remaining: 49
2026-08-12 12:44:48 INFO  c.e.c.Tool.security.RateLimitFilter - Request from IP: 10.235.148.185 | URI: /user/scratchpad | Tokens remaining: 48
2026-08-12 12:44:49 INFO  c.e.c.Tool.security.RateLimitFilter - Request from IP: 10.235.148.185 | URI: /boards/workspace/4 | Tokens remaining: 47
2026-08-12 12:44:49 INFO  c.e.c.Tool.security.RateLimitFilter - Request from IP: 10.235.148.185 | URI: /boards/1/lists | Tokens remaining: 46
2026-08-12 12:44:50 INFO  c.e.c.Tool.security.RateLimitFilter - Request from IP: 10.235.148.185 | URI: /cards/lists/1/cards | Tokens remaining: 46
2026-08-12 12:44:50 INFO  c.e.c.Tool.security.RateLimitFilter - Request from IP: 10.235.148.185 | URI: /cards/lists/2/cards | Tokens remaining: 45
2026-08-12 12:44:50 INFO  c.e.c.Tool.security.RateLimitFilter - Request from IP: 10.235.148.185 | URI: /cards/lists/3/cards | Tokens remaining: 44
2026-08-12 12:44:50 INFO  c.e.c.Tool.security.RateLimitFilter - Request from IP: 10.235.148.185 | URI: /cards/lists/9/cards | Tokens remaining: 43
2026-08-12 12:45:02 INFO  c.e.c.Tool.security.RateLimitFilter - Request from IP: 10.235.148.185 | URI: /workspace/my-workspaces | Tokens remaining: 50
2026-08-12 12:45:02 INFO  c.e.c.Tool.security.RateLimitFilter - Request from IP: 10.235.148.185 | URI: /user/scratchpad | Tokens remaining: 49
2026-08-12 12:45:02 INFO  c.e.c.Tool.security.RateLimitFilter - Request from IP: 10.235.148.185 | URI: /user/recent-boards | Tokens remaining: 48
2026-08-12 12:45:03 INFO  c.e.c.Tool.security.RateLimitFilter - Request from IP: 10.235.148.185 | URI: /boards/workspace/4 | Tokens remaining: 47
2026-08-12 12:45:03 INFO  c.e.c.Tool.security.RateLimitFilter - Request from IP: 10.235.148.185 | URI: /boards/1/lists | Tokens remaining: 46
2026-08-12 12:45:04 INFO  c.e.c.Tool.security.RateLimitFilter - Request from IP: 10.235.148.185 | URI: /cards/lists/2/cards | Tokens remaining: 46
2026-08-12 12:45:04 INFO  c.e.c.Tool.security.RateLimitFilter - Request from IP: 10.235.148.185 | URI: /cards/lists/1/cards | Tokens remaining: 45
2026-08-12 12:45:04 INFO  c.e.c.Tool.security.RateLimitFilter - Request from IP: 10.235.148.185 | URI: /cards/lists/3/cards | Tokens remaining: 45
2026-08-12 12:45:04 INFO  c.e.c.Tool.security.RateLimitFilter - Request from IP: 10.235.148.185 | URI: /cards/lists/9/cards | Tokens remaining: 45
2026-08-12 12:45:04 INFO  c.e.c.Tool.security.RateLimitFilter - Request from IP: 10.235.148.185 | URI: /cards/assigned-to-me | Tokens remaining: 42
2026-08-12 12:45:20 INFO  c.e.c.Tool.security.RateLimitFilter - Request from IP: 10.235.148.185 | URI: /workspace/my-workspaces | Tokens remaining: 50
2026-08-12 12:45:20 INFO  c.e.c.Tool.security.RateLimitFilter - Request from IP: 10.235.148.185 | URI: /user/scratchpad | Tokens remaining: 50
2026-08-12 12:45:20 INFO  c.e.c.Tool.security.RateLimitFilter - Request from IP: 10.235.148.185 | URI: /user/recent-boards | Tokens remaining: 50
2026-08-12 12:45:21 INFO  c.e.c.Tool.security.RateLimitFilter - Request from IP: 10.235.148.185 | URI: /boards/workspace/4 | Tokens remaining: 47
2026-08-12 12:45:21 INFO  c.e.c.Tool.security.RateLimitFilter - Request from IP: 10.235.148.185 | URI: /boards/1/lists | Tokens remaining: 47
2026-08-12 12:45:22 INFO  c.e.c.Tool.security.RateLimitFilter - Request from IP: 10.235.148.185 | URI: /cards/lists/1/cards | Tokens remaining: 46
2026-08-12 12:45:22 INFO  c.e.c.Tool.security.RateLimitFilter - Request from IP: 10.235.148.185 | URI: /cards/lists/3/cards | Tokens remaining: 46
2026-08-12 12:45:22 INFO  c.e.c.Tool.security.RateLimitFilter - Request from IP: 10.235.148.185 | URI: /cards/lists/9/cards | Tokens remaining: 44
2026-08-12 12:45:22 INFO  c.e.c.Tool.security.RateLimitFilter - Request from IP: 10.235.148.185 | URI: /cards/lists/2/cards | Tokens remaining: 43
2026-08-12 12:45:22 INFO  c.e.c.Tool.security.RateLimitFilter - Request from IP: 10.235.148.185 | URI: /cards/assigned-to-me | Tokens remaining: 42
2026-08-12 12:45:28 INFO  c.e.c.Tool.security.RateLimitFilter - Request from IP: 10.235.148.185 | URI: /boards/workspace/4 | Tokens remaining: 46
2026-08-12 12:45:28 INFO  c.e.c.Tool.security.RateLimitFilter - Request from IP: 10.235.148.185 | URI: /boards/1/lists | Tokens remaining: 45
2026-08-12 12:45:29 INFO  c.e.c.Tool.security.RateLimitFilter - Request from IP: 10.235.148.185 | URI: /cards/lists/1/cards | Tokens remaining: 45
2026-08-12 12:45:29 INFO  c.e.c.Tool.security.RateLimitFilter - Request from IP: 10.235.148.185 | URI: /cards/lists/2/cards | Tokens remaining: 44
2026-08-12 12:45:29 INFO  c.e.c.Tool.security.RateLimitFilter - Request from IP: 10.235.148.185 | URI: /cards/lists/9/cards | Tokens remaining: 43
2026-08-12 12:45:29 INFO  c.e.c.Tool.security.RateLimitFilter - Request from IP: 10.235.148.185 | URI: /cards/lists/3/cards | Tokens remaining: 42
2026-08-12 12:45:31 INFO  c.e.c.Tool.security.RateLimitFilter - Request from IP: 10.235.148.185 | URI: /boards/workspace/5 | Tokens remaining: 43
2026-08-12 12:45:32 INFO  c.e.c.Tool.security.RateLimitFilter - Request from IP: 10.235.148.185 | URI: /boards/4/lists | Tokens remaining: 42
2026-08-12 12:45:37 INFO  c.e.c.Tool.security.RateLimitFilter - Request from IP: 10.235.148.185 | URI: /boards/workspace/5 | Tokens remaining: 46
2026-08-12 12:45:37 INFO  c.e.c.Tool.security.RateLimitFilter - Request from IP: 10.235.148.185 | URI: /board/4/members | Tokens remaining: 45
2026-08-12 12:45:37 INFO  c.e.c.Tool.security.RateLimitFilter - Request from IP: 10.235.148.185 | URI: /boards/4/lists | Tokens remaining: 45
2026-08-12 12:45:49 INFO  c.e.c.Tool.security.RateLimitFilter - Request from IP: 10.235.148.185 | URI: /boards/lists | Tokens remaining: 50
2026-08-12 12:45:49 WARN  c.e.c.T.e.CollaborationExceptionHandler - Forbidden action: User is not a member of the board
2026-08-12 12:45:49 INFO  c.e.c.Tool.security.RateLimitFilter - Request from IP: 10.235.148.185 | URI: /user/refresh | Tokens remaining: 49
2026-08-12 12:45:49 INFO  c.e.c.Tool.security.RateLimitFilter - Request from IP: 10.235.148.185 | URI: /boards/lists | Tokens remaining: 48
2026-08-12 12:45:50 WARN  c.e.c.T.e.CollaborationExceptionHandler - Forbidden action: User is not a member of the board
2026-08-12 12:46:32 INFO  c.e.c.Tool.security.RateLimitFilter - Request from IP: 10.235.148.185 | URI: /issues/active | Tokens remaining: 50
2026-08-12 12:46:55 INFO  c.e.c.Tool.security.RateLimitFilter - Request from IP: 10.235.148.185 | URI: /user/login | Tokens remaining: 50
2026-08-12 12:46:57 INFO  c.e.c.Tool.security.RateLimitFilter - Request from IP: 10.235.148.185 | URI: /workspace/my-workspaces | Tokens remaining: 50
2026-08-12 12:46:57 INFO  c.e.c.Tool.security.RateLimitFilter - Request from IP: 10.235.148.185 | URI: /user/recent-boards | Tokens remaining: 49
2026-08-12 12:46:57 INFO  c.e.c.Tool.security.RateLimitFilter - Request from IP: 10.235.148.185 | URI: /user/scratchpad | Tokens remaining: 48
2026-08-12 12:46:57 INFO  c.e.c.Tool.security.RateLimitFilter - Request from IP: 10.235.148.185 | URI: /boards/workspace/4 | Tokens remaining: 47
2026-08-12 12:46:58 INFO  c.e.c.Tool.security.RateLimitFilter - Request from IP: 10.235.148.185 | URI: /boards/1/lists | Tokens remaining: 46
2026-08-12 12:46:58 INFO  c.e.c.Tool.security.RateLimitFilter - Request from IP: 10.235.148.185 | URI: /cards/lists/1/cards | Tokens remaining: 46
2026-08-12 12:46:58 INFO  c.e.c.Tool.security.RateLimitFilter - Request from IP: 10.235.148.185 | URI: /cards/lists/2/cards | Tokens remaining: 45
2026-08-12 12:46:58 INFO  c.e.c.Tool.security.RateLimitFilter - Request from IP: 10.235.148.185 | URI: /cards/lists/3/cards | Tokens remaining: 44
2026-08-12 12:46:58 INFO  c.e.c.Tool.security.RateLimitFilter - Request from IP: 10.235.148.185 | URI: /cards/lists/9/cards | Tokens remaining: 43
2026-08-12 12:47:04 INFO  c.e.c.Tool.security.RateLimitFilter - Request from IP: 10.235.148.185 | URI: /cards/assigned-to-me | Tokens remaining: 46
2026-08-12 12:47:07 INFO  c.e.c.Tool.security.RateLimitFilter - Request from IP: 10.235.148.185 | URI: /workspace/my-invitations | Tokens remaining: 48
2026-08-12 12:47:11 INFO  c.e.c.Tool.security.RateLimitFilter - Request from IP: 10.235.148.185 | URI: /workspace/my-invitations | Tokens remaining: 50
2026-08-12 12:47:15 INFO  c.e.c.Tool.security.RateLimitFilter - Request from IP: 10.235.148.185 | URI: /cards/assigned-to-me | Tokens remaining: 50
2026-08-12 12:47:36 INFO  c.e.c.Tool.security.RateLimitFilter - Request from IP: 10.235.148.185 | URI: /user/recent-boards/2 | Tokens remaining: 50
2026-08-12 12:47:36 INFO  c.e.c.Tool.security.RateLimitFilter - Request from IP: 10.235.148.185 | URI: /boards/2/lists | Tokens remaining: 49
2026-08-12 12:47:36 INFO  c.e.c.Tool.security.RateLimitFilter - Request from IP: 10.235.148.185 | URI: /user/recent-boards | Tokens remaining: 48
2026-08-12 12:47:41 INFO  c.e.c.Tool.security.RateLimitFilter - Request from IP: 10.235.148.185 | URI: /boards/workspace/4 | Tokens remaining: 50
2026-08-12 12:47:41 INFO  c.e.c.Tool.security.RateLimitFilter - Request from IP: 10.235.148.185 | URI: /boards/1/lists | Tokens remaining: 49
2026-08-12 12:47:41 INFO  c.e.c.Tool.security.RateLimitFilter - Request from IP: 10.235.148.185 | URI: /board/1/members | Tokens remaining: 48
2026-08-12 12:47:42 INFO  c.e.c.Tool.security.RateLimitFilter - Request from IP: 10.235.148.185 | URI: /cards/lists/2/cards | Tokens remaining: 47
2026-08-12 12:47:42 INFO  c.e.c.Tool.security.RateLimitFilter - Request from IP: 10.235.148.185 | URI: /cards/lists/1/cards | Tokens remaining: 46
2026-08-12 12:47:42 INFO  c.e.c.Tool.security.RateLimitFilter - Request from IP: 10.235.148.185 | URI: /cards/lists/9/cards | Tokens remaining: 45
2026-08-12 12:47:42 INFO  c.e.c.Tool.security.RateLimitFilter - Request from IP: 10.235.148.185 | URI: /cards/lists/3/cards | Tokens remaining: 45
2026-08-12 12:47:45 INFO  c.e.c.Tool.security.RateLimitFilter - Request from IP: 10.235.148.185 | URI: /boards/2/lists | Tokens remaining: 46
2026-08-12 12:47:45 INFO  c.e.c.Tool.security.RateLimitFilter - Request from IP: 10.235.148.185 | URI: /board/2/members | Tokens remaining: 45
2026-08-12 12:47:55 INFO  c.e.c.Tool.security.RateLimitFilter - Request from IP: 10.235.148.185 | URI: /boards/lists | Tokens remaining: 50
2026-08-12 12:47:56 WARN  c.e.c.T.e.CollaborationExceptionHandler - Forbidden action: User is not a member of the board
2026-08-12 12:47:56 INFO  c.e.c.Tool.security.RateLimitFilter - Request from IP: 10.235.148.185 | URI: /user/refresh | Tokens remaining: 49
2026-08-12 12:47:56 INFO  c.e.c.Tool.security.RateLimitFilter - Request from IP: 10.235.148.185 | URI: /boards/lists | Tokens remaining: 48
2026-08-12 12:47:57 WARN  c.e.c.T.e.CollaborationExceptionHandler - Forbidden action: User is not a member of the board
2026-08-12 12:54:12 INFO  c.e.c.Tool.security.RateLimitFilter - Request from IP: 10.235.148.185 | URI: /issues/active | Tokens remaining: 50
2026-08-12 12:54:27 INFO  c.e.c.Tool.security.RateLimitFilter - Request from IP: 10.235.148.185 | URI: /user/login | Tokens remaining: 50
2026-08-12 12:54:28 INFO  c.e.c.Tool.security.RateLimitFilter - Request from IP: 10.235.148.185 | URI: /workspace/my-workspaces | Tokens remaining: 50
2026-08-12 12:54:28 INFO  c.e.c.Tool.security.RateLimitFilter - Request from IP: 10.235.148.185 | URI: /user/scratchpad | Tokens remaining: 49
2026-08-12 12:54:28 INFO  c.e.c.Tool.security.RateLimitFilter - Request from IP: 10.235.148.185 | URI: /user/recent-boards | Tokens remaining: 48
2026-08-12 12:54:29 INFO  c.e.c.Tool.security.RateLimitFilter - Request from IP: 10.235.148.185 | URI: /boards/workspace/4 | Tokens remaining: 47
2026-08-12 12:54:30 INFO  c.e.c.Tool.security.RateLimitFilter - Request from IP: 10.235.148.185 | URI: /boards/1/lists | Tokens remaining: 47
2026-08-12 12:54:30 INFO  c.e.c.Tool.security.RateLimitFilter - Request from IP: 10.235.148.185 | URI: /cards/lists/2/cards | Tokens remaining: 46
2026-08-12 12:54:30 INFO  c.e.c.Tool.security.RateLimitFilter - Request from IP: 10.235.148.185 | URI: /cards/lists/3/cards | Tokens remaining: 45
2026-08-12 12:54:30 INFO  c.e.c.Tool.security.RateLimitFilter - Request from IP: 10.235.148.185 | URI: /cards/lists/9/cards | Tokens remaining: 44
2026-08-12 12:54:30 INFO  c.e.c.Tool.security.RateLimitFilter - Request from IP: 10.235.148.185 | URI: /cards/lists/1/cards | Tokens remaining: 43
2026-08-12 12:54:34 INFO  c.e.c.Tool.security.RateLimitFilter - Request from IP: 10.235.148.185 | URI: /cards/assigned-to-me | Tokens remaining: 45
2026-08-12 12:54:39 INFO  c.e.c.Tool.security.RateLimitFilter - Request from IP: 10.235.148.185 | URI: /cards/assigned-to-me | Tokens remaining: 48
2026-08-12 12:56:17 INFO  c.e.c.Tool.security.RateLimitFilter - Request from IP: 10.235.148.185 | URI: /workspace/create | Tokens remaining: 50
2026-08-12 12:56:17 INFO  c.e.c.T.s.Impl.WorkSpaceServiceImpl - Workspace created id=14 by user=nthengesj@gmail.com
2026-08-12 12:56:27 INFO  c.e.c.Tool.security.RateLimitFilter - Request from IP: 10.235.148.185 | URI: /workspace/14/invite | Tokens remaining: 50
2026-08-12 12:56:28 INFO  c.e.c.T.s.Impl.EmailServiceImpl - Attempting to send email to: nthengeabraham952@gmail.com
2026-08-12 12:56:33 INFO  c.e.c.T.s.Impl.EmailServiceImpl - Email sent successfully to: nthengeabraham952@gmail.com
2026-08-12 12:56:38 INFO  c.e.c.Tool.security.RateLimitFilter - Request from IP: 10.235.148.185 | URI: /boards/workspace/14 | Tokens remaining: 50
2026-08-12 12:56:53 INFO  c.e.c.Tool.security.RateLimitFilter - Request from IP: 10.235.148.185 | URI: /user/scratchpad | Tokens remaining: 50
2026-08-12 12:56:53 INFO  c.e.c.Tool.security.RateLimitFilter - Request from IP: 10.235.148.185 | URI: /user/recent-boards | Tokens remaining: 49
2026-08-12 12:56:53 INFO  c.e.c.Tool.security.RateLimitFilter - Request from IP: 10.235.148.185 | URI: /workspace/my-workspaces | Tokens remaining: 48
2026-08-12 12:56:54 INFO  c.e.c.Tool.security.RateLimitFilter - Request from IP: 10.235.148.185 | URI: /boards/workspace/4 | Tokens remaining: 47
2026-08-12 12:56:54 INFO  c.e.c.Tool.security.RateLimitFilter - Request from IP: 10.235.148.185 | URI: /boards/1/lists | Tokens remaining: 47
2026-08-12 12:56:55 INFO  c.e.c.Tool.security.RateLimitFilter - Request from IP: 10.235.148.185 | URI: /cards/lists/3/cards | Tokens remaining: 46
2026-08-12 12:56:55 INFO  c.e.c.Tool.security.RateLimitFilter - Request from IP: 10.235.148.185 | URI: /cards/lists/1/cards | Tokens remaining: 45
2026-08-12 12:56:55 INFO  c.e.c.Tool.security.RateLimitFilter - Request from IP: 10.235.148.185 | URI: /cards/lists/9/cards | Tokens remaining: 44
2026-08-12 12:56:55 INFO  c.e.c.Tool.security.RateLimitFilter - Request from IP: 10.235.148.185 | URI: /cards/lists/2/cards | Tokens remaining: 43
2026-08-12 13:08:42 INFO  o.s.w.s.c.WebSocketMessageBrokerStats - WebSocketSession[0 current WS(0)-HttpStream(0)-HttpPoll(0), 0 total, 0 closed abnormally (0 connect failure, 0 send limit, 0 transport error)], stompSubProtocol[processed CONNECT(0)-CONNECTED(0)-DISCONNECT(0)], stompBrokerRelay[null], inboundChannel[pool size = 0, active threads = 0, queued tasks = 0, completed tasks = 0], outboundChannel[pool size = 0, active threads = 0, queued tasks = 0, completed tasks = 0], sockJsScheduler[pool size = 4, active threads = 1, queued tasks = 1, completed tasks = 63]
2026-08-12 13:38:42 INFO  o.s.w.s.c.WebSocketMessageBrokerStats - WebSocketSession[0 current WS(0)-HttpStream(0)-HttpPoll(0), 0 total, 0 closed abnormally (0 connect failure, 0 send limit, 0 transport error)], stompSubProtocol[processed CONNECT(0)-CONNECTED(0)-DISCONNECT(0)], stompBrokerRelay[null], inboundChannel[pool size = 0, active threads = 0, queued tasks = 0, completed tasks = 0], outboundChannel[pool size = 0, active threads = 0, queued tasks = 0, completed tasks = 0], sockJsScheduler[pool size = 4, active threads = 1, queued tasks = 1, completed tasks = 124]
2026-08-12 14:08:42 INFO  o.s.w.s.c.WebSocketMessageBrokerStats - WebSocketSession[0 current WS(0)-HttpStream(0)-HttpPoll(0), 0 total, 0 closed abnormally (0 connect failure, 0 send limit, 0 transport error)], stompSubProtocol[processed CONNECT(0)-CONNECTED(0)-DISCONNECT(0)], stompBrokerRelay[null], inboundChannel[pool size = 0, active threads = 0, queued tasks = 0, completed tasks = 0], outboundChannel[pool size = 0, active threads = 0, queued tasks = 0, completed tasks = 0], sockJsScheduler[pool size = 4, active threads = 1, queued tasks = 1, completed tasks = 186]
2026-08-12 14:32:21 INFO  c.e.c.Tool.security.RateLimitFilter - Request from IP: 10.235.148.185 | URI: /cards/assigned-to-me | Tokens remaining: 50
2026-08-12 14:32:21 WARN  c.e.c.Tool.security.JwtFilter - JWT Expired: JWT expired at 2026-08-12T10:09:28Z. Current time: 2026-08-12T11:32:21Z, a difference of 4973617 milliseconds.  Allowed clock skew: 0 milliseconds.
2026-08-12 14:32:21 INFO  c.e.c.Tool.security.RateLimitFilter - Request from IP: 10.235.148.185 | URI: /user/refresh | Tokens remaining: 49
2026-08-12 14:32:23 INFO  c.e.c.Tool.security.RateLimitFilter - Request from IP: 10.235.148.185 | URI: /cards/assigned-to-me | Tokens remaining: 49
2026-08-12 14:32:27 INFO  c.e.c.Tool.security.RateLimitFilter - Request from IP: 10.235.148.185 | URI: /workspace/my-invitations | Tokens remaining: 50
2026-08-12 14:32:30 INFO  c.e.c.Tool.security.RateLimitFilter - Request from IP: 10.235.148.185 | URI: /workspace/my-invitations | Tokens remaining: 50
2026-08-12 14:32:32 INFO  c.e.c.Tool.security.RateLimitFilter - Request from IP: 10.235.148.185 | URI: /cards/assigned-to-me | Tokens remaining: 50
2026-08-12 14:32:43 INFO  c.e.c.Tool.security.RateLimitFilter - Request from IP: 10.235.148.185 | URI: /cards/assigned-to-me | Tokens remaining: 50
2026-08-12 14:34:05 INFO  c.e.c.Tool.security.RateLimitFilter - Request from IP: 10.235.148.185 | URI: /boards/workspace/14 | Tokens remaining: 50
2026-08-12 14:34:11 INFO  c.e.c.Tool.security.RateLimitFilter - Request from IP: 10.235.148.185 | URI: /boards/workspace/14 | Tokens remaining: 50
2026-08-12 14:34:35 INFO  c.e.c.Tool.security.RateLimitFilter - Request from IP: 10.235.148.185 | URI: /workspace/my-workspaces | Tokens remaining: 50
2026-08-12 14:34:35 INFO  c.e.c.Tool.security.RateLimitFilter - Request from IP: 10.235.148.185 | URI: /user/scratchpad | Tokens remaining: 49
2026-08-12 14:34:35 INFO  c.e.c.Tool.security.RateLimitFilter - Request from IP: 10.235.148.185 | URI: /user/recent-boards | Tokens remaining: 48
2026-08-12 14:34:36 INFO  c.e.c.Tool.security.RateLimitFilter - Request from IP: 10.235.148.185 | URI: /boards/workspace/4 | Tokens remaining: 47
2026-08-12 14:34:36 INFO  c.e.c.Tool.security.RateLimitFilter - Request from IP: 10.235.148.185 | URI: /boards/1/lists | Tokens remaining: 46
2026-08-12 14:34:37 INFO  c.e.c.Tool.security.RateLimitFilter - Request from IP: 10.235.148.185 | URI: /cards/lists/2/cards | Tokens remaining: 46
2026-08-12 14:34:37 INFO  c.e.c.Tool.security.RateLimitFilter - Request from IP: 10.235.148.185 | URI: /cards/lists/1/cards | Tokens remaining: 45
2026-08-12 14:34:37 INFO  c.e.c.Tool.security.RateLimitFilter - Request from IP: 10.235.148.185 | URI: /cards/lists/3/cards | Tokens remaining: 44
2026-08-12 14:34:37 INFO  c.e.c.Tool.security.RateLimitFilter - Request from IP: 10.235.148.185 | URI: /cards/lists/9/cards | Tokens remaining: 43
2026-08-12 14:38:42 INFO  o.s.w.s.c.WebSocketMessageBrokerStats - WebSocketSession[0 current WS(0)-HttpStream(0)-HttpPoll(0), 0 total, 0 closed abnormally (0 connect failure, 0 send limit, 0 transport error)], stompSubProtocol[processed CONNECT(0)-CONNECTED(0)-DISCONNECT(0)], stompBrokerRelay[null], inboundChannel[pool size = 0, active threads = 0, queued tasks = 0, completed tasks = 0], outboundChannel[pool size = 0, active threads = 0, queued tasks = 0, completed tasks = 0], sockJsScheduler[pool size = 4, active threads = 1, queued tasks = 1, completed tasks = 247]
2026-08-12 15:07:27 INFO  o.s.boot.tomcat.GracefulShutdown - Commencing graceful shutdown. Waiting for active requests to complete
2026-08-12 15:07:28 INFO  o.s.boot.tomcat.GracefulShutdown - Graceful shutdown complete
2026-08-12 15:07:28 INFO  o.s.m.s.b.SimpleBrokerMessageHandler - Stopping...
2026-08-12 15:07:28 INFO  o.s.m.s.b.SimpleBrokerMessageHandler - BrokerAvailabilityEvent[available=false, SimpleBrokerMessageHandler [org.springframework.messaging.simp.broker.DefaultSubscriptionRegistry@7e30dfa4]]
2026-08-12 15:07:28 INFO  o.s.m.s.b.SimpleBrokerMessageHandler - Stopped.
2026-08-12 15:07:31 INFO  o.s.o.j.LocalContainerEntityManagerFactoryBean - Closing JPA EntityManagerFactory for persistence unit 'default'
2026-08-12 15:07:31 INFO  com.zaxxer.hikari.HikariDataSource - HikariPool-1 - Shutdown initiated...
2026-08-12 15:07:31 INFO  com.zaxxer.hikari.HikariDataSource - HikariPool-1 - Shutdown completed.
2026-08-12 15:08:24 INFO  c.e.c.T.CollaborationToolApplication - Starting CollaborationToolApplication using Java 21.0.8 with PID 4944 (C:\Abraham\Code\Eclectics\Collaboration-Tool\target\classes started by pc in C:\Abraham\Code\Eclectics\Collaboration-Tool)
2026-08-12 15:08:24 INFO  c.e.c.T.CollaborationToolApplication - The following 1 profile is active: "prod"
2026-08-12 15:08:30 INFO  o.s.d.r.c.RepositoryConfigurationDelegate - Multiple Spring Data modules found, entering strict repository configuration mode
2026-08-12 15:08:30 INFO  o.s.d.r.c.RepositoryConfigurationDelegate - Bootstrapping Spring Data JPA repositories in DEFAULT mode.
2026-08-12 15:08:32 INFO  o.s.d.r.c.RepositoryConfigurationDelegate - Finished Spring Data repository scanning in 1463 ms. Found 21 JPA repository interfaces.
2026-08-12 15:08:32 INFO  o.s.d.r.c.RepositoryConfigurationDelegate - Multiple Spring Data modules found, entering strict repository configuration mode
2026-08-12 15:08:32 INFO  o.s.d.r.c.RepositoryConfigurationDelegate - Bootstrapping Spring Data Redis repositories in DEFAULT mode.
2026-08-12 15:08:32 INFO  o.s.d.r.c.RepositoryConfigurationExtensionSupport - Spring Data Redis - Could not safely identify store assignment for repository candidate interface com.eclectics.collaboration.Tool.repository.ActivityLogRepository; If you want this repository to be a Redis repository, consider annotating your entities with one of these annotations: org.springframework.data.redis.core.RedisHash (preferred), or consider extending one of the following types with your repository: org.springframework.data.keyvalue.repository.KeyValueRepository
2026-08-12 15:08:32 INFO  o.s.d.r.c.RepositoryConfigurationExtensionSupport - Spring Data Redis - Could not safely identify store assignment for repository candidate interface com.eclectics.collaboration.Tool.repository.BoardMemberRepository; If you want this repository to be a Redis repository, consider annotating your entities with one of these annotations: org.springframework.data.redis.core.RedisHash (preferred), or consider extending one of the following types with your repository: org.springframework.data.keyvalue.repository.KeyValueRepository
2026-08-12 15:08:32 INFO  o.s.d.r.c.RepositoryConfigurationExtensionSupport - Spring Data Redis - Could not safely identify store assignment for repository candidate interface com.eclectics.collaboration.Tool.repository.BoardsRepository; If you want this repository to be a Redis repository, consider annotating your entities with one of these annotations: org.springframework.data.redis.core.RedisHash (preferred), or consider extending one of the following types with your repository: org.springframework.data.keyvalue.repository.KeyValueRepository
2026-08-12 15:08:32 INFO  o.s.d.r.c.RepositoryConfigurationExtensionSupport - Spring Data Redis - Could not safely identify store assignment for repository candidate interface com.eclectics.collaboration.Tool.repository.CardAssigneeRepository; If you want this repository to be a Redis repository, consider annotating your entities with one of these annotations: org.springframework.data.redis.core.RedisHash (preferred), or consider extending one of the following types with your repository: org.springframework.data.keyvalue.repository.KeyValueRepository
2026-08-12 15:08:32 INFO  o.s.d.r.c.RepositoryConfigurationExtensionSupport - Spring Data Redis - Could not safely identify store assignment for repository candidate interface com.eclectics.collaboration.Tool.repository.CardLabelRepository; If you want this repository to be a Redis repository, consider annotating your entities with one of these annotations: org.springframework.data.redis.core.RedisHash (preferred), or consider extending one of the following types with your repository: org.springframework.data.keyvalue.repository.KeyValueRepository
2026-08-12 15:08:32 INFO  o.s.d.r.c.RepositoryConfigurationExtensionSupport - Spring Data Redis - Could not safely identify store assignment for repository candidate interface com.eclectics.collaboration.Tool.repository.CardRepository; If you want this repository to be a Redis repository, consider annotating your entities with one of these annotations: org.springframework.data.redis.core.RedisHash (preferred), or consider extending one of the following types with your repository: org.springframework.data.keyvalue.repository.KeyValueRepository
2026-08-12 15:08:32 INFO  o.s.d.r.c.RepositoryConfigurationExtensionSupport - Spring Data Redis - Could not safely identify store assignment for repository candidate interface com.eclectics.collaboration.Tool.repository.CommentRepository; If you want this repository to be a Redis repository, consider annotating your entities with one of these annotations: org.springframework.data.redis.core.RedisHash (preferred), or consider extending one of the following types with your repository: org.springframework.data.keyvalue.repository.KeyValueRepository
2026-08-12 15:08:32 INFO  o.s.d.r.c.RepositoryConfigurationExtensionSupport - Spring Data Redis - Could not safely identify store assignment for repository candidate interface com.eclectics.collaboration.Tool.repository.FAQRepository; If you want this repository to be a Redis repository, consider annotating your entities with one of these annotations: org.springframework.data.redis.core.RedisHash (preferred), or consider extending one of the following types with your repository: org.springframework.data.keyvalue.repository.KeyValueRepository
2026-08-12 15:08:32 INFO  o.s.d.r.c.RepositoryConfigurationExtensionSupport - Spring Data Redis - Could not safely identify store assignment for repository candidate interface com.eclectics.collaboration.Tool.repository.InvitationRepository; If you want this repository to be a Redis repository, consider annotating your entities with one of these annotations: org.springframework.data.redis.core.RedisHash (preferred), or consider extending one of the following types with your repository: org.springframework.data.keyvalue.repository.KeyValueRepository
2026-08-12 15:08:32 INFO  o.s.d.r.c.RepositoryConfigurationExtensionSupport - Spring Data Redis - Could not safely identify store assignment for repository candidate interface com.eclectics.collaboration.Tool.repository.IssueRepository; If you want this repository to be a Redis repository, consider annotating your entities with one of these annotations: org.springframework.data.redis.core.RedisHash (preferred), or consider extending one of the following types with your repository: org.springframework.data.keyvalue.repository.KeyValueRepository
2026-08-12 15:08:32 INFO  o.s.d.r.c.RepositoryConfigurationExtensionSupport - Spring Data Redis - Could not safely identify store assignment for repository candidate interface com.eclectics.collaboration.Tool.repository.LabelRepository; If you want this repository to be a Redis repository, consider annotating your entities with one of these annotations: org.springframework.data.redis.core.RedisHash (preferred), or consider extending one of the following types with your repository: org.springframework.data.keyvalue.repository.KeyValueRepository
2026-08-12 15:08:32 INFO  o.s.d.r.c.RepositoryConfigurationExtensionSupport - Spring Data Redis - Could not safely identify store assignment for repository candidate interface com.eclectics.collaboration.Tool.repository.ListEntityRepository; If you want this repository to be a Redis repository, consider annotating your entities with one of these annotations: org.springframework.data.redis.core.RedisHash (preferred), or consider extending one of the following types with your repository: org.springframework.data.keyvalue.repository.KeyValueRepository
2026-08-12 15:08:32 INFO  o.s.d.r.c.RepositoryConfigurationExtensionSupport - Spring Data Redis - Could not safely identify store assignment for repository candidate interface com.eclectics.collaboration.Tool.repository.NotificationRepository; If you want this repository to be a Redis repository, consider annotating your entities with one of these annotations: org.springframework.data.redis.core.RedisHash (preferred), or consider extending one of the following types with your repository: org.springframework.data.keyvalue.repository.KeyValueRepository
2026-08-12 15:08:32 INFO  o.s.d.r.c.RepositoryConfigurationExtensionSupport - Spring Data Redis - Could not safely identify store assignment for repository candidate interface com.eclectics.collaboration.Tool.repository.RefreshTokenRepository; If you want this repository to be a Redis repository, consider annotating your entities with one of these annotations: org.springframework.data.redis.core.RedisHash (preferred), or consider extending one of the following types with your repository: org.springframework.data.keyvalue.repository.KeyValueRepository
2026-08-12 15:08:32 INFO  o.s.d.r.c.RepositoryConfigurationExtensionSupport - Spring Data Redis - Could not safely identify store assignment for repository candidate interface com.eclectics.collaboration.Tool.repository.StarredBoardRepository; If you want this repository to be a Redis repository, consider annotating your entities with one of these annotations: org.springframework.data.redis.core.RedisHash (preferred), or consider extending one of the following types with your repository: org.springframework.data.keyvalue.repository.KeyValueRepository
2026-08-12 15:08:32 INFO  o.s.d.r.c.RepositoryConfigurationExtensionSupport - Spring Data Redis - Could not safely identify store assignment for repository candidate interface com.eclectics.collaboration.Tool.repository.StarredWorkspaceRepository; If you want this repository to be a Redis repository, consider annotating your entities with one of these annotations: org.springframework.data.redis.core.RedisHash (preferred), or consider extending one of the following types with your repository: org.springframework.data.keyvalue.repository.KeyValueRepository
2026-08-12 15:08:32 INFO  o.s.d.r.c.RepositoryConfigurationExtensionSupport - Spring Data Redis - Could not safely identify store assignment for repository candidate interface com.eclectics.collaboration.Tool.repository.SystemConfigRepository; If you want this repository to be a Redis repository, consider annotating your entities with one of these annotations: org.springframework.data.redis.core.RedisHash (preferred), or consider extending one of the following types with your repository: org.springframework.data.keyvalue.repository.KeyValueRepository
2026-08-12 15:08:32 INFO  o.s.d.r.c.RepositoryConfigurationExtensionSupport - Spring Data Redis - Could not safely identify store assignment for repository candidate interface com.eclectics.collaboration.Tool.repository.TalkRepository; If you want this repository to be a Redis repository, consider annotating your entities with one of these annotations: org.springframework.data.redis.core.RedisHash (preferred), or consider extending one of the following types with your repository: org.springframework.data.keyvalue.repository.KeyValueRepository
2026-08-12 15:08:32 INFO  o.s.d.r.c.RepositoryConfigurationExtensionSupport - Spring Data Redis - Could not safely identify store assignment for repository candidate interface com.eclectics.collaboration.Tool.repository.UserRecentBoardRepository; If you want this repository to be a Redis repository, consider annotating your entities with one of these annotations: org.springframework.data.redis.core.RedisHash (preferred), or consider extending one of the following types with your repository: org.springframework.data.keyvalue.repository.KeyValueRepository
2026-08-12 15:08:32 INFO  o.s.d.r.c.RepositoryConfigurationExtensionSupport - Spring Data Redis - Could not safely identify store assignment for repository candidate interface com.eclectics.collaboration.Tool.repository.UserRespository; If you want this repository to be a Redis repository, consider annotating your entities with one of these annotations: org.springframework.data.redis.core.RedisHash (preferred), or consider extending one of the following types with your repository: org.springframework.data.keyvalue.repository.KeyValueRepository
2026-08-12 15:08:32 INFO  o.s.d.r.c.RepositoryConfigurationExtensionSupport - Spring Data Redis - Could not safely identify store assignment for repository candidate interface com.eclectics.collaboration.Tool.repository.WorkSpaceReposiroty; If you want this repository to be a Redis repository, consider annotating your entities with one of these annotations: org.springframework.data.redis.core.RedisHash (preferred), or consider extending one of the following types with your repository: org.springframework.data.keyvalue.repository.KeyValueRepository
2026-08-12 15:08:32 INFO  o.s.d.r.c.RepositoryConfigurationDelegate - Finished Spring Data repository scanning in 207 ms. Found 0 Redis repository interfaces.
2026-08-12 15:08:36 INFO  o.s.boot.tomcat.TomcatWebServer - Tomcat initialized with port 8084 (http)
2026-08-12 15:08:36 INFO  o.a.coyote.http11.Http11NioProtocol - Initializing ProtocolHandler ["http-nio-0.0.0.0-8084"]
2026-08-12 15:08:36 INFO  o.a.catalina.core.StandardService - Starting service [Tomcat]
2026-08-12 15:08:36 INFO  o.a.catalina.core.StandardEngine - Starting Servlet engine: [Apache Tomcat/11.0.15]
2026-08-12 15:08:36 INFO  o.s.b.w.c.s.WebApplicationContextInitializer - Root WebApplicationContext: initialization completed in 11613 ms
2026-08-12 15:08:37 INFO  com.zaxxer.hikari.HikariDataSource - HikariPool-1 - Starting...
2026-08-12 15:08:38 INFO  com.zaxxer.hikari.pool.HikariPool - HikariPool-1 - Added connection org.postgresql.jdbc.PgConnection@265287ec
2026-08-12 15:08:38 INFO  com.zaxxer.hikari.HikariDataSource - HikariPool-1 - Start completed.
2026-08-12 15:08:38 INFO  org.hibernate.orm.jpa - HHH008540: Processing PersistenceUnitInfo [name: default]
2026-08-12 15:08:39 INFO  org.hibernate.orm.core - HHH000001: Hibernate ORM core version 7.2.1.Final
2026-08-12 15:08:41 INFO  o.s.o.j.p.SpringPersistenceUnitInfo - No LoadTimeWeaver setup: ignoring JPA class transformer
2026-08-12 15:08:41 INFO  o.hibernate.orm.connections.pooling - HHH10001005: Database info:
	Database JDBC URL [jdbc:postgresql://localhost:5432/collaborationTool]
	Database driver: PostgreSQL JDBC Driver
	Database dialect: PostgreSQLDialect
	Database version: 17.6
	Default catalog/schema: collaborationTool/public
	Autocommit mode: undefined/unknown
	Isolation level: READ_COMMITTED [default READ_COMMITTED]
	JDBC fetch size: none
	Pool: DataSourceConnectionProvider
	Minimum pool size: undefined/unknown
	Maximum pool size: undefined/unknown
2026-08-12 15:08:46 INFO  org.hibernate.orm.core - HHH000489: No JTA platform available (set 'hibernate.transaction.jta.platform' to enable JTA platform integration)
2026-08-12 15:08:47 WARN  org.hibernate.orm.jdbc.warn - HHH000247: ErrorCode: 0, SQLState: 00000
2026-08-12 15:08:47 WARN  org.hibernate.orm.jdbc.warn - constraint "ukccaruq6l8svnx2rb7jr2bs9yp" of relation "starred_boards" does not exist, skipping
2026-08-12 15:08:47 WARN  org.hibernate.orm.jdbc.warn - HHH000247: ErrorCode: 0, SQLState: 00000
2026-08-12 15:08:47 WARN  org.hibernate.orm.jdbc.warn - constraint "ukt0qbrpbddj700creky9x0c6vw" of relation "starred_workspaces" does not exist, skipping
2026-08-12 15:08:47 INFO  o.s.o.j.LocalContainerEntityManagerFactoryBean - Initialized JPA EntityManagerFactory for persistence unit 'default'
2026-08-12 15:08:47 INFO  o.s.d.j.r.q.QueryEnhancerFactories - Hibernate is in classpath; If applicable, HQL parser will be used.
2026-08-12 15:08:59 WARN  o.s.b.j.a.JpaBaseConfiguration$JpaWebConfiguration - spring.jpa.open-in-view is enabled by default. Therefore, database queries may be performed during view rendering. Explicitly configure spring.jpa.open-in-view to disable this warning
2026-08-12 15:09:01 INFO  o.s.v.b.OptionalValidatorFactoryBean - Failed to set up a Bean Validation provider: jakarta.validation.NoProviderFoundException: Unable to create a Configuration, because no Jakarta Validation provider could be found. Add a provider like Hibernate Validator (RI) to your classpath.
2026-08-12 15:09:04 INFO  o.s.m.s.b.SimpleBrokerMessageHandler - Starting...
2026-08-12 15:09:04 INFO  o.s.m.s.b.SimpleBrokerMessageHandler - BrokerAvailabilityEvent[available=true, SimpleBrokerMessageHandler [org.springframework.messaging.simp.broker.DefaultSubscriptionRegistry@403d9a5b]]
2026-08-12 15:09:04 INFO  o.s.m.s.b.SimpleBrokerMessageHandler - Started.
2026-08-12 15:09:04 INFO  o.a.coyote.http11.Http11NioProtocol - Starting ProtocolHandler ["http-nio-0.0.0.0-8084"]
2026-08-12 15:09:04 INFO  o.s.boot.tomcat.TomcatWebServer - Tomcat started on port 8084 (http) with context path '/'
2026-08-12 15:09:04 INFO  c.e.c.T.CollaborationToolApplication - Started CollaborationToolApplication in 42.659 seconds (process running for 46.386)
2026-08-12 15:09:05 INFO  c.e.c.Tool.configuration.AdminSeeder - >>> Admin already exists, skipping: nthengeabraham952@gmail.com
2026-08-12 15:09:05 INFO  c.e.c.Tool.configuration.AdminSeeder - >>> Admin already exists, skipping: chepkemoisheilah794@gmail.com
2026-08-12 15:10:04 INFO  o.s.w.s.c.WebSocketMessageBrokerStats - WebSocketSession[0 current WS(0)-HttpStream(0)-HttpPoll(0), 0 total, 0 closed abnormally (0 connect failure, 0 send limit, 0 transport error)], stompSubProtocol[processed CONNECT(0)-CONNECTED(0)-DISCONNECT(0)], stompBrokerRelay[null], inboundChannel[pool size = 0, active threads = 0, queued tasks = 0, completed tasks = 0], outboundChannel[pool size = 0, active threads = 0, queued tasks = 0, completed tasks = 0], sockJsScheduler[pool size = 4, active threads = 1, queued tasks = 1, completed tasks = 2]
2026-08-12 15:11:20 INFO  o.s.boot.tomcat.GracefulShutdown - Commencing graceful shutdown. Waiting for active requests to complete
2026-08-12 15:11:20 INFO  o.s.boot.tomcat.GracefulShutdown - Graceful shutdown complete
2026-08-12 15:11:20 INFO  o.s.m.s.b.SimpleBrokerMessageHandler - Stopping...
2026-08-12 15:11:20 INFO  o.s.m.s.b.SimpleBrokerMessageHandler - BrokerAvailabilityEvent[available=false, SimpleBrokerMessageHandler [org.springframework.messaging.simp.broker.DefaultSubscriptionRegistry@403d9a5b]]
2026-08-12 15:11:20 INFO  o.s.m.s.b.SimpleBrokerMessageHandler - Stopped.
2026-08-12 15:11:20 INFO  o.s.o.j.LocalContainerEntityManagerFactoryBean - Closing JPA EntityManagerFactory for persistence unit 'default'
2026-08-12 15:11:20 INFO  com.zaxxer.hikari.HikariDataSource - HikariPool-1 - Shutdown initiated...
2026-08-12 15:11:20 INFO  com.zaxxer.hikari.HikariDataSource - HikariPool-1 - Shutdown completed.
2026-08-12 15:11:33 INFO  c.e.c.T.CollaborationToolApplication - Starting CollaborationToolApplication using Java 21.0.8 with PID 9228 (C:\Abraham\Code\Eclectics\Collaboration-Tool\target\classes started by pc in C:\Abraham\Code\Eclectics\Collaboration-Tool)
2026-08-12 15:11:33 INFO  c.e.c.T.CollaborationToolApplication - The following 1 profile is active: "prod"
2026-08-12 15:11:40 INFO  o.s.d.r.c.RepositoryConfigurationDelegate - Multiple Spring Data modules found, entering strict repository configuration mode
2026-08-12 15:11:40 INFO  o.s.d.r.c.RepositoryConfigurationDelegate - Bootstrapping Spring Data JPA repositories in DEFAULT mode.
2026-08-12 15:11:41 INFO  o.s.d.r.c.RepositoryConfigurationDelegate - Finished Spring Data repository scanning in 1056 ms. Found 21 JPA repository interfaces.
2026-08-12 15:11:42 INFO  o.s.d.r.c.RepositoryConfigurationDelegate - Multiple Spring Data modules found, entering strict repository configuration mode
2026-08-12 15:11:42 INFO  o.s.d.r.c.RepositoryConfigurationDelegate - Bootstrapping Spring Data Redis repositories in DEFAULT mode.
2026-08-12 15:11:42 INFO  o.s.d.r.c.RepositoryConfigurationExtensionSupport - Spring Data Redis - Could not safely identify store assignment for repository candidate interface com.eclectics.collaboration.Tool.repository.ActivityLogRepository; If you want this repository to be a Redis repository, consider annotating your entities with one of these annotations: org.springframework.data.redis.core.RedisHash (preferred), or consider extending one of the following types with your repository: org.springframework.data.keyvalue.repository.KeyValueRepository
2026-08-12 15:11:42 INFO  o.s.d.r.c.RepositoryConfigurationExtensionSupport - Spring Data Redis - Could not safely identify store assignment for repository candidate interface com.eclectics.collaboration.Tool.repository.BoardMemberRepository; If you want this repository to be a Redis repository, consider annotating your entities with one of these annotations: org.springframework.data.redis.core.RedisHash (preferred), or consider extending one of the following types with your repository: org.springframework.data.keyvalue.repository.KeyValueRepository
2026-08-12 15:11:42 INFO  o.s.d.r.c.RepositoryConfigurationExtensionSupport - Spring Data Redis - Could not safely identify store assignment for repository candidate interface com.eclectics.collaboration.Tool.repository.BoardsRepository; If you want this repository to be a Redis repository, consider annotating your entities with one of these annotations: org.springframework.data.redis.core.RedisHash (preferred), or consider extending one of the following types with your repository: org.springframework.data.keyvalue.repository.KeyValueRepository
2026-08-12 15:11:42 INFO  o.s.d.r.c.RepositoryConfigurationExtensionSupport - Spring Data Redis - Could not safely identify store assignment for repository candidate interface com.eclectics.collaboration.Tool.repository.CardAssigneeRepository; If you want this repository to be a Redis repository, consider annotating your entities with one of these annotations: org.springframework.data.redis.core.RedisHash (preferred), or consider extending one of the following types with your repository: org.springframework.data.keyvalue.repository.KeyValueRepository
2026-08-12 15:11:42 INFO  o.s.d.r.c.RepositoryConfigurationExtensionSupport - Spring Data Redis - Could not safely identify store assignment for repository candidate interface com.eclectics.collaboration.Tool.repository.CardLabelRepository; If you want this repository to be a Redis repository, consider annotating your entities with one of these annotations: org.springframework.data.redis.core.RedisHash (preferred), or consider extending one of the following types with your repository: org.springframework.data.keyvalue.repository.KeyValueRepository
2026-08-12 15:11:42 INFO  o.s.d.r.c.RepositoryConfigurationExtensionSupport - Spring Data Redis - Could not safely identify store assignment for repository candidate interface com.eclectics.collaboration.Tool.repository.CardRepository; If you want this repository to be a Redis repository, consider annotating your entities with one of these annotations: org.springframework.data.redis.core.RedisHash (preferred), or consider extending one of the following types with your repository: org.springframework.data.keyvalue.repository.KeyValueRepository
2026-08-12 15:11:42 INFO  o.s.d.r.c.RepositoryConfigurationExtensionSupport - Spring Data Redis - Could not safely identify store assignment for repository candidate interface com.eclectics.collaboration.Tool.repository.CommentRepository; If you want this repository to be a Redis repository, consider annotating your entities with one of these annotations: org.springframework.data.redis.core.RedisHash (preferred), or consider extending one of the following types with your repository: org.springframework.data.keyvalue.repository.KeyValueRepository
2026-08-12 15:11:42 INFO  o.s.d.r.c.RepositoryConfigurationExtensionSupport - Spring Data Redis - Could not safely identify store assignment for repository candidate interface com.eclectics.collaboration.Tool.repository.FAQRepository; If you want this repository to be a Redis repository, consider annotating your entities with one of these annotations: org.springframework.data.redis.core.RedisHash (preferred), or consider extending one of the following types with your repository: org.springframework.data.keyvalue.repository.KeyValueRepository
2026-08-12 15:11:42 INFO  o.s.d.r.c.RepositoryConfigurationExtensionSupport - Spring Data Redis - Could not safely identify store assignment for repository candidate interface com.eclectics.collaboration.Tool.repository.InvitationRepository; If you want this repository to be a Redis repository, consider annotating your entities with one of these annotations: org.springframework.data.redis.core.RedisHash (preferred), or consider extending one of the following types with your repository: org.springframework.data.keyvalue.repository.KeyValueRepository
2026-08-12 15:11:42 INFO  o.s.d.r.c.RepositoryConfigurationExtensionSupport - Spring Data Redis - Could not safely identify store assignment for repository candidate interface com.eclectics.collaboration.Tool.repository.IssueRepository; If you want this repository to be a Redis repository, consider annotating your entities with one of these annotations: org.springframework.data.redis.core.RedisHash (preferred), or consider extending one of the following types with your repository: org.springframework.data.keyvalue.repository.KeyValueRepository
2026-08-12 15:11:42 INFO  o.s.d.r.c.RepositoryConfigurationExtensionSupport - Spring Data Redis - Could not safely identify store assignment for repository candidate interface com.eclectics.collaboration.Tool.repository.LabelRepository; If you want this repository to be a Redis repository, consider annotating your entities with one of these annotations: org.springframework.data.redis.core.RedisHash (preferred), or consider extending one of the following types with your repository: org.springframework.data.keyvalue.repository.KeyValueRepository
2026-08-12 15:11:42 INFO  o.s.d.r.c.RepositoryConfigurationExtensionSupport - Spring Data Redis - Could not safely identify store assignment for repository candidate interface com.eclectics.collaboration.Tool.repository.ListEntityRepository; If you want this repository to be a Redis repository, consider annotating your entities with one of these annotations: org.springframework.data.redis.core.RedisHash (preferred), or consider extending one of the following types with your repository: org.springframework.data.keyvalue.repository.KeyValueRepository
2026-08-12 15:11:42 INFO  o.s.d.r.c.RepositoryConfigurationExtensionSupport - Spring Data Redis - Could not safely identify store assignment for repository candidate interface com.eclectics.collaboration.Tool.repository.NotificationRepository; If you want this repository to be a Redis repository, consider annotating your entities with one of these annotations: org.springframework.data.redis.core.RedisHash (preferred), or consider extending one of the following types with your repository: org.springframework.data.keyvalue.repository.KeyValueRepository
2026-08-12 15:11:42 INFO  o.s.d.r.c.RepositoryConfigurationExtensionSupport - Spring Data Redis - Could not safely identify store assignment for repository candidate interface com.eclectics.collaboration.Tool.repository.RefreshTokenRepository; If you want this repository to be a Redis repository, consider annotating your entities with one of these annotations: org.springframework.data.redis.core.RedisHash (preferred), or consider extending one of the following types with your repository: org.springframework.data.keyvalue.repository.KeyValueRepository
2026-08-12 15:11:42 INFO  o.s.d.r.c.RepositoryConfigurationExtensionSupport - Spring Data Redis - Could not safely identify store assignment for repository candidate interface com.eclectics.collaboration.Tool.repository.StarredBoardRepository; If you want this repository to be a Redis repository, consider annotating your entities with one of these annotations: org.springframework.data.redis.core.RedisHash (preferred), or consider extending one of the following types with your repository: org.springframework.data.keyvalue.repository.KeyValueRepository
2026-08-12 15:11:42 INFO  o.s.d.r.c.RepositoryConfigurationExtensionSupport - Spring Data Redis - Could not safely identify store assignment for repository candidate interface com.eclectics.collaboration.Tool.repository.StarredWorkspaceRepository; If you want this repository to be a Redis repository, consider annotating your entities with one of these annotations: org.springframework.data.redis.core.RedisHash (preferred), or consider extending one of the following types with your repository: org.springframework.data.keyvalue.repository.KeyValueRepository
2026-08-12 15:11:42 INFO  o.s.d.r.c.RepositoryConfigurationExtensionSupport - Spring Data Redis - Could not safely identify store assignment for repository candidate interface com.eclectics.collaboration.Tool.repository.SystemConfigRepository; If you want this repository to be a Redis repository, consider annotating your entities with one of these annotations: org.springframework.data.redis.core.RedisHash (preferred), or consider extending one of the following types with your repository: org.springframework.data.keyvalue.repository.KeyValueRepository
2026-08-12 15:11:42 INFO  o.s.d.r.c.RepositoryConfigurationExtensionSupport - Spring Data Redis - Could not safely identify store assignment for repository candidate interface com.eclectics.collaboration.Tool.repository.TalkRepository; If you want this repository to be a Redis repository, consider annotating your entities with one of these annotations: org.springframework.data.redis.core.RedisHash (preferred), or consider extending one of the following types with your repository: org.springframework.data.keyvalue.repository.KeyValueRepository
2026-08-12 15:11:42 INFO  o.s.d.r.c.RepositoryConfigurationExtensionSupport - Spring Data Redis - Could not safely identify store assignment for repository candidate interface com.eclectics.collaboration.Tool.repository.UserRecentBoardRepository; If you want this repository to be a Redis repository, consider annotating your entities with one of these annotations: org.springframework.data.redis.core.RedisHash (preferred), or consider extending one of the following types with your repository: org.springframework.data.keyvalue.repository.KeyValueRepository
2026-08-12 15:11:42 INFO  o.s.d.r.c.RepositoryConfigurationExtensionSupport - Spring Data Redis - Could not safely identify store assignment for repository candidate interface com.eclectics.collaboration.Tool.repository.UserRespository; If you want this repository to be a Redis repository, consider annotating your entities with one of these annotations: org.springframework.data.redis.core.RedisHash (preferred), or consider extending one of the following types with your repository: org.springframework.data.keyvalue.repository.KeyValueRepository
2026-08-12 15:11:42 INFO  o.s.d.r.c.RepositoryConfigurationExtensionSupport - Spring Data Redis - Could not safely identify store assignment for repository candidate interface com.eclectics.collaboration.Tool.repository.WorkSpaceReposiroty; If you want this repository to be a Redis repository, consider annotating your entities with one of these annotations: org.springframework.data.redis.core.RedisHash (preferred), or consider extending one of the following types with your repository: org.springframework.data.keyvalue.repository.KeyValueRepository
2026-08-12 15:11:42 INFO  o.s.d.r.c.RepositoryConfigurationDelegate - Finished Spring Data repository scanning in 214 ms. Found 0 Redis repository interfaces.
2026-08-12 15:11:46 INFO  o.s.boot.tomcat.TomcatWebServer - Tomcat initialized with port 8084 (http)
2026-08-12 15:11:46 INFO  o.a.coyote.http11.Http11NioProtocol - Initializing ProtocolHandler ["http-nio-0.0.0.0-8084"]
2026-08-12 15:11:46 INFO  o.a.catalina.core.StandardService - Starting service [Tomcat]
2026-08-12 15:11:46 INFO  o.a.catalina.core.StandardEngine - Starting Servlet engine: [Apache Tomcat/11.0.15]
2026-08-12 15:11:47 INFO  o.s.b.w.c.s.WebApplicationContextInitializer - Root WebApplicationContext: initialization completed in 12729 ms
2026-08-12 15:11:47 INFO  com.zaxxer.hikari.HikariDataSource - HikariPool-1 - Starting...
2026-08-12 15:11:48 INFO  com.zaxxer.hikari.pool.HikariPool - HikariPool-1 - Added connection org.postgresql.jdbc.PgConnection@513fab1e
2026-08-12 15:11:48 INFO  com.zaxxer.hikari.HikariDataSource - HikariPool-1 - Start completed.
2026-08-12 15:11:48 INFO  org.hibernate.orm.jpa - HHH008540: Processing PersistenceUnitInfo [name: default]
2026-08-12 15:11:49 INFO  org.hibernate.orm.core - HHH000001: Hibernate ORM core version 7.2.1.Final
2026-08-12 15:11:53 INFO  o.s.o.j.p.SpringPersistenceUnitInfo - No LoadTimeWeaver setup: ignoring JPA class transformer
2026-08-12 15:11:53 INFO  o.hibernate.orm.connections.pooling - HHH10001005: Database info:
	Database JDBC URL [jdbc:postgresql://localhost:5432/collaborationTool]
	Database driver: PostgreSQL JDBC Driver
	Database dialect: PostgreSQLDialect
	Database version: 17.6
	Default catalog/schema: collaborationTool/public
	Autocommit mode: undefined/unknown
	Isolation level: READ_COMMITTED [default READ_COMMITTED]
	JDBC fetch size: none
	Pool: DataSourceConnectionProvider
	Minimum pool size: undefined/unknown
	Maximum pool size: undefined/unknown
2026-08-12 15:12:00 INFO  org.hibernate.orm.core - HHH000489: No JTA platform available (set 'hibernate.transaction.jta.platform' to enable JTA platform integration)
2026-08-12 15:12:00 INFO  o.s.o.j.LocalContainerEntityManagerFactoryBean - Initialized JPA EntityManagerFactory for persistence unit 'default'
2026-08-12 15:12:01 INFO  o.s.d.j.r.q.QueryEnhancerFactories - Hibernate is in classpath; If applicable, HQL parser will be used.
2026-08-12 15:12:18 WARN  o.s.b.j.a.JpaBaseConfiguration$JpaWebConfiguration - spring.jpa.open-in-view is enabled by default. Therefore, database queries may be performed during view rendering. Explicitly configure spring.jpa.open-in-view to disable this warning
2026-08-12 15:12:19 INFO  o.s.v.b.OptionalValidatorFactoryBean - Failed to set up a Bean Validation provider: jakarta.validation.NoProviderFoundException: Unable to create a Configuration, because no Jakarta Validation provider could be found. Add a provider like Hibernate Validator (RI) to your classpath.
2026-08-12 15:12:22 INFO  o.s.m.s.b.SimpleBrokerMessageHandler - Starting...
2026-08-12 15:12:22 INFO  o.s.m.s.b.SimpleBrokerMessageHandler - BrokerAvailabilityEvent[available=true, SimpleBrokerMessageHandler [org.springframework.messaging.simp.broker.DefaultSubscriptionRegistry@1d90f169]]
2026-08-12 15:12:22 INFO  o.s.m.s.b.SimpleBrokerMessageHandler - Started.
2026-08-12 15:12:22 INFO  o.a.coyote.http11.Http11NioProtocol - Starting ProtocolHandler ["http-nio-0.0.0.0-8084"]
2026-08-12 15:12:22 INFO  o.s.boot.tomcat.TomcatWebServer - Tomcat started on port 8084 (http) with context path '/'
2026-08-12 15:12:22 INFO  c.e.c.T.CollaborationToolApplication - Started CollaborationToolApplication in 53.636 seconds (process running for 57.664)
2026-08-12 15:12:23 INFO  c.e.c.Tool.configuration.AdminSeeder - >>> Admin already exists, skipping: nthengeabraham952@gmail.com
2026-08-12 15:12:23 INFO  c.e.c.Tool.configuration.AdminSeeder - >>> Admin already exists, skipping: chepkemoisheilah794@gmail.com
2026-08-12 15:13:22 INFO  o.s.w.s.c.WebSocketMessageBrokerStats - WebSocketSession[0 current WS(0)-HttpStream(0)-HttpPoll(0), 0 total, 0 closed abnormally (0 connect failure, 0 send limit, 0 transport error)], stompSubProtocol[processed CONNECT(0)-CONNECTED(0)-DISCONNECT(0)], stompBrokerRelay[null], inboundChannel[pool size = 0, active threads = 0, queued tasks = 0, completed tasks = 0], outboundChannel[pool size = 0, active threads = 0, queued tasks = 0, completed tasks = 0], sockJsScheduler[pool size = 4, active threads = 1, queued tasks = 1, completed tasks = 2]
2026-08-12 15:15:48 INFO  o.a.c.c.C.[Tomcat].[localhost].[/] - Initializing Spring DispatcherServlet 'dispatcherServlet'
2026-08-12 15:15:48 INFO  o.s.web.servlet.DispatcherServlet - Initializing Servlet 'dispatcherServlet'
2026-08-12 15:15:48 INFO  o.s.web.servlet.DispatcherServlet - Completed initialization in 191 ms
2026-08-12 15:15:48 INFO  c.e.c.Tool.security.RateLimitFilter - Request from IP: 10.235.148.185 | URI: /workspace/my-workspaces | Tokens remaining: 50
2026-08-12 15:15:48 INFO  c.e.c.Tool.security.RateLimitFilter - Request from IP: 10.235.148.185 | URI: /user/scratchpad | Tokens remaining: 50
2026-08-12 15:15:48 INFO  c.e.c.Tool.security.RateLimitFilter - Request from IP: 10.235.148.185 | URI: /user/recent-boards | Tokens remaining: 50
2026-08-12 15:15:49 WARN  c.e.c.Tool.security.JwtFilter - JWT Expired: JWT expired at 2026-08-12T11:47:23Z. Current time: 2026-08-12T12:15:49Z, a difference of 1706752 milliseconds.  Allowed clock skew: 0 milliseconds.
2026-08-12 15:15:49 WARN  c.e.c.Tool.security.JwtFilter - JWT Expired: JWT expired at 2026-08-12T11:47:23Z. Current time: 2026-08-12T12:15:49Z, a difference of 1706752 milliseconds.  Allowed clock skew: 0 milliseconds.
2026-08-12 15:15:49 WARN  c.e.c.Tool.security.JwtFilter - JWT Expired: JWT expired at 2026-08-12T11:47:23Z. Current time: 2026-08-12T12:15:49Z, a difference of 1706752 milliseconds.  Allowed clock skew: 0 milliseconds.
2026-08-12 15:15:49 INFO  c.e.c.Tool.security.RateLimitFilter - Request from IP: 10.235.148.185 | URI: /user/refresh | Tokens remaining: 47
2026-08-12 15:15:51 INFO  c.e.c.Tool.security.RateLimitFilter - Request from IP: 10.235.148.185 | URI: /user/scratchpad | Tokens remaining: 48
2026-08-12 15:15:51 INFO  c.e.c.Tool.security.RateLimitFilter - Request from IP: 10.235.148.185 | URI: /user/recent-boards | Tokens remaining: 47
2026-08-12 15:15:51 INFO  c.e.c.Tool.security.RateLimitFilter - Request from IP: 10.235.148.185 | URI: /workspace/my-workspaces | Tokens remaining: 46
2026-08-12 15:16:03 INFO  c.e.c.Tool.security.RateLimitFilter - Request from IP: 10.235.148.185 | URI: /boards/workspace/8 | Tokens remaining: 50
2026-08-12 15:16:03 INFO  c.e.c.Tool.security.RateLimitFilter - Request from IP: 10.235.148.185 | URI: /boards/3/lists | Tokens remaining: 49
2026-08-12 15:39:22 INFO  c.e.c.Tool.security.RateLimitFilter - Request from IP: 10.235.148.185 | URI: /user/recent-boards | Tokens remaining: 50
2026-08-12 15:39:22 INFO  c.e.c.Tool.security.RateLimitFilter - Request from IP: 10.235.148.185 | URI: /user/scratchpad | Tokens remaining: 50
2026-08-12 15:39:22 INFO  c.e.c.Tool.security.RateLimitFilter - Request from IP: 10.235.148.185 | URI: /boards/starred | Tokens remaining: 50
2026-08-12 15:39:22 INFO  c.e.c.Tool.security.RateLimitFilter - Request from IP: 10.235.148.185 | URI: /workspace/my-workspaces | Tokens remaining: 50
2026-08-12 15:39:22 WARN  c.e.c.Tool.security.JwtFilter - JWT Expired: JWT expired at 2026-08-12T12:30:50Z. Current time: 2026-08-12T12:39:22Z, a difference of 512973 milliseconds.  Allowed clock skew: 0 milliseconds.
2026-08-12 15:39:22 WARN  c.e.c.Tool.security.JwtFilter - JWT Expired: JWT expired at 2026-08-12T12:30:50Z. Current time: 2026-08-12T12:39:22Z, a difference of 512978 milliseconds.  Allowed clock skew: 0 milliseconds.
2026-08-12 15:39:22 WARN  c.e.c.Tool.security.JwtFilter - JWT Expired: JWT expired at 2026-08-12T12:30:50Z. Current time: 2026-08-12T12:39:22Z, a difference of 512987 milliseconds.  Allowed clock skew: 0 milliseconds.
2026-08-12 15:39:22 WARN  c.e.c.Tool.security.JwtFilter - JWT Expired: JWT expired at 2026-08-12T12:30:50Z. Current time: 2026-08-12T12:39:22Z, a difference of 512995 milliseconds.  Allowed clock skew: 0 milliseconds.
2026-08-12 15:39:23 INFO  c.e.c.Tool.security.RateLimitFilter - Request from IP: 10.235.148.185 | URI: /user/refresh | Tokens remaining: 46
2026-08-12 15:39:24 INFO  c.e.c.Tool.security.RateLimitFilter - Request from IP: 10.235.148.185 | URI: /boards/starred | Tokens remaining: 46
2026-08-12 15:39:24 INFO  c.e.c.Tool.security.RateLimitFilter - Request from IP: 10.235.148.185 | URI: /workspace/my-workspaces | Tokens remaining: 45
2026-08-12 15:39:24 INFO  c.e.c.Tool.security.RateLimitFilter - Request from IP: 10.235.148.185 | URI: /user/scratchpad | Tokens remaining: 44
2026-08-12 15:39:24 INFO  c.e.c.Tool.security.RateLimitFilter - Request from IP: 10.235.148.185 | URI: /user/recent-boards | Tokens remaining: 43
2026-08-12 15:39:25 INFO  c.e.c.Tool.security.RateLimitFilter - Request from IP: 10.235.148.185 | URI: /boards/workspace/8 | Tokens remaining: 43
2026-08-12 15:39:25 INFO  c.e.c.Tool.security.RateLimitFilter - Request from IP: 10.235.148.185 | URI: /boards/3/lists | Tokens remaining: 42
2026-08-12 15:39:40 INFO  c.e.c.Tool.security.RateLimitFilter - Request from IP: 10.235.148.185 | URI: /user/scratchpad | Tokens remaining: 50
2026-08-12 15:39:40 INFO  c.e.c.Tool.security.RateLimitFilter - Request from IP: 10.235.148.185 | URI: /workspace/my-workspaces | Tokens remaining: 49
2026-08-12 15:39:40 INFO  c.e.c.Tool.security.RateLimitFilter - Request from IP: 10.235.148.185 | URI: /boards/starred | Tokens remaining: 48
2026-08-12 15:39:40 INFO  c.e.c.Tool.security.RateLimitFilter - Request from IP: 10.235.148.185 | URI: /user/recent-boards | Tokens remaining: 47
2026-08-12 15:39:40 INFO  c.e.c.Tool.security.RateLimitFilter - Request from IP: 10.235.148.185 | URI: /boards/workspace/8 | Tokens remaining: 46
2026-08-12 15:39:41 INFO  c.e.c.Tool.security.RateLimitFilter - Request from IP: 10.235.148.185 | URI: /boards/3/lists | Tokens remaining: 46
2026-08-12 15:39:44 INFO  c.e.c.Tool.security.RateLimitFilter - Request from IP: 10.235.148.185 | URI: /boards/workspace/8 | Tokens remaining: 47
2026-08-12 15:39:44 INFO  c.e.c.Tool.security.RateLimitFilter - Request from IP: 10.235.148.185 | URI: /boards/3/lists | Tokens remaining: 46
2026-08-12 15:39:54 INFO  c.e.c.Tool.security.RateLimitFilter - Request from IP: 10.235.148.185 | URI: /boards/workspace/9 | Tokens remaining: 50
2026-08-12 15:39:57 INFO  c.e.c.Tool.security.RateLimitFilter - Request from IP: 10.235.148.185 | URI: /boards/workspace/5 | Tokens remaining: 50
2026-08-12 15:39:57 INFO  c.e.c.Tool.security.RateLimitFilter - Request from IP: 10.235.148.185 | URI: /boards/4/lists | Tokens remaining: 49
2026-08-12 15:40:00 INFO  c.e.c.Tool.security.RateLimitFilter - Request from IP: 10.235.148.185 | URI: /boards/workspace/9 | Tokens remaining: 50
2026-08-12 15:40:23 INFO  c.e.c.Tool.security.RateLimitFilter - Request from IP: 10.235.148.185 | URI: /boards/workspace/5 | Tokens remaining: 50
2026-08-12 15:40:24 INFO  c.e.c.Tool.security.RateLimitFilter - Request from IP: 10.235.148.185 | URI: /boards/4/lists | Tokens remaining: 49
2026-08-12 15:40:36 INFO  c.e.c.Tool.security.RateLimitFilter - Request from IP: 10.235.148.185 | URI: /boards/workspace/5 | Tokens remaining: 50
2026-08-12 15:40:36 INFO  c.e.c.Tool.security.RateLimitFilter - Request from IP: 10.235.148.185 | URI: /boards/4/lists | Tokens remaining: 49
2026-08-12 15:40:39 INFO  c.e.c.Tool.security.RateLimitFilter - Request from IP: 10.235.148.185 | URI: /boards/workspace/9 | Tokens remaining: 50
2026-08-12 15:40:43 INFO  c.e.c.Tool.security.RateLimitFilter - Request from IP: 10.235.148.185 | URI: /boards/workspace/8 | Tokens remaining: 50
2026-08-12 15:40:43 INFO  c.e.c.Tool.security.RateLimitFilter - Request from IP: 10.235.148.185 | URI: /boards/3/lists | Tokens remaining: 49
2026-08-12 15:40:46 INFO  c.e.c.Tool.security.RateLimitFilter - Request from IP: 10.235.148.185 | URI: /boards/workspace/11 | Tokens remaining: 50
2026-08-12 15:40:49 INFO  c.e.c.Tool.security.RateLimitFilter - Request from IP: 10.235.148.185 | URI: /boards/workspace/10 | Tokens remaining: 50
2026-08-12 15:40:50 INFO  c.e.c.Tool.security.RateLimitFilter - Request from IP: 10.235.148.185 | URI: /boards/workspace/4 | Tokens remaining: 50
2026-08-12 15:40:51 INFO  c.e.c.Tool.security.RateLimitFilter - Request from IP: 10.235.148.185 | URI: /boards/1/lists | Tokens remaining: 49
2026-08-12 15:40:51 INFO  c.e.c.Tool.security.RateLimitFilter - Request from IP: 10.235.148.185 | URI: /cards/lists/1/cards | Tokens remaining: 48
2026-08-12 15:40:51 INFO  c.e.c.Tool.security.RateLimitFilter - Request from IP: 10.235.148.185 | URI: /cards/lists/3/cards | Tokens remaining: 47
2026-08-12 15:40:51 INFO  c.e.c.Tool.security.RateLimitFilter - Request from IP: 10.235.148.185 | URI: /cards/lists/2/cards | Tokens remaining: 46
2026-08-12 15:40:51 INFO  c.e.c.Tool.security.RateLimitFilter - Request from IP: 10.235.148.185 | URI: /cards/lists/9/cards | Tokens remaining: 45
2026-08-12 15:41:03 INFO  c.e.c.Tool.security.RateLimitFilter - Request from IP: 10.235.148.185 | URI: /workspace/4/star | Tokens remaining: 50
2026-08-12 15:41:18 INFO  c.e.c.Tool.security.RateLimitFilter - Request from IP: 10.235.148.185 | URI: /boards/workspace/4 | Tokens remaining: 50
2026-08-12 15:41:19 INFO  c.e.c.Tool.security.RateLimitFilter - Request from IP: 10.235.148.185 | URI: /board/1/members | Tokens remaining: 49
2026-08-12 15:41:19 INFO  c.e.c.Tool.security.RateLimitFilter - Request from IP: 10.235.148.185 | URI: /boards/1/lists | Tokens remaining: 49
2026-08-12 15:41:19 INFO  c.e.c.Tool.security.RateLimitFilter - Request from IP: 10.235.148.185 | URI: /cards/lists/1/cards | Tokens remaining: 47
2026-08-12 15:41:19 INFO  c.e.c.Tool.security.RateLimitFilter - Request from IP: 10.235.148.185 | URI: /cards/lists/2/cards | Tokens remaining: 46
2026-08-12 15:41:19 INFO  c.e.c.Tool.security.RateLimitFilter - Request from IP: 10.235.148.185 | URI: /cards/lists/3/cards | Tokens remaining: 45
2026-08-12 15:41:19 INFO  c.e.c.Tool.security.RateLimitFilter - Request from IP: 10.235.148.185 | URI: /cards/lists/9/cards | Tokens remaining: 44
2026-08-12 15:41:33 INFO  c.e.c.Tool.security.RateLimitFilter - Request from IP: 10.235.148.185 | URI: /workspace/my-workspaces | Tokens remaining: 50
2026-08-12 15:41:33 INFO  c.e.c.Tool.security.RateLimitFilter - Request from IP: 10.235.148.185 | URI: /user/scratchpad | Tokens remaining: 49
2026-08-12 15:41:33 INFO  c.e.c.Tool.security.RateLimitFilter - Request from IP: 10.235.148.185 | URI: /user/recent-boards | Tokens remaining: 48
2026-08-12 15:41:33 INFO  c.e.c.Tool.security.RateLimitFilter - Request from IP: 10.235.148.185 | URI: /boards/starred | Tokens remaining: 47
2026-08-12 15:41:34 INFO  c.e.c.Tool.security.RateLimitFilter - Request from IP: 10.235.148.185 | URI: /boards/workspace/8 | Tokens remaining: 46
2026-08-12 15:41:35 INFO  c.e.c.Tool.security.RateLimitFilter - Request from IP: 10.235.148.185 | URI: /boards/3/lists | Tokens remaining: 45
2026-08-12 15:41:44 INFO  c.e.c.Tool.security.RateLimitFilter - Request from IP: 10.235.148.185 | URI: /workspace/my-workspaces | Tokens remaining: 50
2026-08-12 15:41:44 INFO  c.e.c.Tool.security.RateLimitFilter - Request from IP: 10.235.148.185 | URI: /user/scratchpad | Tokens remaining: 49
2026-08-12 15:41:44 INFO  c.e.c.Tool.security.RateLimitFilter - Request from IP: 10.235.148.185 | URI: /user/recent-boards | Tokens remaining: 48
2026-08-12 15:41:44 INFO  c.e.c.Tool.security.RateLimitFilter - Request from IP: 10.235.148.185 | URI: /boards/starred | Tokens remaining: 47
2026-08-12 15:41:45 INFO  c.e.c.Tool.security.RateLimitFilter - Request from IP: 10.235.148.185 | URI: /boards/workspace/8 | Tokens remaining: 46
2026-08-12 15:41:45 INFO  c.e.c.Tool.security.RateLimitFilter - Request from IP: 10.235.148.185 | URI: /boards/3/lists | Tokens remaining: 45
2026-08-12 15:41:52 INFO  c.e.c.Tool.security.RateLimitFilter - Request from IP: 10.235.148.185 | URI: /boards/workspace/4 | Tokens remaining: 50
2026-08-12 15:41:52 INFO  c.e.c.Tool.security.RateLimitFilter - Request from IP: 10.235.148.185 | URI: /boards/1/lists | Tokens remaining: 49
2026-08-12 15:41:53 INFO  c.e.c.Tool.security.RateLimitFilter - Request from IP: 10.235.148.185 | URI: /cards/lists/1/cards | Tokens remaining: 48
2026-08-12 15:41:53 INFO  c.e.c.Tool.security.RateLimitFilter - Request from IP: 10.235.148.185 | URI: /cards/lists/2/cards | Tokens remaining: 48
2026-08-12 15:41:53 INFO  c.e.c.Tool.security.RateLimitFilter - Request from IP: 10.235.148.185 | URI: /cards/lists/9/cards | Tokens remaining: 46
2026-08-12 15:41:53 INFO  c.e.c.Tool.security.RateLimitFilter - Request from IP: 10.235.148.185 | URI: /cards/lists/3/cards | Tokens remaining: 45
2026-08-12 15:42:05 INFO  c.e.c.Tool.security.RateLimitFilter - Request from IP: 10.235.148.185 | URI: /cards/assigned-to-me | Tokens remaining: 50
2026-08-12 15:42:11 INFO  c.e.c.Tool.security.RateLimitFilter - Request from IP: 10.235.148.185 | URI: /cards/assigned-to-me | Tokens remaining: 50
2026-08-12 15:42:25 INFO  c.e.c.Tool.security.RateLimitFilter - Request from IP: 10.235.148.185 | URI: /boards/workspace/9 | Tokens remaining: 50
2026-08-12 15:42:58 INFO  c.e.c.Tool.security.RateLimitFilter - Request from IP: 10.235.148.185 | URI: /boards/workspace/4 | Tokens remaining: 50
2026-08-12 15:42:58 INFO  c.e.c.Tool.security.RateLimitFilter - Request from IP: 10.235.148.185 | URI: /boards/2/lists | Tokens remaining: 49
2026-08-12 15:43:06 INFO  c.e.c.Tool.security.RateLimitFilter - Request from IP: 10.235.148.185 | URI: /boards/workspace/4 | Tokens remaining: 50
2026-08-12 15:43:06 INFO  c.e.c.Tool.security.RateLimitFilter - Request from IP: 10.235.148.185 | URI: /boards/1/lists | Tokens remaining: 49
2026-08-12 15:43:07 INFO  c.e.c.Tool.security.RateLimitFilter - Request from IP: 10.235.148.185 | URI: /cards/lists/1/cards | Tokens remaining: 48
2026-08-12 15:43:07 INFO  c.e.c.Tool.security.RateLimitFilter - Request from IP: 10.235.148.185 | URI: /cards/lists/3/cards | Tokens remaining: 47
2026-08-12 15:43:07 INFO  c.e.c.Tool.security.RateLimitFilter - Request from IP: 10.235.148.185 | URI: /cards/lists/2/cards | Tokens remaining: 46
2026-08-12 15:43:07 INFO  c.e.c.Tool.security.RateLimitFilter - Request from IP: 10.235.148.185 | URI: /cards/lists/9/cards | Tokens remaining: 45
2026-08-12 15:43:13 INFO  c.e.c.Tool.security.RateLimitFilter - Request from IP: 10.235.148.185 | URI: /boards/workspace/14 | Tokens remaining: 50
2026-08-12 15:43:19 INFO  c.e.c.Tool.security.RateLimitFilter - Request from IP: 10.235.148.185 | URI: /workspace/14/star | Tokens remaining: 50
2026-08-12 15:43:22 INFO  o.s.w.s.c.WebSocketMessageBrokerStats - WebSocketSession[0 current WS(0)-HttpStream(0)-HttpPoll(0), 0 total, 0 closed abnormally (0 connect failure, 0 send limit, 0 transport error)], stompSubProtocol[processed CONNECT(0)-CONNECTED(0)-DISCONNECT(0)], stompBrokerRelay[null], inboundChannel[pool size = 0, active threads = 0, queued tasks = 0, completed tasks = 0], outboundChannel[pool size = 0, active threads = 0, queued tasks = 0, completed tasks = 0], sockJsScheduler[pool size = 4, active threads = 1, queued tasks = 1, completed tasks = 63]
2026-08-12 15:43:26 INFO  c.e.c.Tool.security.RateLimitFilter - Request from IP: 10.235.148.185 | URI: /workspace/4/star | Tokens remaining: 50
2026-08-12 15:43:31 INFO  c.e.c.Tool.security.RateLimitFilter - Request from IP: 10.235.148.185 | URI: /workspace/4/star | Tokens remaining: 50
2026-08-12 15:45:36 INFO  c.e.c.Tool.security.RateLimitFilter - Request from IP: 10.235.148.185 | URI: /boards/workspace/9 | Tokens remaining: 50
2026-08-12 15:45:50 INFO  c.e.c.Tool.security.RateLimitFilter - Request from IP: 10.235.148.185 | URI: /boards/workspace/9 | Tokens remaining: 50
2026-08-12 15:47:01 INFO  c.e.c.Tool.security.RateLimitFilter - Request from IP: 10.235.148.185 | URI: /workspace/9/invite | Tokens remaining: 50
2026-08-12 15:47:02 WARN  c.e.c.T.e.CollaborationExceptionHandler - Unauthorized access attempt: Only the owner can invite others
2026-08-12 15:47:02 INFO  c.e.c.Tool.security.RateLimitFilter - Request from IP: 10.235.148.185 | URI: /user/refresh | Tokens remaining: 49
2026-08-12 15:47:02 INFO  c.e.c.Tool.security.RateLimitFilter - Request from IP: 10.235.148.185 | URI: /workspace/9/invite | Tokens remaining: 48
2026-08-12 15:47:02 WARN  c.e.c.T.e.CollaborationExceptionHandler - Unauthorized access attempt: Only the owner can invite others
2026-08-12 15:47:29 INFO  c.e.c.Tool.security.RateLimitFilter - Request from IP: 10.235.148.185 | URI: /issues/active | Tokens remaining: 50
2026-08-12 15:47:50 INFO  c.e.c.Tool.security.RateLimitFilter - Request from IP: 10.235.148.185 | URI: /user/login | Tokens remaining: 50
2026-08-12 15:47:51 INFO  c.e.c.Tool.security.RateLimitFilter - Request from IP: 10.235.148.185 | URI: /workspace/my-workspaces | Tokens remaining: 49
2026-08-12 15:47:51 INFO  c.e.c.Tool.security.RateLimitFilter - Request from IP: 10.235.148.185 | URI: /user/recent-boards | Tokens remaining: 48
2026-08-12 15:47:51 INFO  c.e.c.Tool.security.RateLimitFilter - Request from IP: 10.235.148.185 | URI: /user/scratchpad | Tokens remaining: 47
2026-08-12 15:47:51 INFO  c.e.c.Tool.security.RateLimitFilter - Request from IP: 10.235.148.185 | URI: /boards/starred | Tokens remaining: 46
2026-08-12 15:47:52 INFO  c.e.c.Tool.security.RateLimitFilter - Request from IP: 10.235.148.185 | URI: /boards/workspace/9 | Tokens remaining: 46
2026-08-12 15:47:56 INFO  c.e.c.Tool.security.RateLimitFilter - Request from IP: 10.235.148.185 | URI: /boards/workspace/9 | Tokens remaining: 49
2026-08-12 15:48:03 INFO  c.e.c.Tool.security.RateLimitFilter - Request from IP: 10.235.148.185 | URI: /boards/workspace/9 | Tokens remaining: 50
2026-08-12 15:48:12 INFO  c.e.c.Tool.security.RateLimitFilter - Request from IP: 10.235.148.185 | URI: /workspace/9/invite | Tokens remaining: 50
2026-08-12 15:48:13 INFO  c.e.c.T.s.Impl.EmailServiceImpl - Attempting to send email to: garagejacn@gmail.com
2026-08-12 15:48:18 INFO  c.e.c.T.s.Impl.EmailServiceImpl - Email sent successfully to: garagejacn@gmail.com
2026-08-12 15:48:23 INFO  c.e.c.Tool.security.RateLimitFilter - Request from IP: 10.235.148.185 | URI: /workspace/my-workspaces | Tokens remaining: 50
2026-08-12 15:48:23 INFO  c.e.c.Tool.security.RateLimitFilter - Request from IP: 10.235.148.185 | URI: /user/scratchpad | Tokens remaining: 49
2026-08-12 15:48:23 INFO  c.e.c.Tool.security.RateLimitFilter - Request from IP: 10.235.148.185 | URI: /boards/starred | Tokens remaining: 48
2026-08-12 15:48:23 INFO  c.e.c.Tool.security.RateLimitFilter - Request from IP: 10.235.148.185 | URI: /user/recent-boards | Tokens remaining: 47
2026-08-12 15:48:23 INFO  c.e.c.Tool.security.RateLimitFilter - Request from IP: 10.235.148.185 | URI: /boards/workspace/9 | Tokens remaining: 46
2026-08-12 15:48:30 INFO  c.e.c.Tool.security.RateLimitFilter - Request from IP: 10.235.148.185 | URI: /issues/active | Tokens remaining: 50
2026-08-12 15:49:51 INFO  c.e.c.Tool.security.RateLimitFilter - Request from IP: 10.235.148.185 | URI: /user/register | Tokens remaining: 50
2026-08-12 15:49:51 INFO  c.e.c.Tool.controller.UserController - Register request received → email=garagejacn@gmail.com
2026-08-12 15:49:52 INFO  c.e.c.T.s.Impl.EmailServiceImpl - Attempting to send email to: garagejacn@gmail.com
2026-08-12 15:49:52 INFO  c.e.c.T.s.Impl.EmailServiceImpl - Email sent successfully to: garagejacn@gmail.com
2026-08-12 15:50:05 INFO  c.e.c.Tool.security.RateLimitFilter - Request from IP: 10.235.148.185 | URI: /user/login | Tokens remaining: 50
2026-08-12 15:50:05 WARN  c.e.c.T.e.CollaborationExceptionHandler - Bad request: Account not confirmed. Please check your email.
2026-08-12 15:50:49 INFO  c.e.c.Tool.security.RateLimitFilter - Request from IP: 10.235.148.185 | URI: /user/login | Tokens remaining: 50
2026-08-12 15:50:49 INFO  c.e.c.Tool.security.RateLimitFilter - Request from IP: 10.235.148.185 | URI: /workspace/my-workspaces | Tokens remaining: 49
2026-08-12 15:50:49 INFO  c.e.c.Tool.security.RateLimitFilter - Request from IP: 10.235.148.185 | URI: /user/scratchpad | Tokens remaining: 48
2026-08-12 15:50:49 INFO  c.e.c.Tool.security.RateLimitFilter - Request from IP: 10.235.148.185 | URI: /user/recent-boards | Tokens remaining: 47
2026-08-12 15:50:49 INFO  c.e.c.Tool.security.RateLimitFilter - Request from IP: 10.235.148.185 | URI: /boards/starred | Tokens remaining: 46
2026-08-12 15:50:56 INFO  c.e.c.Tool.security.RateLimitFilter - Request from IP: 10.235.148.185 | URI: /workspace/my-invitations | Tokens remaining: 50
2026-08-12 15:51:03 INFO  c.e.c.Tool.security.RateLimitFilter - Request from IP: 10.235.148.185 | URI: /workspace/accept-invite | Tokens remaining: 50
2026-08-12 15:51:04 INFO  c.e.c.Tool.security.RateLimitFilter - Request from IP: 10.235.148.185 | URI: /workspace/my-workspaces | Tokens remaining: 49
2026-08-12 15:51:04 INFO  c.e.c.Tool.security.RateLimitFilter - Request from IP: 10.235.148.185 | URI: /boards/workspace/9 | Tokens remaining: 48
2026-08-12 15:52:24 INFO  c.e.c.Tool.security.RateLimitFilter - Request from IP: 10.235.148.185 | URI: /issues/active | Tokens remaining: 50
2026-08-12 15:52:40 INFO  c.e.c.Tool.security.RateLimitFilter - Request from IP: 10.235.148.185 | URI: /user/login | Tokens remaining: 50
2026-08-12 15:52:40 INFO  c.e.c.Tool.security.RateLimitFilter - Request from IP: 10.235.148.185 | URI: /workspace/my-workspaces | Tokens remaining: 49
2026-08-12 15:52:40 INFO  c.e.c.Tool.security.RateLimitFilter - Request from IP: 10.235.148.185 | URI: /user/scratchpad | Tokens remaining: 48
2026-08-12 15:52:40 INFO  c.e.c.Tool.security.RateLimitFilter - Request from IP: 10.235.148.185 | URI: /user/recent-boards | Tokens remaining: 47
2026-08-12 15:52:40 INFO  c.e.c.Tool.security.RateLimitFilter - Request from IP: 10.235.148.185 | URI: /boards/starred | Tokens remaining: 46
2026-08-12 15:52:41 INFO  c.e.c.Tool.security.RateLimitFilter - Request from IP: 10.235.148.185 | URI: /boards/workspace/8 | Tokens remaining: 45
2026-08-12 15:52:41 INFO  c.e.c.Tool.security.RateLimitFilter - Request from IP: 10.235.148.185 | URI: /boards/3/lists | Tokens remaining: 45
2026-08-12 15:52:52 INFO  c.e.c.Tool.security.RateLimitFilter - Request from IP: 10.235.148.185 | URI: /boards/workspace/8 | Tokens remaining: 50
2026-08-12 15:52:52 INFO  c.e.c.Tool.security.RateLimitFilter - Request from IP: 10.235.148.185 | URI: /boards/3/lists | Tokens remaining: 49
2026-08-12 15:52:59 INFO  c.e.c.Tool.security.RateLimitFilter - Request from IP: 10.235.148.185 | URI: /boards/workspace/9 | Tokens remaining: 50
2026-08-12 15:54:17 INFO  c.e.c.Tool.security.RateLimitFilter - Request from IP: 10.235.148.185 | URI: /boards/workspace/8 | Tokens remaining: 50
2026-08-12 15:54:17 INFO  c.e.c.Tool.security.RateLimitFilter - Request from IP: 10.235.148.185 | URI: /boards/3/lists | Tokens remaining: 49
2026-08-12 15:54:31 INFO  c.e.c.Tool.security.RateLimitFilter - Request from IP: 10.235.148.185 | URI: /boards/workspace/8 | Tokens remaining: 50
2026-08-12 15:54:31 INFO  c.e.c.Tool.security.RateLimitFilter - Request from IP: 10.235.148.185 | URI: /boards/3/lists | Tokens remaining: 49
2026-08-12 15:54:31 INFO  c.e.c.Tool.security.RateLimitFilter - Request from IP: 10.235.148.185 | URI: /board/3/members | Tokens remaining: 48
2026-08-12 15:54:55 INFO  c.e.c.Tool.security.RateLimitFilter - Request from IP: 10.235.148.185 | URI: /workspace/8/invite | Tokens remaining: 50
2026-08-12 15:54:55 INFO  c.e.c.T.s.Impl.EmailServiceImpl - Attempting to send email to: nthengeabraham952@gmail.com
2026-08-12 15:54:55 INFO  c.e.c.T.s.Impl.EmailServiceImpl - Email sent successfully to: nthengeabraham952@gmail.com
2026-08-12 15:54:55 INFO  c.e.c.T.s.Impl.EmailServiceImpl - Attempting to send email to: abrahamnetsec@gmail.com
2026-08-12 15:54:56 INFO  c.e.c.T.s.Impl.EmailServiceImpl - Email sent successfully to: abrahamnetsec@gmail.com
2026-08-12 15:55:01 INFO  c.e.c.Tool.security.RateLimitFilter - Request from IP: 10.235.148.185 | URI: /user/scratchpad | Tokens remaining: 50
2026-08-12 15:55:01 INFO  c.e.c.Tool.security.RateLimitFilter - Request from IP: 10.235.148.185 | URI: /boards/starred | Tokens remaining: 49
2026-08-12 15:55:01 INFO  c.e.c.Tool.security.RateLimitFilter - Request from IP: 10.235.148.185 | URI: /workspace/my-workspaces | Tokens remaining: 48
2026-08-12 15:55:01 INFO  c.e.c.Tool.security.RateLimitFilter - Request from IP: 10.235.148.185 | URI: /user/recent-boards | Tokens remaining: 47
2026-08-12 15:55:01 INFO  c.e.c.Tool.security.RateLimitFilter - Request from IP: 10.235.148.185 | URI: /boards/workspace/8 | Tokens remaining: 46
2026-08-12 15:55:02 INFO  c.e.c.Tool.security.RateLimitFilter - Request from IP: 10.235.148.185 | URI: /boards/3/lists | Tokens remaining: 45
2026-08-12 15:55:04 INFO  c.e.c.Tool.security.RateLimitFilter - Request from IP: 10.235.148.185 | URI: /issues/active | Tokens remaining: 46
2026-08-12 15:55:22 INFO  c.e.c.Tool.security.RateLimitFilter - Request from IP: 10.235.148.185 | URI: /user/login | Tokens remaining: 50
2026-08-12 15:55:23 INFO  c.e.c.Tool.security.RateLimitFilter - Request from IP: 10.235.148.185 | URI: /workspace/my-workspaces | Tokens remaining: 49
2026-08-12 15:55:23 INFO  c.e.c.Tool.security.RateLimitFilter - Request from IP: 10.235.148.185 | URI: /user/scratchpad | Tokens remaining: 49
2026-08-12 15:55:23 INFO  c.e.c.Tool.security.RateLimitFilter - Request from IP: 10.235.148.185 | URI: /user/recent-boards | Tokens remaining: 48
2026-08-12 15:55:23 INFO  c.e.c.Tool.security.RateLimitFilter - Request from IP: 10.235.148.185 | URI: /boards/starred | Tokens remaining: 46
2026-08-12 15:55:23 INFO  c.e.c.Tool.security.RateLimitFilter - Request from IP: 10.235.148.185 | URI: /boards/workspace/9 | Tokens remaining: 45
2026-08-12 15:55:25 INFO  c.e.c.Tool.security.RateLimitFilter - Request from IP: 10.235.148.185 | URI: /workspace/my-invitations | Tokens remaining: 46
2026-08-12 15:55:29 INFO  c.e.c.Tool.security.RateLimitFilter - Request from IP: 10.235.148.185 | URI: /workspace/accept-invite | Tokens remaining: 48
2026-08-12 15:55:30 INFO  c.e.c.Tool.security.RateLimitFilter - Request from IP: 10.235.148.185 | URI: /workspace/my-workspaces | Tokens remaining: 48
2026-08-12 15:55:42 INFO  c.e.c.Tool.security.RateLimitFilter - Request from IP: 10.235.148.185 | URI: /boards/workspace/8 | Tokens remaining: 50
2026-08-12 15:55:43 INFO  c.e.c.Tool.security.RateLimitFilter - Request from IP: 10.235.148.185 | URI: /boards/3/lists | Tokens remaining: 49
2026-08-12 15:55:51 INFO  c.e.c.Tool.security.RateLimitFilter - Request from IP: 10.235.148.185 | URI: /boards/workspace/9 | Tokens remaining: 50
2026-08-12 15:55:54 INFO  c.e.c.Tool.security.RateLimitFilter - Request from IP: 10.235.148.185 | URI: /boards/workspace/8 | Tokens remaining: 50
2026-08-12 15:55:55 INFO  c.e.c.Tool.security.RateLimitFilter - Request from IP: 10.235.148.185 | URI: /boards/3/lists | Tokens remaining: 49
2026-08-12 15:56:01 INFO  c.e.c.Tool.security.RateLimitFilter - Request from IP: 10.235.148.185 | URI: /issues/active | Tokens remaining: 50
2026-08-12 15:56:09 INFO  c.e.c.Tool.security.RateLimitFilter - Request from IP: 10.235.148.185 | URI: /user/login | Tokens remaining: 50
2026-08-12 15:56:09 INFO  c.e.c.Tool.security.RateLimitFilter - Request from IP: 10.235.148.185 | URI: /user/scratchpad | Tokens remaining: 49
2026-08-12 15:56:09 INFO  c.e.c.Tool.security.RateLimitFilter - Request from IP: 10.235.148.185 | URI: /workspace/my-workspaces | Tokens remaining: 48
2026-08-12 15:56:09 INFO  c.e.c.Tool.security.RateLimitFilter - Request from IP: 10.235.148.185 | URI: /user/recent-boards | Tokens remaining: 47
2026-08-12 15:56:09 INFO  c.e.c.Tool.security.RateLimitFilter - Request from IP: 10.235.148.185 | URI: /boards/starred | Tokens remaining: 46
2026-08-12 15:56:10 INFO  c.e.c.Tool.security.RateLimitFilter - Request from IP: 10.235.148.185 | URI: /boards/workspace/9 | Tokens remaining: 45
2026-08-12 15:56:13 INFO  c.e.c.Tool.security.RateLimitFilter - Request from IP: 10.235.148.185 | URI: /workspace/my-invitations | Tokens remaining: 47
2026-08-12 15:56:19 INFO  c.e.c.Tool.security.RateLimitFilter - Request from IP: 10.235.148.185 | URI: /workspace/accept-invite | Tokens remaining: 50
2026-08-12 15:56:20 INFO  c.e.c.Tool.security.RateLimitFilter - Request from IP: 10.235.148.185 | URI: /workspace/my-workspaces | Tokens remaining: 49
2026-08-12 15:56:24 INFO  c.e.c.Tool.security.RateLimitFilter - Request from IP: 10.235.148.185 | URI: /boards/workspace/14 | Tokens remaining: 50
2026-08-12 15:56:28 INFO  c.e.c.Tool.security.RateLimitFilter - Request from IP: 10.235.148.185 | URI: /workspace/accept-invite | Tokens remaining: 50
2026-08-12 15:56:29 INFO  c.e.c.Tool.security.RateLimitFilter - Request from IP: 10.235.148.185 | URI: /workspace/my-workspaces | Tokens remaining: 49
2026-08-12 15:56:35 INFO  c.e.c.Tool.security.RateLimitFilter - Request from IP: 10.235.148.185 | URI: /issues/active | Tokens remaining: 50
2026-08-12 15:56:49 INFO  c.e.c.Tool.security.RateLimitFilter - Request from IP: 10.235.148.185 | URI: /user/login | Tokens remaining: 50
2026-08-12 15:56:49 INFO  c.e.c.Tool.security.RateLimitFilter - Request from IP: 10.235.148.185 | URI: /workspace/my-workspaces | Tokens remaining: 49
2026-08-12 15:56:49 INFO  c.e.c.Tool.security.RateLimitFilter - Request from IP: 10.235.148.185 | URI: /boards/starred | Tokens remaining: 48
2026-08-12 15:56:49 INFO  c.e.c.Tool.security.RateLimitFilter - Request from IP: 10.235.148.185 | URI: /user/scratchpad | Tokens remaining: 49
2026-08-12 15:56:49 INFO  c.e.c.Tool.security.RateLimitFilter - Request from IP: 10.235.148.185 | URI: /user/recent-boards | Tokens remaining: 46
2026-08-12 15:56:50 INFO  c.e.c.Tool.security.RateLimitFilter - Request from IP: 10.235.148.185 | URI: /boards/workspace/8 | Tokens remaining: 45
2026-08-12 15:56:50 INFO  c.e.c.Tool.security.RateLimitFilter - Request from IP: 10.235.148.185 | URI: /boards/3/lists | Tokens remaining: 45
2026-08-12 15:56:58 INFO  c.e.c.Tool.security.RateLimitFilter - Request from IP: 10.235.148.185 | URI: /boards/workspace/4 | Tokens remaining: 50
2026-08-12 15:56:59 INFO  c.e.c.Tool.security.RateLimitFilter - Request from IP: 10.235.148.185 | URI: /boards/1/lists | Tokens remaining: 49
2026-08-12 15:56:59 INFO  c.e.c.Tool.security.RateLimitFilter - Request from IP: 10.235.148.185 | URI: /cards/lists/1/cards | Tokens remaining: 48
2026-08-12 15:56:59 INFO  c.e.c.Tool.security.RateLimitFilter - Request from IP: 10.235.148.185 | URI: /cards/lists/2/cards | Tokens remaining: 47
2026-08-12 15:56:59 INFO  c.e.c.Tool.security.RateLimitFilter - Request from IP: 10.235.148.185 | URI: /cards/lists/3/cards | Tokens remaining: 46
2026-08-12 15:56:59 INFO  c.e.c.Tool.security.RateLimitFilter - Request from IP: 10.235.148.185 | URI: /cards/lists/9/cards | Tokens remaining: 45
2026-08-12 15:57:01 INFO  c.e.c.Tool.security.RateLimitFilter - Request from IP: 10.235.148.185 | URI: /boards/workspace/4 | Tokens remaining: 46
2026-08-12 15:57:02 INFO  c.e.c.Tool.security.RateLimitFilter - Request from IP: 10.235.148.185 | URI: /boards/1/lists | Tokens remaining: 45
2026-08-12 15:57:02 INFO  c.e.c.Tool.security.RateLimitFilter - Request from IP: 10.235.148.185 | URI: /board/1/members | Tokens remaining: 44
2026-08-12 15:57:02 INFO  c.e.c.Tool.security.RateLimitFilter - Request from IP: 10.235.148.185 | URI: /cards/lists/1/cards | Tokens remaining: 44
2026-08-12 15:57:02 INFO  c.e.c.Tool.security.RateLimitFilter - Request from IP: 10.235.148.185 | URI: /cards/lists/2/cards | Tokens remaining: 43
2026-08-12 15:57:02 INFO  c.e.c.Tool.security.RateLimitFilter - Request from IP: 10.235.148.185 | URI: /cards/lists/3/cards | Tokens remaining: 42
2026-08-12 15:57:02 INFO  c.e.c.Tool.security.RateLimitFilter - Request from IP: 10.235.148.185 | URI: /cards/lists/9/cards | Tokens remaining: 41
2026-08-12 15:57:17 INFO  c.e.c.Tool.security.RateLimitFilter - Request from IP: 10.235.148.185 | URI: /workspace/4/invite | Tokens remaining: 50
2026-08-12 15:57:17 INFO  c.e.c.T.s.Impl.EmailServiceImpl - Attempting to send email to: nthengeabraham952@gmail.com
2026-08-12 15:57:18 INFO  c.e.c.T.s.Impl.EmailServiceImpl - Email sent successfully to: nthengeabraham952@gmail.com
2026-08-12 15:57:24 INFO  c.e.c.Tool.security.RateLimitFilter - Request from IP: 10.235.148.185 | URI: /workspace/my-workspaces | Tokens remaining: 50
2026-08-12 15:57:24 INFO  c.e.c.Tool.security.RateLimitFilter - Request from IP: 10.235.148.185 | URI: /user/scratchpad | Tokens remaining: 49
2026-08-12 15:57:24 INFO  c.e.c.Tool.security.RateLimitFilter - Request from IP: 10.235.148.185 | URI: /user/recent-boards | Tokens remaining: 48
2026-08-12 15:57:24 INFO  c.e.c.Tool.security.RateLimitFilter - Request from IP: 10.235.148.185 | URI: /boards/starred | Tokens remaining: 48
2026-08-12 15:57:24 INFO  c.e.c.Tool.security.RateLimitFilter - Request from IP: 10.235.148.185 | URI: /boards/workspace/8 | Tokens remaining: 46
2026-08-12 15:57:25 INFO  c.e.c.Tool.security.RateLimitFilter - Request from IP: 10.235.148.185 | URI: /boards/3/lists | Tokens remaining: 45
2026-08-12 15:57:27 INFO  c.e.c.Tool.security.RateLimitFilter - Request from IP: 10.235.148.185 | URI: /issues/active | Tokens remaining: 46
2026-08-12 15:57:37 INFO  c.e.c.Tool.security.RateLimitFilter - Request from IP: 10.235.148.185 | URI: /user/login | Tokens remaining: 50
2026-08-12 15:57:37 INFO  c.e.c.Tool.security.RateLimitFilter - Request from IP: 10.235.148.185 | URI: /workspace/my-workspaces | Tokens remaining: 49
2026-08-12 15:57:37 INFO  c.e.c.Tool.security.RateLimitFilter - Request from IP: 10.235.148.185 | URI: /user/scratchpad | Tokens remaining: 48
2026-08-12 15:57:37 INFO  c.e.c.Tool.security.RateLimitFilter - Request from IP: 10.235.148.185 | URI: /user/recent-boards | Tokens remaining: 47
2026-08-12 15:57:37 INFO  c.e.c.Tool.security.RateLimitFilter - Request from IP: 10.235.148.185 | URI: /boards/starred | Tokens remaining: 47
2026-08-12 15:57:38 INFO  c.e.c.Tool.security.RateLimitFilter - Request from IP: 10.235.148.185 | URI: /boards/workspace/8 | Tokens remaining: 45
2026-08-12 15:57:38 INFO  c.e.c.Tool.security.RateLimitFilter - Request from IP: 10.235.148.185 | URI: /boards/3/lists | Tokens remaining: 45
2026-08-12 15:57:45 INFO  c.e.c.Tool.security.RateLimitFilter - Request from IP: 10.235.148.185 | URI: /boards/workspace/9 | Tokens remaining: 49
2026-08-12 15:57:46 INFO  c.e.c.Tool.security.RateLimitFilter - Request from IP: 10.235.148.185 | URI: /boards/workspace/14 | Tokens remaining: 49
2026-08-12 15:57:48 INFO  c.e.c.Tool.security.RateLimitFilter - Request from IP: 10.235.148.185 | URI: /workspace/my-invitations | Tokens remaining: 50
2026-08-12 15:57:53 INFO  c.e.c.Tool.security.RateLimitFilter - Request from IP: 10.235.148.185 | URI: /workspace/accept-invite | Tokens remaining: 50
2026-08-12 15:57:54 INFO  c.e.c.Tool.security.RateLimitFilter - Request from IP: 10.235.148.185 | URI: /workspace/my-workspaces | Tokens remaining: 49
2026-08-12 15:57:57 INFO  c.e.c.Tool.security.RateLimitFilter - Request from IP: 10.235.148.185 | URI: /boards/workspace/4 | Tokens remaining: 50
2026-08-12 15:57:58 INFO  c.e.c.Tool.security.RateLimitFilter - Request from IP: 10.235.148.185 | URI: /boards/1/lists | Tokens remaining: 49
2026-08-12 15:57:58 INFO  c.e.c.Tool.security.RateLimitFilter - Request from IP: 10.235.148.185 | URI: /cards/lists/1/cards | Tokens remaining: 48
2026-08-12 15:57:58 INFO  c.e.c.Tool.security.RateLimitFilter - Request from IP: 10.235.148.185 | URI: /cards/lists/3/cards | Tokens remaining: 47
2026-08-12 15:57:58 INFO  c.e.c.Tool.security.RateLimitFilter - Request from IP: 10.235.148.185 | URI: /cards/lists/2/cards | Tokens remaining: 46
2026-08-12 15:57:58 INFO  c.e.c.Tool.security.RateLimitFilter - Request from IP: 10.235.148.185 | URI: /cards/lists/9/cards | Tokens remaining: 45
2026-08-12 15:58:09 INFO  c.e.c.Tool.security.RateLimitFilter - Request from IP: 10.235.148.185 | URI: /user/recent-boards/2 | Tokens remaining: 50
2026-08-12 15:58:09 INFO  c.e.c.Tool.security.RateLimitFilter - Request from IP: 10.235.148.185 | URI: /boards/2/lists | Tokens remaining: 49
2026-08-12 15:58:10 INFO  c.e.c.Tool.security.RateLimitFilter - Request from IP: 10.235.148.185 | URI: /user/recent-boards | Tokens remaining: 48
2026-08-12 15:58:12 INFO  c.e.c.Tool.security.RateLimitFilter - Request from IP: 10.235.148.185 | URI: /user/recent-boards/1 | Tokens remaining: 48
2026-08-12 15:58:12 INFO  c.e.c.Tool.security.RateLimitFilter - Request from IP: 10.235.148.185 | URI: /boards/1/lists | Tokens remaining: 47
2026-08-12 15:58:12 INFO  c.e.c.Tool.security.RateLimitFilter - Request from IP: 10.235.148.185 | URI: /cards/lists/2/cards | Tokens remaining: 47
2026-08-12 15:58:12 INFO  c.e.c.Tool.security.RateLimitFilter - Request from IP: 10.235.148.185 | URI: /cards/lists/1/cards | Tokens remaining: 47
2026-08-12 15:58:12 INFO  c.e.c.Tool.security.RateLimitFilter - Request from IP: 10.235.148.185 | URI: /cards/lists/3/cards | Tokens remaining: 45
2026-08-12 15:58:12 INFO  c.e.c.Tool.security.RateLimitFilter - Request from IP: 10.235.148.185 | URI: /cards/lists/9/cards | Tokens remaining: 44
2026-08-12 15:58:12 INFO  c.e.c.Tool.security.RateLimitFilter - Request from IP: 10.235.148.185 | URI: /user/recent-boards | Tokens remaining: 43
2026-08-12 15:59:57 INFO  c.e.c.Tool.security.RateLimitFilter - Request from IP: 10.235.148.185 | URI: /cards/assigned-to-me | Tokens remaining: 50
2026-08-12 16:00:09 INFO  c.e.c.Tool.security.RateLimitFilter - Request from IP: 10.235.148.185 | URI: /boards/workspace/4 | Tokens remaining: 50
2026-08-12 16:00:09 INFO  c.e.c.Tool.security.RateLimitFilter - Request from IP: 10.235.148.185 | URI: /boards/1/lists | Tokens remaining: 49
2026-08-12 16:00:10 INFO  c.e.c.Tool.security.RateLimitFilter - Request from IP: 10.235.148.185 | URI: /cards/lists/1/cards | Tokens remaining: 48
2026-08-12 16:00:10 INFO  c.e.c.Tool.security.RateLimitFilter - Request from IP: 10.235.148.185 | URI: /cards/lists/2/cards | Tokens remaining: 47
2026-08-12 16:00:10 INFO  c.e.c.Tool.security.RateLimitFilter - Request from IP: 10.235.148.185 | URI: /cards/lists/3/cards | Tokens remaining: 46
2026-08-12 16:00:10 INFO  c.e.c.Tool.security.RateLimitFilter - Request from IP: 10.235.148.185 | URI: /cards/lists/9/cards | Tokens remaining: 45
2026-08-12 16:00:23 INFO  c.e.c.Tool.security.RateLimitFilter - Request from IP: 10.235.148.185 | URI: /board/1/members | Tokens remaining: 50
2026-08-12 16:00:29 INFO  c.e.c.Tool.security.RateLimitFilter - Request from IP: 10.235.148.185 | URI: /cards/2/assignee | Tokens remaining: 50
2026-08-12 16:01:44 INFO  c.e.c.Tool.security.RateLimitFilter - Request from IP: 10.235.148.185 | URI: /board/1/members | Tokens remaining: 50
2026-08-12 16:01:45 INFO  c.e.c.Tool.security.RateLimitFilter - Request from IP: 10.235.148.185 | URI: /cards/2/assignee | Tokens remaining: 49
2026-08-12 16:04:21 INFO  c.e.c.Tool.security.RateLimitFilter - Request from IP: 10.235.148.185 | URI: /board/1/members | Tokens remaining: 50
2026-08-12 16:04:24 INFO  c.e.c.Tool.security.RateLimitFilter - Request from IP: 10.235.148.185 | URI: /cards/2/assignee | Tokens remaining: 50
2026-08-12 16:04:29 INFO  c.e.c.Tool.security.RateLimitFilter - Request from IP: 10.235.148.185 | URI: /boards/workspace/4 | Tokens remaining: 50
2026-08-12 16:04:30 INFO  c.e.c.Tool.security.RateLimitFilter - Request from IP: 10.235.148.185 | URI: /boards/1/lists | Tokens remaining: 49
2026-08-12 16:04:30 INFO  c.e.c.Tool.security.RateLimitFilter - Request from IP: 10.235.148.185 | URI: /board/1/members | Tokens remaining: 48
2026-08-12 16:04:30 INFO  c.e.c.Tool.security.RateLimitFilter - Request from IP: 10.235.148.185 | URI: /cards/lists/1/cards | Tokens remaining: 47
2026-08-12 16:04:30 INFO  c.e.c.Tool.security.RateLimitFilter - Request from IP: 10.235.148.185 | URI: /cards/lists/2/cards | Tokens remaining: 46
2026-08-12 16:04:30 INFO  c.e.c.Tool.security.RateLimitFilter - Request from IP: 10.235.148.185 | URI: /cards/lists/3/cards | Tokens remaining: 45
2026-08-12 16:04:30 INFO  c.e.c.Tool.security.RateLimitFilter - Request from IP: 10.235.148.185 | URI: /cards/lists/9/cards | Tokens remaining: 44
2026-08-12 16:04:36 INFO  c.e.c.Tool.security.RateLimitFilter - Request from IP: 10.235.148.185 | URI: /boards/1/labels | Tokens remaining: 48
2026-08-12 16:04:36 INFO  c.e.c.Tool.security.RateLimitFilter - Request from IP: 10.235.148.185 | URI: /board/1/members | Tokens remaining: 47
2026-08-12 16:04:41 INFO  c.e.c.Tool.security.RateLimitFilter - Request from IP: 10.235.148.185 | URI: /cards/2 | Tokens remaining: 50
2026-08-12 16:04:42 WARN  c.e.c.T.e.CollaborationExceptionHandler - Unauthorized access attempt: Cannot update this card
2026-08-12 16:04:42 INFO  c.e.c.Tool.security.RateLimitFilter - Request from IP: 10.235.148.185 | URI: /user/refresh | Tokens remaining: 49
2026-08-12 16:04:42 INFO  c.e.c.Tool.security.RateLimitFilter - Request from IP: 10.235.148.185 | URI: /cards/2 | Tokens remaining: 48
2026-08-12 16:04:42 WARN  c.e.c.T.e.CollaborationExceptionHandler - Unauthorized access attempt: Cannot update this card
2026-08-12 16:05:09 INFO  c.e.c.Tool.security.RateLimitFilter - Request from IP: 10.235.148.185 | URI: /user/login | Tokens remaining: 50
2026-08-12 16:05:09 INFO  c.e.c.Tool.security.RateLimitFilter - Request from IP: 10.235.148.185 | URI: /user/scratchpad | Tokens remaining: 49
2026-08-12 16:05:09 INFO  c.e.c.Tool.security.RateLimitFilter - Request from IP: 10.235.148.185 | URI: /workspace/my-workspaces | Tokens remaining: 48
2026-08-12 16:05:10 INFO  c.e.c.Tool.security.RateLimitFilter - Request from IP: 10.235.148.185 | URI: /user/recent-boards | Tokens remaining: 47
2026-08-12 16:05:10 INFO  c.e.c.Tool.security.RateLimitFilter - Request from IP: 10.235.148.185 | URI: /boards/starred | Tokens remaining: 46
2026-08-12 16:05:10 INFO  c.e.c.Tool.security.RateLimitFilter - Request from IP: 10.235.148.185 | URI: /boards/workspace/8 | Tokens remaining: 45
2026-08-12 16:05:10 INFO  c.e.c.Tool.security.RateLimitFilter - Request from IP: 10.235.148.185 | URI: /boards/3/lists | Tokens remaining: 45
2026-08-12 16:05:17 INFO  c.e.c.Tool.security.RateLimitFilter - Request from IP: 10.235.148.185 | URI: /boards/workspace/4 | Tokens remaining: 49
2026-08-12 16:05:18 INFO  c.e.c.Tool.security.RateLimitFilter - Request from IP: 10.235.148.185 | URI: /boards/1/lists | Tokens remaining: 49
2026-08-12 16:05:18 INFO  c.e.c.Tool.security.RateLimitFilter - Request from IP: 10.235.148.185 | URI: /cards/lists/1/cards | Tokens remaining: 48
2026-08-12 16:05:18 INFO  c.e.c.Tool.security.RateLimitFilter - Request from IP: 10.235.148.185 | URI: /cards/lists/2/cards | Tokens remaining: 47
2026-08-12 16:05:18 INFO  c.e.c.Tool.security.RateLimitFilter - Request from IP: 10.235.148.185 | URI: /cards/lists/3/cards | Tokens remaining: 46
2026-08-12 16:05:18 INFO  c.e.c.Tool.security.RateLimitFilter - Request from IP: 10.235.148.185 | URI: /cards/lists/9/cards | Tokens remaining: 45
2026-08-12 16:05:26 INFO  c.e.c.Tool.security.RateLimitFilter - Request from IP: 10.235.148.185 | URI: /boards/workspace/4 | Tokens remaining: 50
2026-08-12 16:05:26 INFO  c.e.c.Tool.security.RateLimitFilter - Request from IP: 10.235.148.185 | URI: /boards/1/lists | Tokens remaining: 49
2026-08-12 16:05:26 INFO  c.e.c.Tool.security.RateLimitFilter - Request from IP: 10.235.148.185 | URI: /board/1/members | Tokens remaining: 48
2026-08-12 16:05:27 INFO  c.e.c.Tool.security.RateLimitFilter - Request from IP: 10.235.148.185 | URI: /cards/lists/1/cards | Tokens remaining: 47
2026-08-12 16:05:27 INFO  c.e.c.Tool.security.RateLimitFilter - Request from IP: 10.235.148.185 | URI: /cards/lists/3/cards | Tokens remaining: 46
2026-08-12 16:05:27 INFO  c.e.c.Tool.security.RateLimitFilter - Request from IP: 10.235.148.185 | URI: /cards/lists/9/cards | Tokens remaining: 45
2026-08-12 16:05:27 INFO  c.e.c.Tool.security.RateLimitFilter - Request from IP: 10.235.148.185 | URI: /cards/lists/2/cards | Tokens remaining: 44
2026-08-12 16:05:32 INFO  c.e.c.Tool.security.RateLimitFilter - Request from IP: 10.235.148.185 | URI: /board/1/members | Tokens remaining: 48
2026-08-12 16:05:32 INFO  c.e.c.Tool.security.RateLimitFilter - Request from IP: 10.235.148.185 | URI: /boards/1/labels | Tokens remaining: 47
2026-08-12 16:05:35 INFO  c.e.c.Tool.security.RateLimitFilter - Request from IP: 10.235.148.185 | URI: /cards/2 | Tokens remaining: 48
2026-08-12 16:05:36 INFO  c.e.c.Tool.security.RateLimitFilter - Request from IP: 10.235.148.185 | URI: /cards/2 | Tokens remaining: 48
2026-08-12 16:05:42 INFO  c.e.c.Tool.security.RateLimitFilter - Request from IP: 10.235.148.185 | URI: /workspace/my-workspaces | Tokens remaining: 50
2026-08-12 16:05:42 INFO  c.e.c.Tool.security.RateLimitFilter - Request from IP: 10.235.148.185 | URI: /user/scratchpad | Tokens remaining: 50
2026-08-12 16:05:42 INFO  c.e.c.Tool.security.RateLimitFilter - Request from IP: 10.235.148.185 | URI: /user/recent-boards | Tokens remaining: 50
2026-08-12 16:05:42 INFO  c.e.c.Tool.security.RateLimitFilter - Request from IP: 10.235.148.185 | URI: /boards/starred | Tokens remaining: 47
2026-08-12 16:05:43 INFO  c.e.c.Tool.security.RateLimitFilter - Request from IP: 10.235.148.185 | URI: /boards/workspace/8 | Tokens remaining: 46
2026-08-12 16:05:43 INFO  c.e.c.Tool.security.RateLimitFilter - Request from IP: 10.235.148.185 | URI: /boards/3/lists | Tokens remaining: 45
2026-08-12 16:05:45 INFO  c.e.c.Tool.security.RateLimitFilter - Request from IP: 10.235.148.185 | URI: /issues/active | Tokens remaining: 46
2026-08-12 16:06:01 INFO  c.e.c.Tool.security.RateLimitFilter - Request from IP: 10.235.148.185 | URI: /user/login | Tokens remaining: 50
2026-08-12 16:06:01 INFO  c.e.c.Tool.security.RateLimitFilter - Request from IP: 10.235.148.185 | URI: /workspace/my-workspaces | Tokens remaining: 49
2026-08-12 16:06:01 INFO  c.e.c.Tool.security.RateLimitFilter - Request from IP: 10.235.148.185 | URI: /user/scratchpad | Tokens remaining: 48
2026-08-12 16:06:01 INFO  c.e.c.Tool.security.RateLimitFilter - Request from IP: 10.235.148.185 | URI: /boards/starred | Tokens remaining: 47
2026-08-12 16:06:01 INFO  c.e.c.Tool.security.RateLimitFilter - Request from IP: 10.235.148.185 | URI: /user/recent-boards | Tokens remaining: 46
2026-08-12 16:06:02 INFO  c.e.c.Tool.security.RateLimitFilter - Request from IP: 10.235.148.185 | URI: /boards/workspace/8 | Tokens remaining: 45
2026-08-12 16:06:02 INFO  c.e.c.Tool.security.RateLimitFilter - Request from IP: 10.235.148.185 | URI: /boards/3/lists | Tokens remaining: 45
2026-08-12 16:06:15 INFO  c.e.c.Tool.security.RateLimitFilter - Request from IP: 10.235.148.185 | URI: /cards/assigned-to-me | Tokens remaining: 50
2026-08-12 16:06:23 INFO  c.e.c.Tool.security.RateLimitFilter - Request from IP: 10.235.148.185 | URI: /boards/workspace/4 | Tokens remaining: 50
2026-08-12 16:06:24 INFO  c.e.c.Tool.security.RateLimitFilter - Request from IP: 10.235.148.185 | URI: /boards/1/lists | Tokens remaining: 49
2026-08-12 16:06:24 INFO  c.e.c.Tool.security.RateLimitFilter - Request from IP: 10.235.148.185 | URI: /cards/lists/1/cards | Tokens remaining: 48
2026-08-12 16:06:24 INFO  c.e.c.Tool.security.RateLimitFilter - Request from IP: 10.235.148.185 | URI: /cards/lists/2/cards | Tokens remaining: 47
2026-08-12 16:06:24 INFO  c.e.c.Tool.security.RateLimitFilter - Request from IP: 10.235.148.185 | URI: /cards/lists/3/cards | Tokens remaining: 46
2026-08-12 16:06:24 INFO  c.e.c.Tool.security.RateLimitFilter - Request from IP: 10.235.148.185 | URI: /cards/lists/9/cards | Tokens remaining: 45
2026-08-12 16:07:34 INFO  c.e.c.Tool.security.RateLimitFilter - Request from IP: 10.235.148.185 | URI: /boards/workspace/4 | Tokens remaining: 50
2026-08-12 16:07:34 INFO  c.e.c.Tool.security.RateLimitFilter - Request from IP: 10.235.148.185 | URI: /boards/1/lists | Tokens remaining: 49
2026-08-12 16:07:35 INFO  c.e.c.Tool.security.RateLimitFilter - Request from IP: 10.235.148.185 | URI: /cards/lists/9/cards | Tokens remaining: 48
2026-08-12 16:07:35 INFO  c.e.c.Tool.security.RateLimitFilter - Request from IP: 10.235.148.185 | URI: /cards/lists/1/cards | Tokens remaining: 47
2026-08-12 16:07:35 INFO  c.e.c.Tool.security.RateLimitFilter - Request from IP: 10.235.148.185 | URI: /cards/lists/2/cards | Tokens remaining: 47
2026-08-12 16:07:35 INFO  c.e.c.Tool.security.RateLimitFilter - Request from IP: 10.235.148.185 | URI: /cards/lists/3/cards | Tokens remaining: 45
2026-08-12 16:07:41 INFO  c.e.c.Tool.security.RateLimitFilter - Request from IP: 10.235.148.185 | URI: /boards/workspace/4 | Tokens remaining: 50
2026-08-12 16:07:42 INFO  c.e.c.Tool.security.RateLimitFilter - Request from IP: 10.235.148.185 | URI: /boards/1/lists | Tokens remaining: 49
2026-08-12 16:07:42 INFO  c.e.c.Tool.security.RateLimitFilter - Request from IP: 10.235.148.185 | URI: /cards/lists/3/cards | Tokens remaining: 48
2026-08-12 16:07:42 INFO  c.e.c.Tool.security.RateLimitFilter - Request from IP: 10.235.148.185 | URI: /cards/lists/2/cards | Tokens remaining: 47
2026-08-12 16:07:42 INFO  c.e.c.Tool.security.RateLimitFilter - Request from IP: 10.235.148.185 | URI: /cards/lists/9/cards | Tokens remaining: 46
2026-08-12 16:07:42 INFO  c.e.c.Tool.security.RateLimitFilter - Request from IP: 10.235.148.185 | URI: /cards/lists/1/cards | Tokens remaining: 48
2026-08-12 16:07:49 INFO  c.e.c.Tool.security.RateLimitFilter - Request from IP: 10.235.148.185 | URI: /boards/workspace/4 | Tokens remaining: 50
2026-08-12 16:07:49 INFO  c.e.c.Tool.security.RateLimitFilter - Request from IP: 10.235.148.185 | URI: /boards/1/lists | Tokens remaining: 49
2026-08-12 16:07:50 INFO  c.e.c.Tool.security.RateLimitFilter - Request from IP: 10.235.148.185 | URI: /cards/lists/2/cards | Tokens remaining: 48
2026-08-12 16:07:50 INFO  c.e.c.Tool.security.RateLimitFilter - Request from IP: 10.235.148.185 | URI: /cards/lists/9/cards | Tokens remaining: 47
2026-08-12 16:07:50 INFO  c.e.c.Tool.security.RateLimitFilter - Request from IP: 10.235.148.185 | URI: /cards/lists/3/cards | Tokens remaining: 46
2026-08-12 16:07:50 INFO  c.e.c.Tool.security.RateLimitFilter - Request from IP: 10.235.148.185 | URI: /cards/lists/1/cards | Tokens remaining: 46
2026-08-12 16:07:53 INFO  c.e.c.Tool.security.RateLimitFilter - Request from IP: 10.235.148.185 | URI: /boards/workspace/4 | Tokens remaining: 47
2026-08-12 16:07:54 INFO  c.e.c.Tool.security.RateLimitFilter - Request from IP: 10.235.148.185 | URI: /boards/2/lists | Tokens remaining: 46
2026-08-12 16:07:56 INFO  c.e.c.Tool.security.RateLimitFilter - Request from IP: 10.235.148.185 | URI: /boards/workspace/4 | Tokens remaining: 48
2026-08-12 16:07:57 INFO  c.e.c.Tool.security.RateLimitFilter - Request from IP: 10.235.148.185 | URI: /boards/1/lists | Tokens remaining: 47
2026-08-12 16:07:57 INFO  c.e.c.Tool.security.RateLimitFilter - Request from IP: 10.235.148.185 | URI: /cards/lists/2/cards | Tokens remaining: 46
2026-08-12 16:07:57 INFO  c.e.c.Tool.security.RateLimitFilter - Request from IP: 10.235.148.185 | URI: /cards/lists/3/cards | Tokens remaining: 45
2026-08-12 16:07:57 INFO  c.e.c.Tool.security.RateLimitFilter - Request from IP: 10.235.148.185 | URI: /cards/lists/9/cards | Tokens remaining: 44
2026-08-12 16:07:57 INFO  c.e.c.Tool.security.RateLimitFilter - Request from IP: 10.235.148.185 | URI: /cards/lists/1/cards | Tokens remaining: 46
2026-08-12 16:07:59 INFO  c.e.c.Tool.security.RateLimitFilter - Request from IP: 10.235.148.185 | URI: /boards/workspace/4 | Tokens remaining: 44
2026-08-12 16:08:00 INFO  c.e.c.Tool.security.RateLimitFilter - Request from IP: 10.235.148.185 | URI: /boards/1/lists | Tokens remaining: 44
2026-08-12 16:08:00 INFO  c.e.c.Tool.security.RateLimitFilter - Request from IP: 10.235.148.185 | URI: /cards/lists/1/cards | Tokens remaining: 43
2026-08-12 16:08:00 INFO  c.e.c.Tool.security.RateLimitFilter - Request from IP: 10.235.148.185 | URI: /cards/lists/2/cards | Tokens remaining: 42
2026-08-12 16:08:00 INFO  c.e.c.Tool.security.RateLimitFilter - Request from IP: 10.235.148.185 | URI: /cards/lists/3/cards | Tokens remaining: 41
2026-08-12 16:08:00 INFO  c.e.c.Tool.security.RateLimitFilter - Request from IP: 10.235.148.185 | URI: /cards/lists/9/cards | Tokens remaining: 40
2026-08-12 16:08:47 INFO  c.e.c.Tool.security.RateLimitFilter - Request from IP: 10.235.148.185 | URI: /workspace/4/star | Tokens remaining: 50
2026-08-12 16:08:59 INFO  c.e.c.Tool.security.RateLimitFilter - Request from IP: 10.235.148.185 | URI: /cards/assigned-to-me | Tokens remaining: 50
2026-08-12 16:09:03 INFO  c.e.c.Tool.security.RateLimitFilter - Request from IP: 10.235.148.185 | URI: /boards/workspace/4 | Tokens remaining: 50
2026-08-12 16:09:03 INFO  c.e.c.Tool.security.RateLimitFilter - Request from IP: 10.235.148.185 | URI: /boards/1/lists | Tokens remaining: 49
2026-08-12 16:09:04 INFO  c.e.c.Tool.security.RateLimitFilter - Request from IP: 10.235.148.185 | URI: /cards/lists/1/cards | Tokens remaining: 48
2026-08-12 16:09:04 INFO  c.e.c.Tool.security.RateLimitFilter - Request from IP: 10.235.148.185 | URI: /cards/lists/2/cards | Tokens remaining: 47
2026-08-12 16:09:04 INFO  c.e.c.Tool.security.RateLimitFilter - Request from IP: 10.235.148.185 | URI: /cards/lists/3/cards | Tokens remaining: 46
2026-08-12 16:09:04 INFO  c.e.c.Tool.security.RateLimitFilter - Request from IP: 10.235.148.185 | URI: /cards/lists/9/cards | Tokens remaining: 45
2026-08-12 16:09:20 INFO  c.e.c.Tool.security.RateLimitFilter - Request from IP: 10.235.148.185 | URI: /boards/workspace/4 | Tokens remaining: 50
2026-08-12 16:09:21 INFO  c.e.c.Tool.security.RateLimitFilter - Request from IP: 10.235.148.185 | URI: /board/1/members | Tokens remaining: 49
2026-08-12 16:09:21 INFO  c.e.c.Tool.security.RateLimitFilter - Request from IP: 10.235.148.185 | URI: /boards/1/lists | Tokens remaining: 49
2026-08-12 16:09:21 INFO  c.e.c.Tool.security.RateLimitFilter - Request from IP: 10.235.148.185 | URI: /cards/lists/1/cards | Tokens remaining: 47
2026-08-12 16:09:21 INFO  c.e.c.Tool.security.RateLimitFilter - Request from IP: 10.235.148.185 | URI: /cards/lists/2/cards | Tokens remaining: 46
2026-08-12 16:09:21 INFO  c.e.c.Tool.security.RateLimitFilter - Request from IP: 10.235.148.185 | URI: /cards/lists/3/cards | Tokens remaining: 45
2026-08-12 16:09:21 INFO  c.e.c.Tool.security.RateLimitFilter - Request from IP: 10.235.148.185 | URI: /cards/lists/9/cards | Tokens remaining: 44
2026-08-12 16:09:24 INFO  c.e.c.Tool.security.RateLimitFilter - Request from IP: 10.235.148.185 | URI: /board/1/members | Tokens remaining: 46
2026-08-12 16:09:24 INFO  c.e.c.Tool.security.RateLimitFilter - Request from IP: 10.235.148.185 | URI: /boards/1/labels | Tokens remaining: 45
2026-08-12 16:10:14 INFO  c.e.c.Tool.security.RateLimitFilter - Request from IP: 10.235.148.185 | URI: /cards/7/move | Tokens remaining: 50
2026-08-12 16:11:11 INFO  c.e.c.Tool.security.RateLimitFilter - Request from IP: 10.235.148.185 | URI: /cards/1/move | Tokens remaining: 50
2026-08-12 16:11:14 INFO  c.e.c.Tool.security.RateLimitFilter - Request from IP: 10.235.148.185 | URI: /cards/4/move | Tokens remaining: 50
2026-08-12 16:11:17 INFO  c.e.c.Tool.security.RateLimitFilter - Request from IP: 10.235.148.185 | URI: /cards/6/move | Tokens remaining: 50
2026-08-12 16:11:19 INFO  c.e.c.Tool.security.RateLimitFilter - Request from IP: 10.235.148.185 | URI: /cards/7/move | Tokens remaining: 50
2026-08-12 16:11:38 INFO  c.e.c.Tool.security.RateLimitFilter - Request from IP: 10.235.148.185 | URI: /workspace/my-workspaces | Tokens remaining: 50
2026-08-12 16:11:38 INFO  c.e.c.Tool.security.RateLimitFilter - Request from IP: 10.235.148.185 | URI: /user/scratchpad | Tokens remaining: 49
2026-08-12 16:11:38 INFO  c.e.c.Tool.security.RateLimitFilter - Request from IP: 10.235.148.185 | URI: /boards/starred | Tokens remaining: 48
2026-08-12 16:11:38 INFO  c.e.c.Tool.security.RateLimitFilter - Request from IP: 10.235.148.185 | URI: /user/recent-boards | Tokens remaining: 47
2026-08-12 16:11:38 INFO  c.e.c.Tool.security.RateLimitFilter - Request from IP: 10.235.148.185 | URI: /boards/workspace/8 | Tokens remaining: 46
2026-08-12 16:11:38 INFO  c.e.c.Tool.security.RateLimitFilter - Request from IP: 10.235.148.185 | URI: /boards/3/lists | Tokens remaining: 45
2026-08-12 16:11:40 INFO  c.e.c.Tool.security.RateLimitFilter - Request from IP: 10.235.148.185 | URI: /boards/workspace/9 | Tokens remaining: 46
2026-08-12 16:13:22 INFO  o.s.w.s.c.WebSocketMessageBrokerStats - WebSocketSession[0 current WS(0)-HttpStream(0)-HttpPoll(0), 0 total, 0 closed abnormally (0 connect failure, 0 send limit, 0 transport error)], stompSubProtocol[processed CONNECT(0)-CONNECTED(0)-DISCONNECT(0)], stompBrokerRelay[null], inboundChannel[pool size = 0, active threads = 0, queued tasks = 0, completed tasks = 0], outboundChannel[pool size = 0, active threads = 0, queued tasks = 0, completed tasks = 0], sockJsScheduler[pool size = 4, active threads = 1, queued tasks = 1, completed tasks = 125]
2026-08-12 16:15:35 INFO  c.e.c.Tool.security.RateLimitFilter - Request from IP: 10.235.148.185 | URI: /cards/assigned-to-me | Tokens remaining: 50
2026-08-12 16:15:37 INFO  c.e.c.Tool.security.RateLimitFilter - Request from IP: 10.235.148.185 | URI: /cards/assigned-to-me | Tokens remaining: 50
2026-08-12 16:15:44 INFO  c.e.c.Tool.security.RateLimitFilter - Request from IP: 10.235.148.185 | URI: /workspace/my-invitations | Tokens remaining: 50
2026-08-12 16:15:55 INFO  c.e.c.Tool.security.RateLimitFilter - Request from IP: 10.235.148.185 | URI: /workspace/my-invitations | Tokens remaining: 50
2026-08-12 16:15:59 INFO  c.e.c.Tool.security.RateLimitFilter - Request from IP: 10.235.148.185 | URI: /boards/workspace/4 | Tokens remaining: 50
2026-08-12 16:16:00 INFO  c.e.c.Tool.security.RateLimitFilter - Request from IP: 10.235.148.185 | URI: /boards/1/lists | Tokens remaining: 49
2026-08-12 16:16:00 INFO  c.e.c.Tool.security.RateLimitFilter - Request from IP: 10.235.148.185 | URI: /cards/lists/9/cards | Tokens remaining: 48
2026-08-12 16:16:00 INFO  c.e.c.Tool.security.RateLimitFilter - Request from IP: 10.235.148.185 | URI: /cards/lists/2/cards | Tokens remaining: 47
2026-08-12 16:16:00 INFO  c.e.c.Tool.security.RateLimitFilter - Request from IP: 10.235.148.185 | URI: /cards/lists/3/cards | Tokens remaining: 47
2026-08-12 16:16:00 INFO  c.e.c.Tool.security.RateLimitFilter - Request from IP: 10.235.148.185 | URI: /cards/lists/1/cards | Tokens remaining: 48
2026-08-12 16:26:39 INFO  o.s.boot.tomcat.GracefulShutdown - Commencing graceful shutdown. Waiting for active requests to complete
2026-08-12 16:26:39 INFO  o.s.boot.tomcat.GracefulShutdown - Graceful shutdown complete
2026-08-12 16:26:40 INFO  o.s.m.s.b.SimpleBrokerMessageHandler - Stopping...
2026-08-12 16:26:40 INFO  o.s.m.s.b.SimpleBrokerMessageHandler - BrokerAvailabilityEvent[available=false, SimpleBrokerMessageHandler [org.springframework.messaging.simp.broker.DefaultSubscriptionRegistry@1d90f169]]
2026-08-12 16:26:40 INFO  o.s.m.s.b.SimpleBrokerMessageHandler - Stopped.
2026-08-12 16:26:42 INFO  o.s.o.j.LocalContainerEntityManagerFactoryBean - Closing JPA EntityManagerFactory for persistence unit 'default'
2026-08-12 16:26:43 INFO  com.zaxxer.hikari.HikariDataSource - HikariPool-1 - Shutdown initiated...
2026-08-12 16:26:43 INFO  com.zaxxer.hikari.HikariDataSource - HikariPool-1 - Shutdown completed.
2026-08-12 18:47:02 INFO  c.e.c.T.CollaborationToolApplication - Starting CollaborationToolApplication using Java 21.0.8 with PID 20204 (C:\Abraham\Code\Eclectics\Collaboration-Tool\target\classes started by pc in C:\Abraham\Code\Eclectics\Collaboration-Tool)
2026-08-12 18:47:02 INFO  c.e.c.T.CollaborationToolApplication - The following 1 profile is active: "prod"
2026-08-12 18:47:07 INFO  o.s.d.r.c.RepositoryConfigurationDelegate - Multiple Spring Data modules found, entering strict repository configuration mode
2026-08-12 18:47:07 INFO  o.s.d.r.c.RepositoryConfigurationDelegate - Bootstrapping Spring Data JPA repositories in DEFAULT mode.
2026-08-12 18:47:08 INFO  o.s.d.r.c.RepositoryConfigurationDelegate - Finished Spring Data repository scanning in 844 ms. Found 21 JPA repository interfaces.
2026-08-12 18:47:08 INFO  o.s.d.r.c.RepositoryConfigurationDelegate - Multiple Spring Data modules found, entering strict repository configuration mode
2026-08-12 18:47:08 INFO  o.s.d.r.c.RepositoryConfigurationDelegate - Bootstrapping Spring Data Redis repositories in DEFAULT mode.
2026-08-12 18:47:09 INFO  o.s.d.r.c.RepositoryConfigurationExtensionSupport - Spring Data Redis - Could not safely identify store assignment for repository candidate interface com.eclectics.collaboration.Tool.repository.ActivityLogRepository; If you want this repository to be a Redis repository, consider annotating your entities with one of these annotations: org.springframework.data.redis.core.RedisHash (preferred), or consider extending one of the following types with your repository: org.springframework.data.keyvalue.repository.KeyValueRepository
2026-08-12 18:47:09 INFO  o.s.d.r.c.RepositoryConfigurationExtensionSupport - Spring Data Redis - Could not safely identify store assignment for repository candidate interface com.eclectics.collaboration.Tool.repository.BoardMemberRepository; If you want this repository to be a Redis repository, consider annotating your entities with one of these annotations: org.springframework.data.redis.core.RedisHash (preferred), or consider extending one of the following types with your repository: org.springframework.data.keyvalue.repository.KeyValueRepository
2026-08-12 18:47:09 INFO  o.s.d.r.c.RepositoryConfigurationExtensionSupport - Spring Data Redis - Could not safely identify store assignment for repository candidate interface com.eclectics.collaboration.Tool.repository.BoardsRepository; If you want this repository to be a Redis repository, consider annotating your entities with one of these annotations: org.springframework.data.redis.core.RedisHash (preferred), or consider extending one of the following types with your repository: org.springframework.data.keyvalue.repository.KeyValueRepository
2026-08-12 18:47:09 INFO  o.s.d.r.c.RepositoryConfigurationExtensionSupport - Spring Data Redis - Could not safely identify store assignment for repository candidate interface com.eclectics.collaboration.Tool.repository.CardAssigneeRepository; If you want this repository to be a Redis repository, consider annotating your entities with one of these annotations: org.springframework.data.redis.core.RedisHash (preferred), or consider extending one of the following types with your repository: org.springframework.data.keyvalue.repository.KeyValueRepository
2026-08-12 18:47:09 INFO  o.s.d.r.c.RepositoryConfigurationExtensionSupport - Spring Data Redis - Could not safely identify store assignment for repository candidate interface com.eclectics.collaboration.Tool.repository.CardLabelRepository; If you want this repository to be a Redis repository, consider annotating your entities with one of these annotations: org.springframework.data.redis.core.RedisHash (preferred), or consider extending one of the following types with your repository: org.springframework.data.keyvalue.repository.KeyValueRepository
2026-08-12 18:47:09 INFO  o.s.d.r.c.RepositoryConfigurationExtensionSupport - Spring Data Redis - Could not safely identify store assignment for repository candidate interface com.eclectics.collaboration.Tool.repository.CardRepository; If you want this repository to be a Redis repository, consider annotating your entities with one of these annotations: org.springframework.data.redis.core.RedisHash (preferred), or consider extending one of the following types with your repository: org.springframework.data.keyvalue.repository.KeyValueRepository
2026-08-12 18:47:09 INFO  o.s.d.r.c.RepositoryConfigurationExtensionSupport - Spring Data Redis - Could not safely identify store assignment for repository candidate interface com.eclectics.collaboration.Tool.repository.CommentRepository; If you want this repository to be a Redis repository, consider annotating your entities with one of these annotations: org.springframework.data.redis.core.RedisHash (preferred), or consider extending one of the following types with your repository: org.springframework.data.keyvalue.repository.KeyValueRepository
2026-08-12 18:47:09 INFO  o.s.d.r.c.RepositoryConfigurationExtensionSupport - Spring Data Redis - Could not safely identify store assignment for repository candidate interface com.eclectics.collaboration.Tool.repository.FAQRepository; If you want this repository to be a Redis repository, consider annotating your entities with one of these annotations: org.springframework.data.redis.core.RedisHash (preferred), or consider extending one of the following types with your repository: org.springframework.data.keyvalue.repository.KeyValueRepository
2026-08-12 18:47:09 INFO  o.s.d.r.c.RepositoryConfigurationExtensionSupport - Spring Data Redis - Could not safely identify store assignment for repository candidate interface com.eclectics.collaboration.Tool.repository.InvitationRepository; If you want this repository to be a Redis repository, consider annotating your entities with one of these annotations: org.springframework.data.redis.core.RedisHash (preferred), or consider extending one of the following types with your repository: org.springframework.data.keyvalue.repository.KeyValueRepository
2026-08-12 18:47:09 INFO  o.s.d.r.c.RepositoryConfigurationExtensionSupport - Spring Data Redis - Could not safely identify store assignment for repository candidate interface com.eclectics.collaboration.Tool.repository.IssueRepository; If you want this repository to be a Redis repository, consider annotating your entities with one of these annotations: org.springframework.data.redis.core.RedisHash (preferred), or consider extending one of the following types with your repository: org.springframework.data.keyvalue.repository.KeyValueRepository
2026-08-12 18:47:09 INFO  o.s.d.r.c.RepositoryConfigurationExtensionSupport - Spring Data Redis - Could not safely identify store assignment for repository candidate interface com.eclectics.collaboration.Tool.repository.LabelRepository; If you want this repository to be a Redis repository, consider annotating your entities with one of these annotations: org.springframework.data.redis.core.RedisHash (preferred), or consider extending one of the following types with your repository: org.springframework.data.keyvalue.repository.KeyValueRepository
2026-08-12 18:47:09 INFO  o.s.d.r.c.RepositoryConfigurationExtensionSupport - Spring Data Redis - Could not safely identify store assignment for repository candidate interface com.eclectics.collaboration.Tool.repository.ListEntityRepository; If you want this repository to be a Redis repository, consider annotating your entities with one of these annotations: org.springframework.data.redis.core.RedisHash (preferred), or consider extending one of the following types with your repository: org.springframework.data.keyvalue.repository.KeyValueRepository
2026-08-12 18:47:09 INFO  o.s.d.r.c.RepositoryConfigurationExtensionSupport - Spring Data Redis - Could not safely identify store assignment for repository candidate interface com.eclectics.collaboration.Tool.repository.NotificationRepository; If you want this repository to be a Redis repository, consider annotating your entities with one of these annotations: org.springframework.data.redis.core.RedisHash (preferred), or consider extending one of the following types with your repository: org.springframework.data.keyvalue.repository.KeyValueRepository
2026-08-12 18:47:09 INFO  o.s.d.r.c.RepositoryConfigurationExtensionSupport - Spring Data Redis - Could not safely identify store assignment for repository candidate interface com.eclectics.collaboration.Tool.repository.RefreshTokenRepository; If you want this repository to be a Redis repository, consider annotating your entities with one of these annotations: org.springframework.data.redis.core.RedisHash (preferred), or consider extending one of the following types with your repository: org.springframework.data.keyvalue.repository.KeyValueRepository
2026-08-12 18:47:09 INFO  o.s.d.r.c.RepositoryConfigurationExtensionSupport - Spring Data Redis - Could not safely identify store assignment for repository candidate interface com.eclectics.collaboration.Tool.repository.StarredBoardRepository; If you want this repository to be a Redis repository, consider annotating your entities with one of these annotations: org.springframework.data.redis.core.RedisHash (preferred), or consider extending one of the following types with your repository: org.springframework.data.keyvalue.repository.KeyValueRepository
2026-08-12 18:47:09 INFO  o.s.d.r.c.RepositoryConfigurationExtensionSupport - Spring Data Redis - Could not safely identify store assignment for repository candidate interface com.eclectics.collaboration.Tool.repository.StarredWorkspaceRepository; If you want this repository to be a Redis repository, consider annotating your entities with one of these annotations: org.springframework.data.redis.core.RedisHash (preferred), or consider extending one of the following types with your repository: org.springframework.data.keyvalue.repository.KeyValueRepository
2026-08-12 18:47:09 INFO  o.s.d.r.c.RepositoryConfigurationExtensionSupport - Spring Data Redis - Could not safely identify store assignment for repository candidate interface com.eclectics.collaboration.Tool.repository.SystemConfigRepository; If you want this repository to be a Redis repository, consider annotating your entities with one of these annotations: org.springframework.data.redis.core.RedisHash (preferred), or consider extending one of the following types with your repository: org.springframework.data.keyvalue.repository.KeyValueRepository
2026-08-12 18:47:09 INFO  o.s.d.r.c.RepositoryConfigurationExtensionSupport - Spring Data Redis - Could not safely identify store assignment for repository candidate interface com.eclectics.collaboration.Tool.repository.TalkRepository; If you want this repository to be a Redis repository, consider annotating your entities with one of these annotations: org.springframework.data.redis.core.RedisHash (preferred), or consider extending one of the following types with your repository: org.springframework.data.keyvalue.repository.KeyValueRepository
2026-08-12 18:47:09 INFO  o.s.d.r.c.RepositoryConfigurationExtensionSupport - Spring Data Redis - Could not safely identify store assignment for repository candidate interface com.eclectics.collaboration.Tool.repository.UserRecentBoardRepository; If you want this repository to be a Redis repository, consider annotating your entities with one of these annotations: org.springframework.data.redis.core.RedisHash (preferred), or consider extending one of the following types with your repository: org.springframework.data.keyvalue.repository.KeyValueRepository
2026-08-12 18:47:09 INFO  o.s.d.r.c.RepositoryConfigurationExtensionSupport - Spring Data Redis - Could not safely identify store assignment for repository candidate interface com.eclectics.collaboration.Tool.repository.UserRespository; If you want this repository to be a Redis repository, consider annotating your entities with one of these annotations: org.springframework.data.redis.core.RedisHash (preferred), or consider extending one of the following types with your repository: org.springframework.data.keyvalue.repository.KeyValueRepository
2026-08-12 18:47:09 INFO  o.s.d.r.c.RepositoryConfigurationExtensionSupport - Spring Data Redis - Could not safely identify store assignment for repository candidate interface com.eclectics.collaboration.Tool.repository.WorkSpaceReposiroty; If you want this repository to be a Redis repository, consider annotating your entities with one of these annotations: org.springframework.data.redis.core.RedisHash (preferred), or consider extending one of the following types with your repository: org.springframework.data.keyvalue.repository.KeyValueRepository
2026-08-12 18:47:09 INFO  o.s.d.r.c.RepositoryConfigurationDelegate - Finished Spring Data repository scanning in 97 ms. Found 0 Redis repository interfaces.
2026-08-12 18:47:12 INFO  o.s.boot.tomcat.TomcatWebServer - Tomcat initialized with port 8084 (http)
2026-08-12 18:47:12 INFO  o.a.coyote.http11.Http11NioProtocol - Initializing ProtocolHandler ["http-nio-0.0.0.0-8084"]
2026-08-12 18:47:12 INFO  o.a.catalina.core.StandardService - Starting service [Tomcat]
2026-08-12 18:47:12 INFO  o.a.catalina.core.StandardEngine - Starting Servlet engine: [Apache Tomcat/11.0.15]
2026-08-12 18:47:12 INFO  o.s.b.w.c.s.WebApplicationContextInitializer - Root WebApplicationContext: initialization completed in 10062 ms
2026-08-12 18:47:13 INFO  com.zaxxer.hikari.HikariDataSource - HikariPool-1 - Starting...
2026-08-12 18:47:14 INFO  com.zaxxer.hikari.pool.HikariPool - HikariPool-1 - Added connection org.postgresql.jdbc.PgConnection@72e36677
2026-08-12 18:47:14 INFO  com.zaxxer.hikari.HikariDataSource - HikariPool-1 - Start completed.
2026-08-12 18:47:14 INFO  org.hibernate.orm.jpa - HHH008540: Processing PersistenceUnitInfo [name: default]
2026-08-12 18:47:15 INFO  org.hibernate.orm.core - HHH000001: Hibernate ORM core version 7.2.1.Final
2026-08-12 18:47:18 INFO  o.s.o.j.p.SpringPersistenceUnitInfo - No LoadTimeWeaver setup: ignoring JPA class transformer
2026-08-12 18:47:18 INFO  o.hibernate.orm.connections.pooling - HHH10001005: Database info:
	Database JDBC URL [jdbc:postgresql://localhost:5432/collaborationTool]
	Database driver: PostgreSQL JDBC Driver
	Database dialect: PostgreSQLDialect
	Database version: 17.6
	Default catalog/schema: collaborationTool/public
	Autocommit mode: undefined/unknown
	Isolation level: READ_COMMITTED [default READ_COMMITTED]
	JDBC fetch size: none
	Pool: DataSourceConnectionProvider
	Minimum pool size: undefined/unknown
	Maximum pool size: undefined/unknown
2026-08-12 18:47:22 INFO  org.hibernate.orm.core - HHH000489: No JTA platform available (set 'hibernate.transaction.jta.platform' to enable JTA platform integration)
2026-08-12 18:47:23 INFO  o.s.o.j.LocalContainerEntityManagerFactoryBean - Initialized JPA EntityManagerFactory for persistence unit 'default'
2026-08-12 18:47:23 INFO  o.s.d.j.r.q.QueryEnhancerFactories - Hibernate is in classpath; If applicable, HQL parser will be used.
2026-08-12 18:47:43 WARN  o.s.b.j.a.JpaBaseConfiguration$JpaWebConfiguration - spring.jpa.open-in-view is enabled by default. Therefore, database queries may be performed during view rendering. Explicitly configure spring.jpa.open-in-view to disable this warning
2026-08-12 18:47:44 INFO  o.s.v.b.OptionalValidatorFactoryBean - Failed to set up a Bean Validation provider: jakarta.validation.NoProviderFoundException: Unable to create a Configuration, because no Jakarta Validation provider could be found. Add a provider like Hibernate Validator (RI) to your classpath.
2026-08-12 18:47:47 INFO  o.s.m.s.b.SimpleBrokerMessageHandler - Starting...
2026-08-12 18:47:47 INFO  o.s.m.s.b.SimpleBrokerMessageHandler - BrokerAvailabilityEvent[available=true, SimpleBrokerMessageHandler [org.springframework.messaging.simp.broker.DefaultSubscriptionRegistry@f3a4502]]
2026-08-12 18:47:47 INFO  o.s.m.s.b.SimpleBrokerMessageHandler - Started.
2026-08-12 18:47:47 INFO  o.a.coyote.http11.Http11NioProtocol - Starting ProtocolHandler ["http-nio-0.0.0.0-8084"]
2026-08-12 18:47:47 INFO  o.s.boot.tomcat.TomcatWebServer - Tomcat started on port 8084 (http) with context path '/'
2026-08-12 18:47:47 INFO  c.e.c.T.CollaborationToolApplication - Started CollaborationToolApplication in 48.056 seconds (process running for 56.872)
2026-08-12 18:47:48 INFO  c.e.c.Tool.configuration.AdminSeeder - >>> Admin already exists, skipping: nthengeabraham952@gmail.com
2026-08-12 18:47:48 INFO  c.e.c.Tool.configuration.AdminSeeder - >>> Admin already exists, skipping: chepkemoisheilah794@gmail.com
2026-08-12 18:48:47 INFO  o.s.w.s.c.WebSocketMessageBrokerStats - WebSocketSession[0 current WS(0)-HttpStream(0)-HttpPoll(0), 0 total, 0 closed abnormally (0 connect failure, 0 send limit, 0 transport error)], stompSubProtocol[processed CONNECT(0)-CONNECTED(0)-DISCONNECT(0)], stompBrokerRelay[null], inboundChannel[pool size = 0, active threads = 0, queued tasks = 0, completed tasks = 0], outboundChannel[pool size = 0, active threads = 0, queued tasks = 0, completed tasks = 0], sockJsScheduler[pool size = 4, active threads = 1, queued tasks = 1, completed tasks = 2]
2026-08-12 18:48:54 INFO  o.a.c.c.C.[Tomcat].[localhost].[/] - Initializing Spring DispatcherServlet 'dispatcherServlet'
2026-08-12 18:48:54 INFO  o.s.web.servlet.DispatcherServlet - Initializing Servlet 'dispatcherServlet'
2026-08-12 18:48:54 INFO  o.s.web.servlet.DispatcherServlet - Completed initialization in 10 ms
2026-08-12 18:48:54 INFO  c.e.c.Tool.security.RateLimitFilter - Request from IP: 192.168.1.67 | URI: /issues/active | Tokens remaining: 50
2026-08-12 18:48:54 WARN  c.e.c.Tool.security.JwtFilter - JWT Expired: JWT expired at 2026-08-12T13:21:01Z. Current time: 2026-08-12T15:48:54Z, a difference of 8873829 milliseconds.  Allowed clock skew: 0 milliseconds.
2026-08-12 18:48:54 INFO  c.e.c.Tool.security.RateLimitFilter - Request from IP: 192.168.1.67 | URI: /user/refresh | Tokens remaining: 49
2026-08-12 18:48:55 INFO  c.e.c.Tool.security.RateLimitFilter - Request from IP: 192.168.1.67 | URI: /issues/active | Tokens remaining: 49
2026-08-12 18:49:08 INFO  c.e.c.Tool.security.RateLimitFilter - Request from IP: 192.168.1.67 | URI: /workspace/my-workspaces | Tokens remaining: 50
2026-08-12 18:49:08 INFO  c.e.c.Tool.security.RateLimitFilter - Request from IP: 192.168.1.67 | URI: /user/scratchpad | Tokens remaining: 49
2026-08-12 18:49:08 INFO  c.e.c.Tool.security.RateLimitFilter - Request from IP: 192.168.1.67 | URI: /boards/starred | Tokens remaining: 48
2026-08-12 18:49:08 INFO  c.e.c.Tool.security.RateLimitFilter - Request from IP: 192.168.1.67 | URI: /user/recent-boards | Tokens remaining: 47
2026-08-12 18:49:12 INFO  c.e.c.Tool.security.RateLimitFilter - Request from IP: 192.168.1.67 | URI: /boards/workspace/8 | Tokens remaining: 49
2026-08-12 18:49:13 INFO  c.e.c.Tool.security.RateLimitFilter - Request from IP: 192.168.1.67 | URI: /boards/3/lists | Tokens remaining: 49
2026-08-12 18:49:32 INFO  c.e.c.Tool.security.RateLimitFilter - Request from IP: 192.168.1.67 | URI: /boards/workspace/9 | Tokens remaining: 50
2026-08-12 18:49:39 INFO  c.e.c.Tool.security.RateLimitFilter - Request from IP: 192.168.1.67 | URI: /boards/workspace/9 | Tokens remaining: 50
2026-08-12 18:49:47 INFO  c.e.c.Tool.security.RateLimitFilter - Request from IP: 192.168.1.67 | URI: /boards/workspace/4 | Tokens remaining: 50
2026-08-12 18:49:48 INFO  c.e.c.Tool.security.RateLimitFilter - Request from IP: 192.168.1.67 | URI: /boards/1/lists | Tokens remaining: 49
2026-08-12 18:49:48 INFO  c.e.c.Tool.security.RateLimitFilter - Request from IP: 192.168.1.67 | URI: /cards/lists/2/cards | Tokens remaining: 48
2026-08-12 18:49:48 INFO  c.e.c.Tool.security.RateLimitFilter - Request from IP: 192.168.1.67 | URI: /cards/lists/1/cards | Tokens remaining: 47
2026-08-12 18:49:48 INFO  c.e.c.Tool.security.RateLimitFilter - Request from IP: 192.168.1.67 | URI: /cards/lists/9/cards | Tokens remaining: 46
2026-08-12 18:49:48 INFO  c.e.c.Tool.security.RateLimitFilter - Request from IP: 192.168.1.67 | URI: /cards/lists/3/cards | Tokens remaining: 45
2026-08-12 18:49:51 INFO  c.e.c.Tool.security.RateLimitFilter - Request from IP: 192.168.1.67 | URI: /boards/workspace/4 | Tokens remaining: 47
2026-08-12 18:49:52 INFO  c.e.c.Tool.security.RateLimitFilter - Request from IP: 192.168.1.67 | URI: /boards/1/lists | Tokens remaining: 46
2026-08-12 18:49:52 INFO  c.e.c.Tool.security.RateLimitFilter - Request from IP: 192.168.1.67 | URI: /cards/lists/1/cards | Tokens remaining: 46
2026-08-12 18:49:52 INFO  c.e.c.Tool.security.RateLimitFilter - Request from IP: 192.168.1.67 | URI: /cards/lists/2/cards | Tokens remaining: 45
2026-08-12 18:49:52 INFO  c.e.c.Tool.security.RateLimitFilter - Request from IP: 192.168.1.67 | URI: /cards/lists/3/cards | Tokens remaining: 44
2026-08-12 18:49:52 INFO  c.e.c.Tool.security.RateLimitFilter - Request from IP: 192.168.1.67 | URI: /cards/lists/9/cards | Tokens remaining: 43
2026-08-12 18:49:58 INFO  c.e.c.Tool.security.RateLimitFilter - Request from IP: 192.168.1.67 | URI: /boards/workspace/4 | Tokens remaining: 47
2026-08-12 18:49:59 INFO  c.e.c.Tool.security.RateLimitFilter - Request from IP: 192.168.1.67 | URI: /boards/1/lists | Tokens remaining: 46
2026-08-12 18:49:59 INFO  c.e.c.Tool.security.RateLimitFilter - Request from IP: 192.168.1.67 | URI: /cards/lists/1/cards | Tokens remaining: 46
2026-08-12 18:49:59 INFO  c.e.c.Tool.security.RateLimitFilter - Request from IP: 192.168.1.67 | URI: /cards/lists/2/cards | Tokens remaining: 45
2026-08-12 18:49:59 INFO  c.e.c.Tool.security.RateLimitFilter - Request from IP: 192.168.1.67 | URI: /cards/lists/9/cards | Tokens remaining: 44
2026-08-12 18:49:59 INFO  c.e.c.Tool.security.RateLimitFilter - Request from IP: 192.168.1.67 | URI: /cards/lists/3/cards | Tokens remaining: 43
2026-08-12 18:50:02 INFO  c.e.c.Tool.security.RateLimitFilter - Request from IP: 192.168.1.67 | URI: /boards/workspace/4 | Tokens remaining: 44
2026-08-12 18:50:03 INFO  c.e.c.Tool.security.RateLimitFilter - Request from IP: 192.168.1.67 | URI: /boards/1/lists | Tokens remaining: 43
2026-08-12 18:50:03 INFO  c.e.c.Tool.security.RateLimitFilter - Request from IP: 192.168.1.67 | URI: /cards/lists/1/cards | Tokens remaining: 43
2026-08-12 18:50:03 INFO  c.e.c.Tool.security.RateLimitFilter - Request from IP: 192.168.1.67 | URI: /cards/lists/2/cards | Tokens remaining: 42
2026-08-12 18:50:03 INFO  c.e.c.Tool.security.RateLimitFilter - Request from IP: 192.168.1.67 | URI: /cards/lists/3/cards | Tokens remaining: 41
2026-08-12 18:50:03 INFO  c.e.c.Tool.security.RateLimitFilter - Request from IP: 192.168.1.67 | URI: /cards/lists/9/cards | Tokens remaining: 40
2026-08-12 18:50:06 INFO  c.e.c.Tool.security.RateLimitFilter - Request from IP: 192.168.1.67 | URI: /boards/workspace/4 | Tokens remaining: 41
2026-08-12 18:50:06 INFO  c.e.c.Tool.security.RateLimitFilter - Request from IP: 192.168.1.67 | URI: /boards/1/lists | Tokens remaining: 40
2026-08-12 18:50:07 INFO  c.e.c.Tool.security.RateLimitFilter - Request from IP: 192.168.1.67 | URI: /cards/lists/1/cards | Tokens remaining: 40
2026-08-12 18:50:07 INFO  c.e.c.Tool.security.RateLimitFilter - Request from IP: 192.168.1.67 | URI: /cards/lists/2/cards | Tokens remaining: 39
2026-08-12 18:50:07 INFO  c.e.c.Tool.security.RateLimitFilter - Request from IP: 192.168.1.67 | URI: /cards/lists/3/cards | Tokens remaining: 38
2026-08-12 18:50:07 INFO  c.e.c.Tool.security.RateLimitFilter - Request from IP: 192.168.1.67 | URI: /cards/lists/9/cards | Tokens remaining: 38
2026-08-12 18:50:20 INFO  c.e.c.Tool.security.RateLimitFilter - Request from IP: 192.168.1.67 | URI: /boards/workspace/8 | Tokens remaining: 47
2026-08-12 18:50:21 INFO  c.e.c.Tool.security.RateLimitFilter - Request from IP: 192.168.1.67 | URI: /boards/3/lists | Tokens remaining: 46
2026-08-12 18:50:23 INFO  c.e.c.Tool.security.RateLimitFilter - Request from IP: 192.168.1.67 | URI: /boards/workspace/4 | Tokens remaining: 47
2026-08-12 18:50:23 INFO  c.e.c.Tool.security.RateLimitFilter - Request from IP: 192.168.1.67 | URI: /boards/1/lists | Tokens remaining: 47
2026-08-12 18:50:24 INFO  c.e.c.Tool.security.RateLimitFilter - Request from IP: 192.168.1.67 | URI: /cards/lists/2/cards | Tokens remaining: 46
2026-08-12 18:50:24 INFO  c.e.c.Tool.security.RateLimitFilter - Request from IP: 192.168.1.67 | URI: /cards/lists/1/cards | Tokens remaining: 45
2026-08-12 18:50:24 INFO  c.e.c.Tool.security.RateLimitFilter - Request from IP: 192.168.1.67 | URI: /cards/lists/9/cards | Tokens remaining: 44
2026-08-12 18:50:24 INFO  c.e.c.Tool.security.RateLimitFilter - Request from IP: 192.168.1.67 | URI: /cards/lists/3/cards | Tokens remaining: 43
2026-08-12 18:50:31 INFO  c.e.c.Tool.security.RateLimitFilter - Request from IP: 192.168.1.67 | URI: /boards/workspace/4 | Tokens remaining: 48
2026-08-12 18:50:31 INFO  c.e.c.Tool.security.RateLimitFilter - Request from IP: 192.168.1.67 | URI: /boards/1/lists | Tokens remaining: 47
2026-08-12 18:50:31 INFO  c.e.c.Tool.security.RateLimitFilter - Request from IP: 192.168.1.67 | URI: /board/1/members | Tokens remaining: 46
2026-08-12 18:50:32 INFO  c.e.c.Tool.security.RateLimitFilter - Request from IP: 192.168.1.67 | URI: /cards/lists/1/cards | Tokens remaining: 46
2026-08-12 18:50:32 INFO  c.e.c.Tool.security.RateLimitFilter - Request from IP: 192.168.1.67 | URI: /cards/lists/2/cards | Tokens remaining: 45
2026-08-12 18:50:32 INFO  c.e.c.Tool.security.RateLimitFilter - Request from IP: 192.168.1.67 | URI: /cards/lists/3/cards | Tokens remaining: 45
2026-08-12 18:50:32 INFO  c.e.c.Tool.security.RateLimitFilter - Request from IP: 192.168.1.67 | URI: /cards/lists/9/cards | Tokens remaining: 43
2026-08-12 18:50:33 INFO  c.e.c.Tool.security.RateLimitFilter - Request from IP: 192.168.1.67 | URI: /workspace/my-workspaces | Tokens remaining: 42
2026-08-12 18:50:33 INFO  c.e.c.Tool.security.RateLimitFilter - Request from IP: 192.168.1.67 | URI: /user/scratchpad | Tokens remaining: 41
2026-08-12 18:50:33 INFO  c.e.c.Tool.security.RateLimitFilter - Request from IP: 192.168.1.67 | URI: /boards/starred | Tokens remaining: 40
2026-08-12 18:50:33 INFO  c.e.c.Tool.security.RateLimitFilter - Request from IP: 192.168.1.67 | URI: /user/recent-boards | Tokens remaining: 39
2026-08-12 18:50:33 INFO  c.e.c.Tool.security.RateLimitFilter - Request from IP: 192.168.1.67 | URI: /boards/workspace/8 | Tokens remaining: 39
2026-08-12 18:50:34 INFO  c.e.c.Tool.security.RateLimitFilter - Request from IP: 192.168.1.67 | URI: /boards/3/lists | Tokens remaining: 38
2026-08-12 19:01:33 INFO  c.e.c.Tool.security.RateLimitFilter - Request from IP: 192.168.1.67 | URI: /boards/workspace/9 | Tokens remaining: 50
2026-08-12 19:14:27 INFO  c.e.c.Tool.security.RateLimitFilter - Request from IP: 192.168.1.67 | URI: /boards/workspace/8 | Tokens remaining: 50
2026-08-12 19:14:27 WARN  c.e.c.Tool.security.JwtFilter - JWT Expired: JWT expired at 2026-08-12T16:03:55Z. Current time: 2026-08-12T16:14:27Z, a difference of 632797 milliseconds.  Allowed clock skew: 0 milliseconds.
2026-08-12 19:14:27 INFO  c.e.c.Tool.security.RateLimitFilter - Request from IP: 192.168.1.67 | URI: /user/refresh | Tokens remaining: 49
2026-08-12 19:14:27 INFO  c.e.c.Tool.security.RateLimitFilter - Request from IP: 192.168.1.67 | URI: /boards/workspace/8 | Tokens remaining: 48
2026-08-12 19:14:28 INFO  c.e.c.Tool.security.RateLimitFilter - Request from IP: 192.168.1.67 | URI: /boards/3/lists | Tokens remaining: 47
2026-08-12 19:14:48 INFO  c.e.c.Tool.security.RateLimitFilter - Request from IP: 192.168.1.67 | URI: /issues/active | Tokens remaining: 50
2026-08-12 19:14:58 INFO  c.e.c.Tool.security.RateLimitFilter - Request from IP: 192.168.1.67 | URI: /user/login | Tokens remaining: 50
2026-08-12 19:15:00 INFO  c.e.c.Tool.security.RateLimitFilter - Request from IP: 192.168.1.67 | URI: /workspace/my-workspaces | Tokens remaining: 50
2026-08-12 19:15:00 INFO  c.e.c.Tool.security.RateLimitFilter - Request from IP: 192.168.1.67 | URI: /user/scratchpad | Tokens remaining: 49
2026-08-12 19:15:00 INFO  c.e.c.Tool.security.RateLimitFilter - Request from IP: 192.168.1.67 | URI: /user/recent-boards | Tokens remaining: 48
2026-08-12 19:15:00 INFO  c.e.c.Tool.security.RateLimitFilter - Request from IP: 192.168.1.67 | URI: /boards/starred | Tokens remaining: 47
2026-08-12 19:15:01 INFO  c.e.c.Tool.security.RateLimitFilter - Request from IP: 192.168.1.67 | URI: /boards/workspace/8 | Tokens remaining: 46
2026-08-12 19:15:01 INFO  c.e.c.Tool.security.RateLimitFilter - Request from IP: 192.168.1.67 | URI: /boards/3/lists | Tokens remaining: 45
2026-08-12 19:15:08 INFO  c.e.c.Tool.security.RateLimitFilter - Request from IP: 192.168.1.67 | URI: /boards/workspace/9 | Tokens remaining: 50
2026-08-12 19:16:13 INFO  c.e.c.Tool.security.RateLimitFilter - Request from IP: 192.168.1.67 | URI: /boards/workspace/6 | Tokens remaining: 50
2026-08-12 19:18:47 INFO  o.s.w.s.c.WebSocketMessageBrokerStats - WebSocketSession[0 current WS(0)-HttpStream(0)-HttpPoll(0), 0 total, 0 closed abnormally (0 connect failure, 0 send limit, 0 transport error)], stompSubProtocol[processed CONNECT(0)-CONNECTED(0)-DISCONNECT(0)], stompBrokerRelay[null], inboundChannel[pool size = 0, active threads = 0, queued tasks = 0, completed tasks = 0], outboundChannel[pool size = 0, active threads = 0, queued tasks = 0, completed tasks = 0], sockJsScheduler[pool size = 4, active threads = 1, queued tasks = 1, completed tasks = 63]
2026-08-12 19:29:12 INFO  c.e.c.Tool.security.RateLimitFilter - Request from IP: 192.168.1.67 | URI: /cards/assigned-to-me | Tokens remaining: 50
2026-08-12 19:29:16 INFO  c.e.c.Tool.security.RateLimitFilter - Request from IP: 192.168.1.67 | URI: /workspace/my-invitations | Tokens remaining: 50
2026-08-12 19:31:35 INFO  o.s.boot.tomcat.GracefulShutdown - Commencing graceful shutdown. Waiting for active requests to complete
2026-08-12 19:31:35 INFO  o.s.boot.tomcat.GracefulShutdown - Graceful shutdown complete
2026-08-12 19:31:35 INFO  o.s.m.s.b.SimpleBrokerMessageHandler - Stopping...
2026-08-12 19:31:35 INFO  o.s.m.s.b.SimpleBrokerMessageHandler - BrokerAvailabilityEvent[available=false, SimpleBrokerMessageHandler [org.springframework.messaging.simp.broker.DefaultSubscriptionRegistry@f3a4502]]
2026-08-12 19:31:35 INFO  o.s.m.s.b.SimpleBrokerMessageHandler - Stopped.
2026-08-12 19:31:36 INFO  o.s.o.j.LocalContainerEntityManagerFactoryBean - Closing JPA EntityManagerFactory for persistence unit 'default'
2026-08-12 19:31:36 INFO  com.zaxxer.hikari.HikariDataSource - HikariPool-1 - Shutdown initiated...
2026-08-12 19:31:36 INFO  com.zaxxer.hikari.HikariDataSource - HikariPool-1 - Shutdown completed.
